REGION_ADM_QC_TXT,ANNEE_MOIS,SECTEUR,Total (kWh)
Abitibi-Témiscamingue,2016-01-01,COMMERCIAL,54555931.0
Abitibi-Témiscamingue,2016-01-01,INSTITUTIONNEL,31289704.2
Abitibi-Témiscamingue,2016-01-01,RÉSIDENTIEL,175643885.0
Abitibi-Témiscamingue,2016-02-01,COMMERCIAL,51096399.0
Abitibi-Témiscamingue,2016-03-01,INDUSTRIEL,311904102.8635148
Abitibi-Témiscamingue,2016-04-01,INDUSTRIEL,311410466.7587011
Abitibi-Témiscamingue,2016-04-01,INSTITUTIONNEL,23149936.12
Abitibi-Témiscamingue,2016-04-01,RÉSIDENTIEL,110055609.0
Abitibi-Témiscamingue,2016-05-01,INDUSTRIEL,304790286.4117369
Abitibi-Témiscamingue,2016-05-01,INSTITUTIONNEL,18167616.338064514
Abitibi-Témiscamingue,2016-05-01,RÉSIDENTIEL,73243391.0
Abitibi-Témiscamingue,2016-06-01,AGRICOLE,2147752.0
Abitibi-Témiscamingue,2016-07-01,AGRICOLE,2157428.0
Abitibi-Témiscamingue,2016-07-01,INDUSTRIEL,305125628.9154638
Abitibi-Témiscamingue,2016-08-01,AGRICOLE,2299003.0
Abitibi-Témiscamingue,2016-08-01,COMMERCIAL,36467709.0
Abitibi-Témiscamingue,2016-09-01,AGRICOLE,2278759.0
Abitibi-Témiscamingue,2016-09-01,INSTITUTIONNEL,16647153.6199257
Abitibi-Témiscamingue,2016-10-01,INSTITUTIONNEL,20050337.089251466
Abitibi-Témiscamingue,2016-10-01,RÉSIDENTIEL,81083606.0
Abitibi-Témiscamingue,2016-11-01,COMMERCIAL,43924253.0
Abitibi-Témiscamingue,2016-11-01,RÉSIDENTIEL,103284890.0
Abitibi-Témiscamingue,2016-12-01,AGRICOLE,3500936.0
Abitibi-Témiscamingue,2017-01-01,INDUSTRIEL,331132088.2406101
Abitibi-Témiscamingue,2017-01-01,INSTITUTIONNEL,30448988.064516127
Abitibi-Témiscamingue,2017-03-01,INDUSTRIEL,324149212.53656423
Abitibi-Témiscamingue,2017-05-01,COMMERCIAL,38635613.0
Abitibi-Témiscamingue,2017-05-01,INDUSTRIEL,296793526.2066443
Abitibi-Témiscamingue,2017-05-01,INSTITUTIONNEL,18972575.24591398
Abitibi-Témiscamingue,2017-05-01,RÉSIDENTIEL,77498866.0
Abitibi-Témiscamingue,2017-06-01,INSTITUTIONNEL,15645391.014086021
Abitibi-Témiscamingue,2017-06-01,RÉSIDENTIEL,60307092.0
Abitibi-Témiscamingue,2017-07-01,COMMERCIAL,34554084.0
Abitibi-Témiscamingue,2017-09-01,INDUSTRIEL,311281491.2675893
Abitibi-Témiscamingue,2017-10-01,AGRICOLE,2627017.0
Abitibi-Témiscamingue,2017-10-01,COMMERCIAL,38231876.0
Abitibi-Témiscamingue,2017-10-01,RÉSIDENTIEL,74065651.0
Abitibi-Témiscamingue,2017-11-01,AGRICOLE,3196758.0
Abitibi-Témiscamingue,2017-11-01,COMMERCIAL,49407267.0
Abitibi-Témiscamingue,2017-12-01,RÉSIDENTIEL,182042104.0
Abitibi-Témiscamingue,2018-01-01,INSTITUTIONNEL,34095820.48865406
Abitibi-Témiscamingue,2018-02-01,AGRICOLE,3673733.0
Abitibi-Témiscamingue,2018-02-01,RÉSIDENTIEL,153340836.0
Abitibi-Témiscamingue,2018-03-01,COMMERCIAL,53304574.0
Abitibi-Témiscamingue,2018-03-01,INDUSTRIEL,326366793.1122173
Abitibi-Témiscamingue,2018-03-01,INSTITUTIONNEL,27658345.92903226
Abitibi-Témiscamingue,2018-03-01,RÉSIDENTIEL,141076720.0
Abitibi-Témiscamingue,2018-05-01,AGRICOLE,2564316.0
Abitibi-Témiscamingue,2018-05-01,COMMERCIAL,39347654.0
Abitibi-Témiscamingue,2018-05-01,RÉSIDENTIEL,75297883.0
Abitibi-Témiscamingue,2018-06-01,INDUSTRIEL,296316350.64596725
Abitibi-Témiscamingue,2018-06-01,INSTITUTIONNEL,15511860.397419354
Abitibi-Témiscamingue,2018-07-01,INSTITUTIONNEL,15596357.59924731
Abitibi-Témiscamingue,2018-07-01,RÉSIDENTIEL,57418695.0
Abitibi-Témiscamingue,2018-08-01,RÉSIDENTIEL,57430673.0
Abitibi-Témiscamingue,2018-09-01,INSTITUTIONNEL,17219985.631505378
Abitibi-Témiscamingue,2018-11-01,INSTITUTIONNEL,27032390.932258062
Abitibi-Témiscamingue,2018-12-01,COMMERCIAL,55400637.0
Abitibi-Témiscamingue,2018-12-01,INDUSTRIEL,323280101.6227586
Abitibi-Témiscamingue,2018-12-01,INSTITUTIONNEL,30494340.990322582
Abitibi-Témiscamingue,2019-01-01,INSTITUTIONNEL,34671822.913125694
Abitibi-Témiscamingue,2019-01-01,RÉSIDENTIEL,195676320.0
Abitibi-Témiscamingue,2019-02-01,AGRICOLE,3827865.0
Abitibi-Témiscamingue,2019-02-01,COMMERCIAL,54563449.0
Abitibi-Témiscamingue,2019-02-01,INDUSTRIEL,276975270.19154966
Abitibi-Témiscamingue,2019-02-01,INSTITUTIONNEL,29787555.416551724
Abitibi-Témiscamingue,2019-04-01,INDUSTRIEL,324569342.440625
Abitibi-Témiscamingue,2019-05-01,INDUSTRIEL,324847071.24561757
Abitibi-Témiscamingue,2019-05-01,INSTITUTIONNEL,19038330.85032258
Abitibi-Témiscamingue,2019-06-01,AGRICOLE,2312332.0
Abitibi-Témiscamingue,2019-06-01,COMMERCIAL,34274491.0
Abitibi-Témiscamingue,2019-06-01,INDUSTRIEL,281865481.60179317
Abitibi-Témiscamingue,2019-07-01,AGRICOLE,2416361.0
Abitibi-Témiscamingue,2019-07-01,COMMERCIAL,36170160.0
Abitibi-Témiscamingue,2019-07-01,INSTITUTIONNEL,15110474.951182796
Abitibi-Témiscamingue,2019-08-01,COMMERCIAL,35388214.0
Abitibi-Témiscamingue,2019-08-01,RÉSIDENTIEL,57459431.0
Abitibi-Témiscamingue,2019-09-01,AGRICOLE,2517919.0
Abitibi-Témiscamingue,2019-10-01,INSTITUTIONNEL,20579593.09688172
Abitibi-Témiscamingue,2019-11-01,COMMERCIAL,50731164.0
Abitibi-Témiscamingue,2019-11-01,INDUSTRIEL,318953135.44798005
Abitibi-Témiscamingue,2019-11-01,RÉSIDENTIEL,134467257.0
Abitibi-Témiscamingue,2019-12-01,RÉSIDENTIEL,165386263.0
Abitibi-Témiscamingue,2020-01-01,INSTITUTIONNEL,30727226.26236559
Abitibi-Témiscamingue,2020-01-01,RÉSIDENTIEL,166988987.0
Abitibi-Témiscamingue,2020-02-01,AGRICOLE,3774185.0
Abitibi-Témiscamingue,2020-02-01,COMMERCIAL,54607195.0
Abitibi-Témiscamingue,2020-03-01,INDUSTRIEL,296663478.09414846
Abitibi-Témiscamingue,2020-04-01,RÉSIDENTIEL,110249730.0
Abitibi-Témiscamingue,2020-05-01,INDUSTRIEL,272521235.7876367
Abitibi-Témiscamingue,2020-06-01,INDUSTRIEL,250443638.41271526
Abitibi-Témiscamingue,2020-07-01,AGRICOLE,2452555.0
Abitibi-Témiscamingue,2020-08-01,AGRICOLE,2432805.0
Abitibi-Témiscamingue,2020-08-01,COMMERCIAL,34558607.0
Abitibi-Témiscamingue,2020-08-01,RÉSIDENTIEL,61940580.0
Abitibi-Témiscamingue,2020-09-01,COMMERCIAL,34376505.0
Abitibi-Témiscamingue,2020-11-01,COMMERCIAL,45987618.0
Abitibi-Témiscamingue,2020-11-01,INSTITUTIONNEL,24225976.08387097
Abitibi-Témiscamingue,2020-12-01,AGRICOLE,3936363.0
Abitibi-Témiscamingue,2020-12-01,INDUSTRIEL,273482425.2877816
Abitibi-Témiscamingue,2021-01-01,AGRICOLE,4007206.0
Abitibi-Témiscamingue,2021-01-01,INDUSTRIEL,281854208.01805913
Abitibi-Témiscamingue,2021-02-01,AGRICOLE,3848282.0
Abitibi-Témiscamingue,2021-02-01,INSTITUTIONNEL,28388638.09367816
Abitibi-Témiscamingue,2021-02-01,RÉSIDENTIEL,159599811.0
Abitibi-Témiscamingue,2021-03-01,AGRICOLE,3693902.0
Abitibi-Témiscamingue,2021-03-01,INDUSTRIEL,269014254.22400606
Abitibi-Témiscamingue,2021-04-01,RÉSIDENTIEL,95038186.0
Abitibi-Témiscamingue,2021-05-01,COMMERCIAL,35379145.0
Abitibi-Témiscamingue,2021-05-01,RÉSIDENTIEL,79795125.0
Abitibi-Témiscamingue,2021-07-01,AGRICOLE,2440675.0
Abitibi-Témiscamingue,2021-07-01,COMMERCIAL,33181401.0
Abitibi-Témiscamingue,2021-07-01,INDUSTRIEL,275111400.26086307
Abitibi-Témiscamingue,2021-08-01,AGRICOLE,2587720.0
Abitibi-Témiscamingue,2021-08-01,INSTITUTIONNEL,15580179.987096773
Abitibi-Témiscamingue,2021-09-01,AGRICOLE,2614768.0
Abitibi-Témiscamingue,2021-09-01,INDUSTRIEL,257010136.79485863
Abitibi-Témiscamingue,2021-09-01,RÉSIDENTIEL,62481327.0
Abitibi-Témiscamingue,2021-10-01,INDUSTRIEL,266193131.49758184
Abitibi-Témiscamingue,2021-11-01,INDUSTRIEL,241107782.6187872
Abitibi-Témiscamingue,2021-11-01,RÉSIDENTIEL,121380882.0
Abitibi-Témiscamingue,2021-12-01,INSTITUTIONNEL,30958489.454838708
Abitibi-Témiscamingue,2022-01-01,AGRICOLE,5040006.0
Abitibi-Témiscamingue,2022-02-01,RÉSIDENTIEL,174142993.0
Abitibi-Témiscamingue,2022-03-01,COMMERCIAL,52637337.0
Abitibi-Témiscamingue,2022-03-01,INDUSTRIEL,283538817.0332217
Abitibi-Témiscamingue,2022-04-01,AGRICOLE,3294580.0
Abitibi-Témiscamingue,2022-04-01,INDUSTRIEL,275404309.58475435
Abitibi-Témiscamingue,2022-04-01,RÉSIDENTIEL,112251641.0
Abitibi-Témiscamingue,2022-05-01,INDUSTRIEL,261676540.84250695
Abitibi-Témiscamingue,2022-05-01,INSTITUTIONNEL,16996040.206989247
Abitibi-Témiscamingue,2022-06-01,COMMERCIAL,32483577.0
Abitibi-Témiscamingue,2022-07-01,AGRICOLE,2601644.0
Abitibi-Témiscamingue,2022-07-01,RÉSIDENTIEL,62063773.0
Abitibi-Témiscamingue,2022-08-01,COMMERCIAL,32809147.0
Abitibi-Témiscamingue,2022-09-01,AGRICOLE,2726106.0
Abitibi-Témiscamingue,2022-09-01,INSTITUTIONNEL,16689665.887741935
Abitibi-Témiscamingue,2022-10-01,INSTITUTIONNEL,20169058.538064517
Abitibi-Témiscamingue,2022-10-01,RÉSIDENTIEL,85310319.0
Abitibi-Témiscamingue,2022-11-01,INDUSTRIEL,274282310.155979
Abitibi-Témiscamingue,2022-11-01,RÉSIDENTIEL,121415751.0
Abitibi-Témiscamingue,2022-12-01,AGRICOLE,4138223.0
Abitibi-Témiscamingue,2022-12-01,COMMERCIAL,53029654.0
Abitibi-Témiscamingue,2022-12-01,INSTITUTIONNEL,30099472.412903227
Abitibi-Témiscamingue,2023-01-01,INDUSTRIEL,290115644.1939409
Abitibi-Témiscamingue,2023-03-01,AGRICOLE,4120292.0
Abitibi-Témiscamingue,2023-03-01,INSTITUTIONNEL,28224486.35333333
Abitibi-Témiscamingue,2023-03-01,RÉSIDENTIEL,148395246.0
Abitibi-Témiscamingue,2023-04-01,COMMERCIAL,39719877.0
Abitibi-Témiscamingue,2023-04-01,INDUSTRIEL,279709135.2708334
Abitibi-Témiscamingue,2023-04-01,INSTITUTIONNEL,21954965.03
Abitibi-Témiscamingue,2023-05-01,INDUSTRIEL,255391388.03791964
Abitibi-Témiscamingue,2023-05-01,RÉSIDENTIEL,80270938.0
Abitibi-Témiscamingue,2023-07-01,AGRICOLE,2739979.0
Abitibi-Témiscamingue,2023-07-01,COMMERCIAL,31742198.0
Abitibi-Témiscamingue,2023-09-01,AGRICOLE,2925128.0
Abitibi-Témiscamingue,2023-09-01,INDUSTRIEL,258081185.69046134
Abitibi-Témiscamingue,2023-09-01,INSTITUTIONNEL,16405239.80731183
Abitibi-Témiscamingue,2023-09-01,RÉSIDENTIEL,61231407.0
Abitibi-Témiscamingue,2023-10-01,AGRICOLE,3207214.0
Abitibi-Témiscamingue,2023-10-01,INDUSTRIEL,272327716.4065774
Abitibi-Témiscamingue,2023-10-01,INSTITUTIONNEL,20397418.33139785
Abitibi-Témiscamingue,2023-10-01,RÉSIDENTIEL,85526555.0
Abitibi-Témiscamingue,2023-11-01,INDUSTRIEL,281147439.3509821
Abitibi-Témiscamingue,2023-12-01,INSTITUTIONNEL,28692887.18064516
Abitibi-Témiscamingue,2023-12-01,RÉSIDENTIEL,155889374.0
Bas-Saint-Laurent,2016-01-01,INSTITUTIONNEL,
Bas-Saint-Laurent,2016-02-01,INSTITUTIONNEL,
Bas-Saint-Laurent,2016-03-01,INDUSTRIEL,
Bas-Saint-Laurent,2016-03-01,INSTITUTIONNEL,
Bas-Saint-Laurent,2016-03-01,RÉSIDENTIEL,
Bas-Saint-Laurent,2016-04-01,INDUSTRIEL,
Bas-Saint-Laurent,2016-05-01,COMMERCIAL,
Bas-Saint-Laurent,2016-06-01,INSTITUTIONNEL,
Bas-Saint-Laurent,2016-06-01,RÉSIDENTIEL,
Bas-Saint-Laurent,2016-07-01,AGRICOLE,
Bas-Saint-Laurent,2016-07-01,COMMERCIAL,
Bas-Saint-Laurent,2016-07-01,RÉSIDENTIEL,
Bas-Saint-Laurent,2016-08-01,RÉSIDENTIEL,
Bas-Saint-Laurent,2016-09-01,AGRICOLE,
Bas-Saint-Laurent,2016-09-01,RÉSIDENTIEL,
Bas-Saint-Laurent,2016-10-01,COMMERCIAL,
Bas-Saint-Laurent,2016-10-01,INSTITUTIONNEL,
Bas-Saint-Laurent,2016-10-01,RÉSIDENTIEL,
Bas-Saint-Laurent,2016-11-01,AGRICOLE,
Bas-Saint-Laurent,2016-12-01,AGRICOLE,
Bas-Saint-Laurent,2017-01-01,AGRICOLE,
Bas-Saint-Laurent,2017-01-01,INSTITUTIONNEL,
Bas-Saint-Laurent,2017-02-01,COMMERCIAL,
Bas-Saint-Laurent,2017-02-01,INDUSTRIEL,
Bas-Saint-Laurent,2017-02-01,INSTITUTIONNEL,
Bas-Saint-Laurent,2017-03-01,COMMERCIAL,
Bas-Saint-Laurent,2017-03-01,RÉSIDENTIEL,
Bas-Saint-Laurent,2017-04-01,AGRICOLE,
Bas-Saint-Laurent,2017-05-01,COMMERCIAL,
Bas-Saint-Laurent,2017-06-01,COMMERCIAL,
Bas-Saint-Laurent,2017-07-01,INDUSTRIEL,
Bas-Saint-Laurent,2017-07-01,INSTITUTIONNEL,
Bas-Saint-Laurent,2017-07-01,RÉSIDENTIEL,
Bas-Saint-Laurent,2017-08-01,AGRICOLE,
Bas-Saint-Laurent,2017-10-01,AGRICOLE,
Bas-Saint-Laurent,2017-11-01,INDUSTRIEL,
Bas-Saint-Laurent,2017-11-01,INSTITUTIONNEL,
Bas-Saint-Laurent,2017-12-01,INDUSTRIEL,
Bas-Saint-Laurent,2018-02-01,AGRICOLE,
Bas-Saint-Laurent,2018-02-01,INDUSTRIEL,
Bas-Saint-Laurent,2018-03-01,AGRICOLE,
Bas-Saint-Laurent,2018-03-01,COMMERCIAL,
Bas-Saint-Laurent,2018-03-01,INSTITUTIONNEL,
Bas-Saint-Laurent,2018-03-01,RÉSIDENTIEL,
Bas-Saint-Laurent,2018-04-01,COMMERCIAL,
Bas-Saint-Laurent,2018-04-01,INDUSTRIEL,
Bas-Saint-Laurent,2018-04-01,INSTITUTIONNEL,
Bas-Saint-Laurent,2018-05-01,AGRICOLE,
Bas-Saint-Laurent,2018-05-01,COMMERCIAL,
Bas-Saint-Laurent,2018-05-01,INSTITUTIONNEL,
Bas-Saint-Laurent,2018-06-01,COMMERCIAL,
Bas-Saint-Laurent,2018-06-01,INSTITUTIONNEL,
Bas-Saint-Laurent,2018-06-01,RÉSIDENTIEL,
Bas-Saint-Laurent,2018-07-01,INDUSTRIEL,
Bas-Saint-Laurent,2018-08-01,INDUSTRIEL,
Bas-Saint-Laurent,2018-09-01,COMMERCIAL,
Bas-Saint-Laurent,2018-09-01,INSTITUTIONNEL,
Bas-Saint-Laurent,2018-10-01,AGRICOLE,
Bas-Saint-Laurent,2018-10-01,INSTITUTIONNEL,
Bas-Saint-Laurent,2018-12-01,COMMERCIAL,
Bas-Saint-Laurent,2018-12-01,INSTITUTIONNEL,
Bas-Saint-Laurent,2019-01-01,COMMERCIAL,
Bas-Saint-Laurent,2019-01-01,INDUSTRIEL,
Bas-Saint-Laurent,2019-02-01,AGRICOLE,
Bas-Saint-Laurent,2019-02-01,COMMERCIAL,
Bas-Saint-Laurent,2019-04-01,INSTITUTIONNEL,
Bas-Saint-Laurent,2019-06-01,INSTITUTIONNEL,
Bas-Saint-Laurent,2019-06-01,RÉSIDENTIEL,
Bas-Saint-Laurent,2019-07-01,INSTITUTIONNEL,
Bas-Saint-Laurent,2019-07-01,RÉSIDENTIEL,
Bas-Saint-Laurent,2019-08-01,INSTITUTIONNEL,
Bas-Saint-Laurent,2019-09-01,AGRICOLE,
Bas-Saint-Laurent,2019-10-01,RÉSIDENTIEL,
Bas-Saint-Laurent,2019-11-01,INDUSTRIEL,
Bas-Saint-Laurent,2019-11-01,RÉSIDENTIEL,
Bas-Saint-Laurent,2019-12-01,INSTITUTIONNEL,
Bas-Saint-Laurent,2020-02-01,INSTITUTIONNEL,
Bas-Saint-Laurent,2020-03-01,INSTITUTIONNEL,
Bas-Saint-Laurent,2020-04-01,COMMERCIAL,
Bas-Saint-Laurent,2020-04-01,RÉSIDENTIEL,
Bas-Saint-Laurent,2020-05-01,AGRICOLE,
Bas-Saint-Laurent,2020-05-01,INSTITUTIONNEL,
Bas-Saint-Laurent,2020-07-01,AGRICOLE,
Bas-Saint-Laurent,2020-07-01,COMMERCIAL,
Bas-Saint-Laurent,2020-07-01,INDUSTRIEL,
Bas-Saint-Laurent,2020-08-01,AGRICOLE,
Bas-Saint-Laurent,2020-08-01,COMMERCIAL,
Bas-Saint-Laurent,2020-08-01,INSTITUTIONNEL,
Bas-Saint-Laurent,2020-10-01,INDUSTRIEL,
Bas-Saint-Laurent,2020-11-01,AGRICOLE,
Bas-Saint-Laurent,2020-11-01,INDUSTRIEL,
Bas-Saint-Laurent,2020-11-01,INSTITUTIONNEL,
Bas-Saint-Laurent,2020-12-01,COMMERCIAL,
Bas-Saint-Laurent,2020-12-01,INDUSTRIEL,
Bas-Saint-Laurent,2021-02-01,AGRICOLE,
Bas-Saint-Laurent,2021-02-01,INDUSTRIEL,
Bas-Saint-Laurent,2021-02-01,INSTITUTIONNEL,
Bas-Saint-Laurent,2021-05-01,AGRICOLE,
Bas-Saint-Laurent,2021-05-01,COMMERCIAL,
Bas-Saint-Laurent,2021-07-01,INDUSTRIEL,
Bas-Saint-Laurent,2021-09-01,INDUSTRIEL,
Bas-Saint-Laurent,2021-09-01,INSTITUTIONNEL,
Bas-Saint-Laurent,2021-09-01,RÉSIDENTIEL,
Bas-Saint-Laurent,2021-10-01,AGRICOLE,
Bas-Saint-Laurent,2021-10-01,INSTITUTIONNEL,
Bas-Saint-Laurent,2021-10-01,RÉSIDENTIEL,
Bas-Saint-Laurent,2021-11-01,AGRICOLE,
Bas-Saint-Laurent,2021-12-01,INDUSTRIEL,
Bas-Saint-Laurent,2022-01-01,AGRICOLE,
Bas-Saint-Laurent,2022-01-01,INDUSTRIEL,
Bas-Saint-Laurent,2022-01-01,INSTITUTIONNEL,
Bas-Saint-Laurent,2022-02-01,AGRICOLE,
Bas-Saint-Laurent,2022-02-01,INSTITUTIONNEL,
Bas-Saint-Laurent,2022-03-01,INSTITUTIONNEL,
Bas-Saint-Laurent,2022-04-01,INDUSTRIEL,
Bas-Saint-Laurent,2022-04-01,INSTITUTIONNEL,
Bas-Saint-Laurent,2022-05-01,AGRICOLE,
Bas-Saint-Laurent,2022-05-01,INDUSTRIEL,
Bas-Saint-Laurent,2022-05-01,INSTITUTIONNEL,
Bas-Saint-Laurent,2022-07-01,RÉSIDENTIEL,
Bas-Saint-Laurent,2022-08-01,AGRICOLE,
Bas-Saint-Laurent,2022-09-01,INDUSTRIEL,
Bas-Saint-Laurent,2022-10-01,INDUSTRIEL,
Bas-Saint-Laurent,2022-11-01,COMMERCIAL,
Bas-Saint-Laurent,2022-11-01,RÉSIDENTIEL,
Bas-Saint-Laurent,2022-12-01,COMMERCIAL,
Bas-Saint-Laurent,2022-12-01,INDUSTRIEL,
Bas-Saint-Laurent,2023-02-01,INDUSTRIEL,
Bas-Saint-Laurent,2023-03-01,RÉSIDENTIEL,
Bas-Saint-Laurent,2023-05-01,AGRICOLE,
Bas-Saint-Laurent,2023-05-01,INDUSTRIEL,
Bas-Saint-Laurent,2023-05-01,INSTITUTIONNEL,
Bas-Saint-Laurent,2023-06-01,RÉSIDENTIEL,
Bas-Saint-Laurent,2023-07-01,AGRICOLE,
Bas-Saint-Laurent,2023-07-01,INSTITUTIONNEL,
Bas-Saint-Laurent,2023-08-01,AGRICOLE,
Bas-Saint-Laurent,2023-08-01,INSTITUTIONNEL,
Bas-Saint-Laurent,2023-09-01,INDUSTRIEL,
Bas-Saint-Laurent,2023-09-01,RÉSIDENTIEL,
Bas-Saint-Laurent,2023-10-01,AGRICOLE,
Bas-Saint-Laurent,2023-11-01,INDUSTRIEL,
Bas-Saint-Laurent,2023-12-01,INSTITUTIONNEL,
Capitale-Nationale,2016-01-01,AGRICOLE,8833524.0
Capitale-Nationale,2016-01-01,INSTITUTIONNEL,88510441.9
Capitale-Nationale,2016-02-01,AGRICOLE,8075924.0
Capitale-Nationale,2016-02-01,COMMERCIAL,295150210.6
Capitale-Nationale,2016-02-01,INSTITUTIONNEL,83724279.8
Capitale-Nationale,2016-03-01,COMMERCIAL,287868254.5
Capitale-Nationale,2016-03-01,INDUSTRIEL,533814027.90000004
Capitale-Nationale,2016-04-01,INDUSTRIEL,520108677.5
Capitale-Nationale,2016-04-01,INSTITUTIONNEL,74534861.3
Capitale-Nationale,2016-06-01,INDUSTRIEL,510263032.8
Capitale-Nationale,2016-06-01,RÉSIDENTIEL,307337529.0
Capitale-Nationale,2016-08-01,RÉSIDENTIEL,316227763.0
Capitale-Nationale,2016-09-01,AGRICOLE,5011443.0
Capitale-Nationale,2016-09-01,INSTITUTIONNEL,63327267.9
Capitale-Nationale,2016-09-01,RÉSIDENTIEL,291459231.0
Capitale-Nationale,2016-10-01,COMMERCIAL,238437733.20000002
Capitale-Nationale,2016-10-01,INSTITUTIONNEL,69984416.6
Capitale-Nationale,2016-12-01,COMMERCIAL,316666256.20000005
Capitale-Nationale,2016-12-01,INSTITUTIONNEL,85184196.2
Capitale-Nationale,2016-12-01,RÉSIDENTIEL,807360294.0
Capitale-Nationale,2017-02-01,COMMERCIAL,292648286.6
Capitale-Nationale,2017-03-01,AGRICOLE,7775474.0
Capitale-Nationale,2017-03-01,INDUSTRIEL,540935659.8
Capitale-Nationale,2017-04-01,AGRICOLE,6352397.0
Capitale-Nationale,2017-04-01,RÉSIDENTIEL,508867958.0
Capitale-Nationale,2017-05-01,INDUSTRIEL,535968732.6
Capitale-Nationale,2017-05-01,RÉSIDENTIEL,382371204.0
Capitale-Nationale,2017-06-01,AGRICOLE,4715273.0
Capitale-Nationale,2017-06-01,INDUSTRIEL,525493819.8
Capitale-Nationale,2017-06-01,RÉSIDENTIEL,309375617.0
Capitale-Nationale,2017-07-01,INDUSTRIEL,545773028.8
Capitale-Nationale,2017-07-01,INSTITUTIONNEL,58582536.300000004
Capitale-Nationale,2017-07-01,RÉSIDENTIEL,307832380.0
Capitale-Nationale,2017-08-01,INSTITUTIONNEL,60914314.699999996
Capitale-Nationale,2017-08-01,RÉSIDENTIEL,310442315.0
Capitale-Nationale,2017-09-01,AGRICOLE,5289726.0
Capitale-Nationale,2017-09-01,INDUSTRIEL,529767574.1
Capitale-Nationale,2017-10-01,COMMERCIAL,236717139.9
Capitale-Nationale,2017-10-01,INDUSTRIEL,550930285.8
Capitale-Nationale,2017-10-01,RÉSIDENTIEL,353062472.0
Capitale-Nationale,2017-11-01,AGRICOLE,7869586.0
Capitale-Nationale,2017-11-01,INSTITUTIONNEL,80675614.9
Capitale-Nationale,2017-12-01,COMMERCIAL,337034960.3
Capitale-Nationale,2017-12-01,INDUSTRIEL,545949701.8
Capitale-Nationale,2018-01-01,AGRICOLE,9798744.0
Capitale-Nationale,2018-01-01,INDUSTRIEL,538293077.0612903
Capitale-Nationale,2018-01-01,INSTITUTIONNEL,95817709.7
Capitale-Nationale,2018-02-01,AGRICOLE,7950560.0
Capitale-Nationale,2018-02-01,COMMERCIAL,289811185.1
Capitale-Nationale,2018-04-01,COMMERCIAL,259700264.3
Capitale-Nationale,2018-04-01,INDUSTRIEL,541599448.1584947
Capitale-Nationale,2018-04-01,INSTITUTIONNEL,76754421.7
Capitale-Nationale,2018-05-01,INSTITUTIONNEL,67279456.2
Capitale-Nationale,2018-05-01,RÉSIDENTIEL,362421530.0
Capitale-Nationale,2018-06-01,AGRICOLE,4576744.0
Capitale-Nationale,2018-06-01,COMMERCIAL,234540896.3
Capitale-Nationale,2018-07-01,AGRICOLE,5052468.0
Capitale-Nationale,2018-08-01,COMMERCIAL,261678346.4
Capitale-Nationale,2018-08-01,INDUSTRIEL,555103577.2677419
Capitale-Nationale,2018-08-01,RÉSIDENTIEL,318400438.0
Capitale-Nationale,2018-09-01,AGRICOLE,4722757.0
Capitale-Nationale,2018-09-01,RÉSIDENTIEL,308298427.0
Capitale-Nationale,2018-11-01,AGRICOLE,7651434.0
Capitale-Nationale,2018-12-01,COMMERCIAL,329199006.9
Capitale-Nationale,2019-01-01,AGRICOLE,9748991.0
Capitale-Nationale,2019-02-01,AGRICOLE,8407868.0
Capitale-Nationale,2019-02-01,COMMERCIAL,312631523.5
Capitale-Nationale,2019-03-01,COMMERCIAL,307601711.3
Capitale-Nationale,2019-03-01,INDUSTRIEL,567305684.4935484
Capitale-Nationale,2019-03-01,INSTITUTIONNEL,87142150.1
Capitale-Nationale,2019-04-01,INDUSTRIEL,533756464.70645165
Capitale-Nationale,2019-04-01,RÉSIDENTIEL,556925879.0
Capitale-Nationale,2019-05-01,AGRICOLE,5168117.0
Capitale-Nationale,2019-05-01,INDUSTRIEL,539080193.2225807
Capitale-Nationale,2019-05-01,INSTITUTIONNEL,68587542.4
Capitale-Nationale,2019-06-01,AGRICOLE,4458030.0
Capitale-Nationale,2019-06-01,RÉSIDENTIEL,319875693.0
Capitale-Nationale,2019-07-01,COMMERCIAL,258943409.9
Capitale-Nationale,2019-07-01,INDUSTRIEL,526145835.1098925
Capitale-Nationale,2019-07-01,INSTITUTIONNEL,61038541.099999994
Capitale-Nationale,2019-08-01,AGRICOLE,4898535.0
Capitale-Nationale,2019-08-01,INSTITUTIONNEL,61934568.0
Capitale-Nationale,2019-09-01,INDUSTRIEL,505648657.1070968
Capitale-Nationale,2019-11-01,INDUSTRIEL,533956851.2656796
Capitale-Nationale,2020-01-01,COMMERCIAL,330263441.4
Capitale-Nationale,2020-01-01,INDUSTRIEL,527427722.3903226
Capitale-Nationale,2020-01-01,INSTITUTIONNEL,91256442.2
Capitale-Nationale,2020-01-01,RÉSIDENTIEL,850590246.0
Capitale-Nationale,2020-03-01,AGRICOLE,8026179.0
Capitale-Nationale,2020-04-01,RÉSIDENTIEL,562603381.0
Capitale-Nationale,2020-05-01,COMMERCIAL,212156881.4
Capitale-Nationale,2020-05-01,INSTITUTIONNEL,60226663.199999996
Capitale-Nationale,2020-07-01,RÉSIDENTIEL,343267179.0
Capitale-Nationale,2020-08-01,RÉSIDENTIEL,336055871.0
Capitale-Nationale,2020-09-01,INSTITUTIONNEL,60036112.3
Capitale-Nationale,2020-10-01,INDUSTRIEL,524339775.7709677
Capitale-Nationale,2020-10-01,INSTITUTIONNEL,70184211.7
Capitale-Nationale,2020-12-01,AGRICOLE,8379584.0
Capitale-Nationale,2021-02-01,INSTITUTIONNEL,80806015.3
Capitale-Nationale,2021-02-01,RÉSIDENTIEL,776582748.0
Capitale-Nationale,2021-03-01,INDUSTRIEL,544052300.8403226
Capitale-Nationale,2021-05-01,AGRICOLE,5032984.0
Capitale-Nationale,2021-05-01,COMMERCIAL,224711748.10000002
Capitale-Nationale,2021-05-01,INDUSTRIEL,548922448.3931183
Capitale-Nationale,2021-06-01,AGRICOLE,4882761.0
Capitale-Nationale,2021-07-01,COMMERCIAL,242588620.6
Capitale-Nationale,2021-07-01,INDUSTRIEL,542989402.4782796
Capitale-Nationale,2021-08-01,AGRICOLE,5796102.0
Capitale-Nationale,2021-08-01,INDUSTRIEL,546112257.5645161
Capitale-Nationale,2021-09-01,INSTITUTIONNEL,59136481.2
Capitale-Nationale,2021-10-01,INDUSTRIEL,551214266.2735484
Capitale-Nationale,2021-11-01,INDUSTRIEL,548157184.7731183
Capitale-Nationale,2021-11-01,INSTITUTIONNEL,76039276.10000001
Capitale-Nationale,2021-12-01,COMMERCIAL,328031207.32857144
Capitale-Nationale,2022-01-01,AGRICOLE,9740422.0
Capitale-Nationale,2022-02-01,AGRICOLE,8336633.0
Capitale-Nationale,2022-02-01,INDUSTRIEL,502582495.767742
Capitale-Nationale,2022-02-01,INSTITUTIONNEL,83099931.0
Capitale-Nationale,2022-03-01,AGRICOLE,8188961.0
Capitale-Nationale,2022-03-01,COMMERCIAL,311142168.1
Capitale-Nationale,2022-03-01,INDUSTRIEL,564967103.683871
Capitale-Nationale,2022-03-01,RÉSIDENTIEL,751244436.0
Capitale-Nationale,2022-04-01,INDUSTRIEL,542968339.0094624
Capitale-Nationale,2022-05-01,AGRICOLE,5426042.0
Capitale-Nationale,2022-05-01,RÉSIDENTIEL,376310661.0
Capitale-Nationale,2022-06-01,COMMERCIAL,234966980.3
Capitale-Nationale,2022-06-01,INDUSTRIEL,535517063.2989248
Capitale-Nationale,2022-06-01,INSTITUTIONNEL,57194848.400000006
Capitale-Nationale,2022-06-01,RÉSIDENTIEL,336117867.0
Capitale-Nationale,2022-07-01,AGRICOLE,5475518.0
Capitale-Nationale,2022-07-01,COMMERCIAL,251557374.3
Capitale-Nationale,2022-09-01,INDUSTRIEL,536866840.01462364
Capitale-Nationale,2022-10-01,AGRICOLE,6060635.0
Capitale-Nationale,2022-10-01,INDUSTRIEL,558259314.7176344
Capitale-Nationale,2022-11-01,AGRICOLE,7169721.0
Capitale-Nationale,2022-11-01,RÉSIDENTIEL,588054866.0
Capitale-Nationale,2022-12-01,COMMERCIAL,315015120.7
Capitale-Nationale,2022-12-01,INDUSTRIEL,569439423.488172
Capitale-Nationale,2023-01-01,COMMERCIAL,328362081.29999995
Capitale-Nationale,2023-01-01,INDUSTRIEL,553859547.8032259
Capitale-Nationale,2023-03-01,AGRICOLE,7757256.0
Capitale-Nationale,2023-04-01,AGRICOLE,6714921.0
Capitale-Nationale,2023-04-01,COMMERCIAL,254239881.1
Capitale-Nationale,2023-05-01,AGRICOLE,5470204.0
Capitale-Nationale,2023-07-01,AGRICOLE,5762879.0
Capitale-Nationale,2023-07-01,INSTITUTIONNEL,60527473.49999999
Capitale-Nationale,2023-08-01,COMMERCIAL,250450864.0
Capitale-Nationale,2023-10-01,COMMERCIAL,248784273.3
Capitale-Nationale,2023-10-01,INSTITUTIONNEL,66336371.199999996
Capitale-Nationale,2023-12-01,AGRICOLE,8382247.0
Capitale-Nationale,2023-12-01,COMMERCIAL,322219727.6
Capitale-Nationale,2023-12-01,RÉSIDENTIEL,790271778.0
Centre-du-Québec,2016-01-01,INSTITUTIONNEL,23418677.867741935
Centre-du-Québec,2016-02-01,COMMERCIAL,69810579.27241379
Centre-du-Québec,2016-02-01,INDUSTRIEL,687599372.0666121
Centre-du-Québec,2016-05-01,INSTITUTIONNEL,16867943.795698926
Centre-du-Québec,2016-05-01,RÉSIDENTIEL,116950959.0
Centre-du-Québec,2016-06-01,COMMERCIAL,56518465.35569893
Centre-du-Québec,2016-06-01,RÉSIDENTIEL,101368449.0
Centre-du-Québec,2016-08-01,COMMERCIAL,60536525.0
Centre-du-Québec,2016-08-01,INSTITUTIONNEL,16260674.251612902
Centre-du-Québec,2016-09-01,INDUSTRIEL,665032863.7945316
Centre-du-Québec,2016-09-01,INSTITUTIONNEL,16745288.658602152
Centre-du-Québec,2016-09-01,RÉSIDENTIEL,94385062.0
Centre-du-Québec,2016-10-01,COMMERCIAL,59460025.4
Centre-du-Québec,2016-10-01,INSTITUTIONNEL,18637387.5188172
Centre-du-Québec,2016-11-01,COMMERCIAL,64031674.8
Centre-du-Québec,2016-12-01,COMMERCIAL,75404407.4
Centre-du-Québec,2017-01-01,INDUSTRIEL,722439246.2412212
Centre-du-Québec,2017-02-01,INDUSTRIEL,658862182.7162672
Centre-du-Québec,2017-03-01,AGRICOLE,27088442.0
Centre-du-Québec,2017-03-01,RÉSIDENTIEL,235564410.0
Centre-du-Québec,2017-04-01,AGRICOLE,22290854.0
Centre-du-Québec,2017-04-01,INSTITUTIONNEL,18881928.6
Centre-du-Québec,2017-04-01,RÉSIDENTIEL,155286089.0
Centre-du-Québec,2017-05-01,RÉSIDENTIEL,121257658.0
Centre-du-Québec,2017-06-01,AGRICOLE,19686589.0
Centre-du-Québec,2017-06-01,RÉSIDENTIEL,102484271.0
Centre-du-Québec,2017-07-01,RÉSIDENTIEL,103902067.0
Centre-du-Québec,2017-08-01,COMMERCIAL,60703078.900000006
Centre-du-Québec,2017-08-01,INSTITUTIONNEL,15983423.212903226
Centre-du-Québec,2017-11-01,AGRICOLE,23869194.0
Centre-du-Québec,2017-11-01,COMMERCIAL,71262592.3
Centre-du-Québec,2017-11-01,RÉSIDENTIEL,186941332.0
Centre-du-Québec,2017-12-01,AGRICOLE,27509285.0
Centre-du-Québec,2018-01-01,AGRICOLE,28747995.0
Centre-du-Québec,2018-01-01,INSTITUTIONNEL,25718766.48064516
Centre-du-Québec,2018-03-01,INDUSTRIEL,376122606.01538163
Centre-du-Québec,2018-04-01,INDUSTRIEL,340244135.1070965
Centre-du-Québec,2018-05-01,COMMERCIAL,62150969.0
Centre-du-Québec,2018-07-01,AGRICOLE,22564194.0
Centre-du-Québec,2018-08-01,AGRICOLE,22670122.0
Centre-du-Québec,2018-09-01,INDUSTRIEL,336155177.88258654
Centre-du-Québec,2018-10-01,AGRICOLE,22624868.0
Centre-du-Québec,2018-10-01,COMMERCIAL,69328891.4
Centre-du-Québec,2018-11-01,INDUSTRIEL,347267654.37308204
Centre-du-Québec,2019-03-01,AGRICOLE,26993582.0
Centre-du-Québec,2019-03-01,COMMERCIAL,79764199.5
Centre-du-Québec,2019-03-01,RÉSIDENTIEL,232996940.0
Centre-du-Québec,2019-04-01,AGRICOLE,24710803.0
Centre-du-Québec,2019-05-01,AGRICOLE,20454316.0
Centre-du-Québec,2019-06-01,AGRICOLE,19881043.0
Centre-du-Québec,2019-07-01,AGRICOLE,22744945.0
Centre-du-Québec,2019-08-01,COMMERCIAL,65467490.9
Centre-du-Québec,2019-08-01,INSTITUTIONNEL,16315076.332258064
Centre-du-Québec,2019-08-01,RÉSIDENTIEL,107553770.0
Centre-du-Québec,2019-09-01,COMMERCIAL,61081570.0
Centre-du-Québec,2019-09-01,INSTITUTIONNEL,16757974.359677419
Centre-du-Québec,2019-10-01,AGRICOLE,21768487.0
Centre-du-Québec,2019-10-01,INDUSTRIEL,244704204.0730633
Centre-du-Québec,2019-11-01,COMMERCIAL,77180509.8
Centre-du-Québec,2019-11-01,INDUSTRIEL,291310294.5313565
Centre-du-Québec,2019-12-01,RÉSIDENTIEL,255742567.0
Centre-du-Québec,2020-01-01,AGRICOLE,27211197.0
Centre-du-Québec,2020-01-01,INDUSTRIEL,463946677.58064514
Centre-du-Québec,2020-01-01,INSTITUTIONNEL,24585616.396774195
Centre-du-Québec,2020-02-01,INSTITUTIONNEL,23256588.801557288
Centre-du-Québec,2020-02-01,RÉSIDENTIEL,242842294.0
Centre-du-Québec,2020-03-01,AGRICOLE,27237314.0
Centre-du-Québec,2020-03-01,RÉSIDENTIEL,216041814.0
Centre-du-Québec,2020-04-01,INDUSTRIEL,611038523.8889409
Centre-du-Québec,2020-04-01,INSTITUTIONNEL,17923584.333333336
Centre-du-Québec,2020-05-01,AGRICOLE,21664199.0
Centre-du-Québec,2020-05-01,INSTITUTIONNEL,16459082.882795699
Centre-du-Québec,2020-05-01,RÉSIDENTIEL,136808677.0
Centre-du-Québec,2020-06-01,AGRICOLE,21474525.0
Centre-du-Québec,2020-06-01,INSTITUTIONNEL,15118151.483870968
Centre-du-Québec,2020-06-01,RÉSIDENTIEL,114634104.0
Centre-du-Québec,2020-07-01,INSTITUTIONNEL,15607482.670967743
Centre-du-Québec,2020-08-01,RÉSIDENTIEL,114488893.0
Centre-du-Québec,2020-09-01,INDUSTRIEL,666493143.7438915
Centre-du-Québec,2020-09-01,INSTITUTIONNEL,16760392.848387096
Centre-du-Québec,2020-09-01,RÉSIDENTIEL,106147365.0
Centre-du-Québec,2020-11-01,INSTITUTIONNEL,19905220.064516127
Centre-du-Québec,2020-11-01,RÉSIDENTIEL,177614153.0
Centre-du-Québec,2020-12-01,AGRICOLE,26433574.0
Centre-du-Québec,2021-02-01,AGRICOLE,25551340.0
Centre-du-Québec,2021-02-01,INDUSTRIEL,668584230.0623809
Centre-du-Québec,2021-03-01,AGRICOLE,28276316.0
Centre-du-Québec,2021-04-01,COMMERCIAL,65320147.400000006
Centre-du-Québec,2021-04-01,INDUSTRIEL,729133559.1659826
Centre-du-Québec,2021-04-01,INSTITUTIONNEL,18414340.183333334
Centre-du-Québec,2021-05-01,AGRICOLE,21543293.0
Centre-du-Québec,2021-05-01,INSTITUTIONNEL,17031483.16182796
Centre-du-Québec,2021-05-01,RÉSIDENTIEL,125705108.0
Centre-du-Québec,2021-06-01,INDUSTRIEL,728105757.5849206
Centre-du-Québec,2021-07-01,AGRICOLE,23150263.0
Centre-du-Québec,2021-07-01,RÉSIDENTIEL,116023401.0
Centre-du-Québec,2021-09-01,COMMERCIAL,66050549.9
Centre-du-Québec,2021-09-01,INSTITUTIONNEL,16835595.024193548
Centre-du-Québec,2021-11-01,INDUSTRIEL,740981812.106977
Centre-du-Québec,2021-12-01,COMMERCIAL,86714167.3
Centre-du-Québec,2021-12-01,INSTITUTIONNEL,24240554.141935483
Centre-du-Québec,2022-02-01,INDUSTRIEL,689412291.3550923
Centre-du-Québec,2022-03-01,INDUSTRIEL,765736711.3980954
Centre-du-Québec,2022-03-01,INSTITUTIONNEL,23542157.307142857
Centre-du-Québec,2022-04-01,COMMERCIAL,69964145.2
Centre-du-Québec,2022-04-01,INDUSTRIEL,725616914.4268254
Centre-du-Québec,2022-05-01,COMMERCIAL,67296242.4
Centre-du-Québec,2022-05-01,INSTITUTIONNEL,17105570.72311828
Centre-du-Québec,2022-06-01,INDUSTRIEL,736194861.6517333
Centre-du-Québec,2022-08-01,INDUSTRIEL,747018868.5347695
Centre-du-Québec,2022-09-01,INSTITUTIONNEL,17378461.6344086
Centre-du-Québec,2022-11-01,AGRICOLE,26212840.0
Centre-du-Québec,2022-12-01,AGRICOLE,27652314.0
Centre-du-Québec,2022-12-01,COMMERCIAL,85206756.0
Centre-du-Québec,2023-01-01,INSTITUTIONNEL,24711821.7516129
Centre-du-Québec,2023-01-01,RÉSIDENTIEL,265870250.0
Centre-du-Québec,2023-02-01,RÉSIDENTIEL,257738921.0
Centre-du-Québec,2023-03-01,RÉSIDENTIEL,226785129.0
Centre-du-Québec,2023-05-01,COMMERCIAL,67892066.3
Centre-du-Québec,2023-05-01,RÉSIDENTIEL,128916435.0
Centre-du-Québec,2023-06-01,AGRICOLE,22333318.0
Centre-du-Québec,2023-06-01,COMMERCIAL,66018100.3
Centre-du-Québec,2023-06-01,INSTITUTIONNEL,15925132.469354838
Centre-du-Québec,2023-06-01,RÉSIDENTIEL,115883055.0
Centre-du-Québec,2023-07-01,INSTITUTIONNEL,16169649.95967742
Centre-du-Québec,2023-07-01,RÉSIDENTIEL,125698154.0
Centre-du-Québec,2023-10-01,INDUSTRIEL,742275674.6770968
Centre-du-Québec,2023-10-01,RÉSIDENTIEL,125421052.0
Centre-du-Québec,2023-11-01,COMMERCIAL,82734344.7
Centre-du-Québec,2023-11-01,RÉSIDENTIEL,202879905.0
Centre-du-Québec,2023-12-01,COMMERCIAL,85290000.5
Centre-du-Québec,2023-12-01,RÉSIDENTIEL,246281387.0
Chaudière-Appalaches,2016-01-01,RÉSIDENTIEL,453843485.0
Chaudière-Appalaches,2016-02-01,COMMERCIAL,123116962.8
Chaudière-Appalaches,2016-02-01,RÉSIDENTIEL,395927597.0
Chaudière-Appalaches,2016-04-01,AGRICOLE,34368943.0
Chaudière-Appalaches,2016-06-01,INDUSTRIEL,
Chaudière-Appalaches,2016-08-01,INSTITUTIONNEL,
Chaudière-Appalaches,2016-09-01,INDUSTRIEL,
Chaudière-Appalaches,2016-10-01,INDUSTRIEL,163368244.16227272
Chaudière-Appalaches,2016-11-01,INDUSTRIEL,170526953.162013
Chaudière-Appalaches,2016-11-01,INSTITUTIONNEL,30795145.0
Chaudière-Appalaches,2016-12-01,INDUSTRIEL,171696650.3178879
Chaudière-Appalaches,2017-01-01,INSTITUTIONNEL,37325950.0
Chaudière-Appalaches,2017-02-01,COMMERCIAL,118434235.0
Chaudière-Appalaches,2017-03-01,AGRICOLE,39800251.0
Chaudière-Appalaches,2017-03-01,INSTITUTIONNEL,36766581.0
Chaudière-Appalaches,2017-04-01,AGRICOLE,36299365.0
Chaudière-Appalaches,2017-04-01,RÉSIDENTIEL,285010581.0
Chaudière-Appalaches,2017-05-01,AGRICOLE,29724331.0
Chaudière-Appalaches,2017-05-01,INSTITUTIONNEL,25719333.0
Chaudière-Appalaches,2017-06-01,INSTITUTIONNEL,22285098.0
Chaudière-Appalaches,2017-07-01,INSTITUTIONNEL,20355819.0
Chaudière-Appalaches,2017-08-01,AGRICOLE,28758796.0
Chaudière-Appalaches,2017-08-01,INSTITUTIONNEL,22558591.0
Chaudière-Appalaches,2017-09-01,COMMERCIAL,91140186.2
Chaudière-Appalaches,2017-10-01,RÉSIDENTIEL,199017078.0
Chaudière-Appalaches,2017-11-01,COMMERCIAL,113418201.4
Chaudière-Appalaches,2017-11-01,INDUSTRIEL,176017063.1587013
Chaudière-Appalaches,2017-12-01,INDUSTRIEL,175346137.2882353
Chaudière-Appalaches,2018-01-01,COMMERCIAL,144709492.4
Chaudière-Appalaches,2018-01-01,INDUSTRIEL,183991585.4452941
Chaudière-Appalaches,2018-02-01,AGRICOLE,33783405.0
Chaudière-Appalaches,2018-03-01,RÉSIDENTIEL,370126638.0
Chaudière-Appalaches,2018-04-01,COMMERCIAL,106622804.6
Chaudière-Appalaches,2018-04-01,INSTITUTIONNEL,30470530.0
Chaudière-Appalaches,2018-05-01,AGRICOLE,28920878.0
Chaudière-Appalaches,2018-06-01,COMMERCIAL,91933224.6
Chaudière-Appalaches,2018-06-01,INDUSTRIEL,155993674.17166665
Chaudière-Appalaches,2018-06-01,RÉSIDENTIEL,183035521.0
Chaudière-Appalaches,2018-07-01,AGRICOLE,30832494.0
Chaudière-Appalaches,2018-07-01,COMMERCIAL,98604078.4
Chaudière-Appalaches,2018-08-01,INDUSTRIEL,165319888.70857143
Chaudière-Appalaches,2018-10-01,AGRICOLE,28219179.0
Chaudière-Appalaches,2018-10-01,INDUSTRIEL,172545475.4936555
Chaudière-Appalaches,2018-10-01,INSTITUTIONNEL,29715802.0
Chaudière-Appalaches,2018-11-01,COMMERCIAL,122003364.6
Chaudière-Appalaches,2018-12-01,AGRICOLE,35542348.0
Chaudière-Appalaches,2018-12-01,COMMERCIAL,133758952.2
Chaudière-Appalaches,2018-12-01,INDUSTRIEL,171401151.7802956
Chaudière-Appalaches,2019-01-01,COMMERCIAL,146915278.0
Chaudière-Appalaches,2019-01-01,INSTITUTIONNEL,39820253.0
Chaudière-Appalaches,2019-02-01,COMMERCIAL,130709186.2
Chaudière-Appalaches,2019-02-01,INDUSTRIEL,171363767.81138656
Chaudière-Appalaches,2019-02-01,RÉSIDENTIEL,435030880.0
Chaudière-Appalaches,2019-03-01,INDUSTRIEL,183171636.8115546
Chaudière-Appalaches,2019-03-01,RÉSIDENTIEL,403320270.0
Chaudière-Appalaches,2019-04-01,AGRICOLE,41095457.0
Chaudière-Appalaches,2019-04-01,RÉSIDENTIEL,324434922.0
Chaudière-Appalaches,2019-05-01,AGRICOLE,29495903.0
Chaudière-Appalaches,2019-06-01,AGRICOLE,27477785.0
Chaudière-Appalaches,2019-06-01,INDUSTRIEL,158116934.41714284
Chaudière-Appalaches,2019-06-01,INSTITUTIONNEL,21864315.0
Chaudière-Appalaches,2019-07-01,AGRICOLE,31040095.0
Chaudière-Appalaches,2019-07-01,COMMERCIAL,99637350.6
Chaudière-Appalaches,2019-07-01,INSTITUTIONNEL,21222856.0
Chaudière-Appalaches,2019-08-01,AGRICOLE,29560257.0
Chaudière-Appalaches,2019-08-01,INSTITUTIONNEL,22381504.0
Chaudière-Appalaches,2019-10-01,AGRICOLE,27604913.0
Chaudière-Appalaches,2019-10-01,INSTITUTIONNEL,28071315.0
Chaudière-Appalaches,2019-10-01,RÉSIDENTIEL,238066333.0
Chaudière-Appalaches,2019-11-01,INSTITUTIONNEL,33033163.0
Chaudière-Appalaches,2019-11-01,RÉSIDENTIEL,361067576.0
Chaudière-Appalaches,2019-12-01,AGRICOLE,35877716.0
Chaudière-Appalaches,2019-12-01,INDUSTRIEL,170854167.40642855
Chaudière-Appalaches,2020-02-01,AGRICOLE,34727541.0
Chaudière-Appalaches,2020-02-01,COMMERCIAL,128727932.6
Chaudière-Appalaches,2020-02-01,RÉSIDENTIEL,420596679.0
Chaudière-Appalaches,2020-03-01,AGRICOLE,40216146.0
Chaudière-Appalaches,2020-04-01,INSTITUTIONNEL,25873906.0
Chaudière-Appalaches,2020-04-01,RÉSIDENTIEL,322373053.0
Chaudière-Appalaches,2020-05-01,INDUSTRIEL,153681697.0669643
Chaudière-Appalaches,2020-05-01,INSTITUTIONNEL,23757763.0
Chaudière-Appalaches,2020-06-01,AGRICOLE,29002211.0
Chaudière-Appalaches,2020-06-01,COMMERCIAL,88650159.0
Chaudière-Appalaches,2020-06-01,INSTITUTIONNEL,21001840.0
Chaudière-Appalaches,2020-06-01,RÉSIDENTIEL,196785129.0
Chaudière-Appalaches,2020-07-01,AGRICOLE,32104324.0
Chaudière-Appalaches,2020-07-01,COMMERCIAL,95766990.6
Chaudière-Appalaches,2020-08-01,AGRICOLE,30484503.0
Chaudière-Appalaches,2020-08-01,INDUSTRIEL,159858669.3457143
Chaudière-Appalaches,2020-09-01,AGRICOLE,27593135.0
Chaudière-Appalaches,2020-09-01,INSTITUTIONNEL,23821995.0
Chaudière-Appalaches,2020-10-01,AGRICOLE,28466275.0
Chaudière-Appalaches,2020-10-01,COMMERCIAL,97894139.4
Chaudière-Appalaches,2020-11-01,AGRICOLE,30110670.0
Chaudière-Appalaches,2020-11-01,RÉSIDENTIEL,321902597.0
Chaudière-Appalaches,2021-02-01,INSTITUTIONNEL,32392894.0
Chaudière-Appalaches,2021-03-01,INDUSTRIEL,184384563.95497835
Chaudière-Appalaches,2021-04-01,COMMERCIAL,97489094.9
Chaudière-Appalaches,2021-05-01,INDUSTRIEL,142834185.22964287
Chaudière-Appalaches,2021-05-01,INSTITUTIONNEL,23021704.0
Chaudière-Appalaches,2021-05-01,RÉSIDENTIEL,229377784.0
Chaudière-Appalaches,2021-06-01,INSTITUTIONNEL,21246184.0
Chaudière-Appalaches,2021-07-01,INDUSTRIEL,152504429.67642856
Chaudière-Appalaches,2021-09-01,AGRICOLE,28379606.0
Chaudière-Appalaches,2021-09-01,INDUSTRIEL,161967700.6235714
Chaudière-Appalaches,2021-10-01,AGRICOLE,28582512.0
Chaudière-Appalaches,2021-10-01,INDUSTRIEL,165525788.3653325
Chaudière-Appalaches,2021-10-01,INSTITUTIONNEL,26767620.0
Chaudière-Appalaches,2021-10-01,RÉSIDENTIEL,222876903.0
Chaudière-Appalaches,2021-11-01,INDUSTRIEL,177048231.14681035
Chaudière-Appalaches,2021-11-01,INSTITUTIONNEL,31211309.0
Chaudière-Appalaches,2021-12-01,AGRICOLE,36532098.0
Chaudière-Appalaches,2021-12-01,COMMERCIAL,135274610.3
Chaudière-Appalaches,2021-12-01,INSTITUTIONNEL,35910499.0
Chaudière-Appalaches,2022-01-01,RÉSIDENTIEL,563900687.0
Chaudière-Appalaches,2022-02-01,INDUSTRIEL,175098031.57531077
Chaudière-Appalaches,2022-02-01,RÉSIDENTIEL,460729539.0
Chaudière-Appalaches,2022-03-01,AGRICOLE,42978251.0
Chaudière-Appalaches,2022-04-01,INSTITUTIONNEL,29983949.0
Chaudière-Appalaches,2022-06-01,INDUSTRIEL,162509664.12928572
Chaudière-Appalaches,2022-06-01,INSTITUTIONNEL,21503908.0
Chaudière-Appalaches,2022-07-01,AGRICOLE,32197864.0
Chaudière-Appalaches,2022-11-01,RÉSIDENTIEL,328638597.0
Chaudière-Appalaches,2022-12-01,INDUSTRIEL,170775801.84642857
Chaudière-Appalaches,2022-12-01,RÉSIDENTIEL,438672231.0
Chaudière-Appalaches,2023-01-01,AGRICOLE,37357200.0
Chaudière-Appalaches,2023-02-01,INDUSTRIEL,171461510.1819417
Chaudière-Appalaches,2023-02-01,INSTITUTIONNEL,35358670.0
Chaudière-Appalaches,2023-02-01,RÉSIDENTIEL,455295188.0
Chaudière-Appalaches,2023-03-01,COMMERCIAL,128557972.19999999
Chaudière-Appalaches,2023-03-01,RÉSIDENTIEL,397620427.0
Chaudière-Appalaches,2023-05-01,AGRICOLE,30018998.0
Chaudière-Appalaches,2023-05-01,RÉSIDENTIEL,235159898.0
Chaudière-Appalaches,2023-07-01,COMMERCIAL,97344118.6
Chaudière-Appalaches,2023-07-01,INDUSTRIEL,157791056.785
Chaudière-Appalaches,2023-08-01,AGRICOLE,31006152.0
Chaudière-Appalaches,2023-08-01,COMMERCIAL,94325037.2
Chaudière-Appalaches,2023-08-01,INDUSTRIEL,156476274.6692857
Chaudière-Appalaches,2023-08-01,RÉSIDENTIEL,202430905.0
Chaudière-Appalaches,2023-09-01,RÉSIDENTIEL,193842917.0
Chaudière-Appalaches,2023-10-01,AGRICOLE,29092061.0
Chaudière-Appalaches,2023-10-01,INSTITUTIONNEL,28927952.7
Côte-Nord,2016-01-01,AGRICOLE,435302.0
Côte-Nord,2016-01-01,COMMERCIAL,53463316.95322581
Côte-Nord,2016-01-01,INDUSTRIEL,1224707372.8557796
Côte-Nord,2016-01-01,RÉSIDENTIEL,118196958.0
Côte-Nord,2016-02-01,COMMERCIAL,47423580.37191324
Côte-Nord,2016-02-01,RÉSIDENTIEL,101533262.0
Côte-Nord,2016-04-01,INSTITUTIONNEL,33823559.0
Côte-Nord,2016-05-01,INDUSTRIEL,1164093367.5428572
Côte-Nord,2016-05-01,INSTITUTIONNEL,26238516.55483871
Côte-Nord,2016-05-01,RÉSIDENTIEL,49766136.0
Côte-Nord,2016-06-01,COMMERCIAL,30652099.300000004
Côte-Nord,2016-06-01,RÉSIDENTIEL,38916917.0
Côte-Nord,2016-07-01,INSTITUTIONNEL,18799327.506451614
Côte-Nord,2016-08-01,AGRICOLE,253129.0
Côte-Nord,2016-08-01,COMMERCIAL,29877659.9
Côte-Nord,2016-08-01,RÉSIDENTIEL,34533076.0
Côte-Nord,2016-10-01,AGRICOLE,298586.0
Côte-Nord,2016-10-01,INSTITUTIONNEL,27913071.220817022
Côte-Nord,2016-10-01,RÉSIDENTIEL,53940214.0
Côte-Nord,2016-11-01,COMMERCIAL,38846852.400000006
Côte-Nord,2016-11-01,INDUSTRIEL,1161308406.1
Côte-Nord,2016-11-01,INSTITUTIONNEL,34278021.27581574
Côte-Nord,2016-12-01,INDUSTRIEL,1203919751.2
Côte-Nord,2016-12-01,INSTITUTIONNEL,45269091.514834575
Côte-Nord,2017-01-01,INDUSTRIEL,1216534178.3285713
Côte-Nord,2017-01-01,INSTITUTIONNEL,47495355.75613316
Côte-Nord,2017-02-01,RÉSIDENTIEL,93520209.0
Côte-Nord,2017-03-01,INDUSTRIEL,1234930895.5714288
Côte-Nord,2017-04-01,INDUSTRIEL,1178857263.7
Côte-Nord,2017-05-01,AGRICOLE,281176.0
Côte-Nord,2017-05-01,INDUSTRIEL,1186775004.4
Côte-Nord,2017-05-01,RÉSIDENTIEL,51403895.0
Côte-Nord,2017-06-01,AGRICOLE,248656.0
Côte-Nord,2017-06-01,INDUSTRIEL,1154529613.016129
Côte-Nord,2017-07-01,COMMERCIAL,26579821.2
Côte-Nord,2017-07-01,INSTITUTIONNEL,18605631.34215054
Côte-Nord,2017-08-01,RÉSIDENTIEL,33672330.0
Côte-Nord,2017-09-01,COMMERCIAL,26158848.799999997
Côte-Nord,2017-09-01,INSTITUTIONNEL,21010033.14107527
Côte-Nord,2017-09-01,RÉSIDENTIEL,34737918.0
Côte-Nord,2017-10-01,AGRICOLE,291545.0
Côte-Nord,2017-10-01,COMMERCIAL,31514263.799999997
Côte-Nord,2017-10-01,INSTITUTIONNEL,27387546.494408604
Côte-Nord,2017-11-01,AGRICOLE,332597.0
Côte-Nord,2017-12-01,INSTITUTIONNEL,46781279.6516129
Côte-Nord,2018-01-01,AGRICOLE,466766.0
Côte-Nord,2018-02-01,INDUSTRIEL,1126047711.0258067
Côte-Nord,2018-02-01,INSTITUTIONNEL,41877523.95
Côte-Nord,2018-03-01,COMMERCIAL,42872277.900000006
Côte-Nord,2018-03-01,INDUSTRIEL,1252045180.7617512
Côte-Nord,2018-05-01,AGRICOLE,296109.0
Côte-Nord,2018-05-01,INSTITUTIONNEL,27003271.825376343
Côte-Nord,2018-05-01,RÉSIDENTIEL,53096105.0
Côte-Nord,2018-06-01,AGRICOLE,264870.0
Côte-Nord,2018-07-01,COMMERCIAL,26984397.8
Côte-Nord,2018-08-01,AGRICOLE,255547.0
Côte-Nord,2018-08-01,RÉSIDENTIEL,32235571.0
Côte-Nord,2018-09-01,AGRICOLE,257643.0
Côte-Nord,2018-09-01,INDUSTRIEL,1185972141.438894
Côte-Nord,2018-09-01,RÉSIDENTIEL,38203869.0
Côte-Nord,2018-11-01,COMMERCIAL,41198157.7
Côte-Nord,2018-11-01,RÉSIDENTIEL,84181492.0
Côte-Nord,2018-12-01,AGRICOLE,422241.0
Côte-Nord,2019-01-01,COMMERCIAL,52436262.199999996
Côte-Nord,2019-02-01,AGRICOLE,425501.0
Côte-Nord,2019-02-01,INSTITUTIONNEL,44434074.46774194
Côte-Nord,2019-03-01,INDUSTRIEL,1267798428.9458525
Côte-Nord,2019-03-01,INSTITUTIONNEL,42821729.4
Côte-Nord,2019-05-01,AGRICOLE,299829.0
Côte-Nord,2019-05-01,COMMERCIAL,29417689.7
Côte-Nord,2019-05-01,RÉSIDENTIEL,55633102.0
Côte-Nord,2019-07-01,COMMERCIAL,27404472.6
Côte-Nord,2019-08-01,AGRICOLE,238564.0
Côte-Nord,2019-08-01,COMMERCIAL,27145824.5
Côte-Nord,2019-10-01,AGRICOLE,275419.0
Côte-Nord,2019-11-01,AGRICOLE,344417.0
Côte-Nord,2019-12-01,INSTITUTIONNEL,54130288.187096775
Côte-Nord,2019-12-01,RÉSIDENTIEL,103121852.0
Côte-Nord,2020-01-01,INSTITUTIONNEL,56388082.33290322
Côte-Nord,2020-01-01,RÉSIDENTIEL,109458220.0
Côte-Nord,2020-02-01,COMMERCIAL,44155156.8
Côte-Nord,2020-03-01,RÉSIDENTIEL,89540836.0
Côte-Nord,2020-05-01,AGRICOLE,305657.0
Côte-Nord,2020-05-01,COMMERCIAL,29442281.900000002
Côte-Nord,2020-05-01,INDUSTRIEL,1192984411.2155194
Côte-Nord,2020-05-01,INSTITUTIONNEL,33911421.12193549
Côte-Nord,2020-05-01,RÉSIDENTIEL,53252848.0
Côte-Nord,2020-07-01,AGRICOLE,258919.0
Côte-Nord,2020-07-01,INSTITUTIONNEL,24627123.765591398
Côte-Nord,2020-07-01,RÉSIDENTIEL,33153157.0
Côte-Nord,2020-08-01,AGRICOLE,237812.0
Côte-Nord,2020-08-01,COMMERCIAL,25687912.1
Côte-Nord,2020-08-01,INDUSTRIEL,1168232741.4686635
Côte-Nord,2020-09-01,AGRICOLE,245891.0
Côte-Nord,2020-09-01,COMMERCIAL,26737428.8
Côte-Nord,2020-09-01,INSTITUTIONNEL,29238212.361720428
Côte-Nord,2020-10-01,COMMERCIAL,36003320.1
Côte-Nord,2020-10-01,INDUSTRIEL,1208861353.8329031
Côte-Nord,2020-10-01,INSTITUTIONNEL,37170741.044731185
Côte-Nord,2020-10-01,RÉSIDENTIEL,61455437.0
Côte-Nord,2020-11-01,INDUSTRIEL,1189952388.7937632
Côte-Nord,2020-11-01,INSTITUTIONNEL,43061289.341935486
Côte-Nord,2020-12-01,COMMERCIAL,45168414.7
Côte-Nord,2020-12-01,RÉSIDENTIEL,96130418.0
Côte-Nord,2021-01-01,AGRICOLE,406952.0
Côte-Nord,2021-01-01,COMMERCIAL,46362930.900000006
Côte-Nord,2021-01-01,RÉSIDENTIEL,101831265.0
Côte-Nord,2021-02-01,INDUSTRIEL,1141102266.387097
Côte-Nord,2021-02-01,INSTITUTIONNEL,46657287.5029885
Côte-Nord,2021-03-01,COMMERCIAL,41029586.5
Côte-Nord,2021-03-01,INDUSTRIEL,1255532808.4451613
Côte-Nord,2021-04-01,RÉSIDENTIEL,63957730.0
Côte-Nord,2021-05-01,AGRICOLE,340449.0
Côte-Nord,2021-06-01,AGRICOLE,277310.0
Côte-Nord,2021-06-01,INSTITUTIONNEL,25713571.855053764
Côte-Nord,2021-07-01,INDUSTRIEL,1192190411.0694318
Côte-Nord,2021-08-01,AGRICOLE,250080.0
Côte-Nord,2021-08-01,INSTITUTIONNEL,25132667.20967742
Côte-Nord,2021-09-01,AGRICOLE,257180.0
Côte-Nord,2021-10-01,INSTITUTIONNEL,31618772.872688174
Côte-Nord,2021-11-01,AGRICOLE,354372.0
Côte-Nord,2021-11-01,INDUSTRIEL,1198197242.4854379
Côte-Nord,2021-12-01,AGRICOLE,491154.0
Côte-Nord,2021-12-01,INSTITUTIONNEL,50235641.78709677
Côte-Nord,2022-01-01,COMMERCIAL,55380150.7
Côte-Nord,2022-01-01,INDUSTRIEL,1252809758.6069126
Côte-Nord,2022-03-01,AGRICOLE,528076.0
Côte-Nord,2022-03-01,INSTITUTIONNEL,47361133.57333334
Côte-Nord,2022-03-01,RÉSIDENTIEL,94769856.0
Côte-Nord,2022-04-01,COMMERCIAL,46537604.3
Côte-Nord,2022-04-01,INDUSTRIEL,1208021657.0653763
Côte-Nord,2022-04-01,INSTITUTIONNEL,37629893.336666666
Côte-Nord,2022-06-01,AGRICOLE,299277.0
Côte-Nord,2022-06-01,COMMERCIAL,33275509.1
Côte-Nord,2022-07-01,AGRICOLE,285199.0
Côte-Nord,2022-07-01,INDUSTRIEL,1219535872.3891551
Côte-Nord,2022-07-01,RÉSIDENTIEL,34160373.0
Côte-Nord,2022-08-01,AGRICOLE,260364.0
Côte-Nord,2022-08-01,INDUSTRIEL,1222686777.2617512
Côte-Nord,2022-08-01,RÉSIDENTIEL,32182444.0
Côte-Nord,2022-09-01,AGRICOLE,276999.0
Côte-Nord,2022-09-01,COMMERCIAL,33550564.5
Côte-Nord,2022-10-01,INSTITUTIONNEL,31151144.11655914
Côte-Nord,2022-10-01,RÉSIDENTIEL,50696946.0
Côte-Nord,2023-01-01,AGRICOLE,521564.0
Côte-Nord,2023-02-01,AGRICOLE,522015.0
Côte-Nord,2023-02-01,INDUSTRIEL,1156904731.5888722
Côte-Nord,2023-03-01,INSTITUTIONNEL,41615632.30666667
Côte-Nord,2023-03-01,RÉSIDENTIEL,84813906.0
Côte-Nord,2023-04-01,INDUSTRIEL,1221608905.0777266
Côte-Nord,2023-04-01,RÉSIDENTIEL,68097913.0
Côte-Nord,2023-05-01,AGRICOLE,335390.0
Côte-Nord,2023-05-01,COMMERCIAL,40501669.2
Côte-Nord,2023-05-01,INDUSTRIEL,1248673753.9494624
Côte-Nord,2023-06-01,COMMERCIAL,33738769.6
Côte-Nord,2023-06-01,INSTITUTIONNEL,21686844.99010753
Côte-Nord,2023-08-01,RÉSIDENTIEL,34020067.0
Côte-Nord,2023-09-01,INDUSTRIEL,1198521520.436037
Côte-Nord,2023-09-01,INSTITUTIONNEL,29009317.852150537
Côte-Nord,2023-09-01,RÉSIDENTIEL,34071302.0
Côte-Nord,2023-11-01,AGRICOLE,399838.0
Côte-Nord,2023-11-01,RÉSIDENTIEL,80638055.0
Côte-Nord,2023-12-01,INSTITUTIONNEL,55406590.22258064
Estrie,2016-02-01,AGRICOLE,
Estrie,2016-03-01,COMMERCIAL,
Estrie,2016-04-01,AGRICOLE,
Estrie,2016-05-01,COMMERCIAL,
Estrie,2016-06-01,AGRICOLE,
Estrie,2016-06-01,INDUSTRIEL,
Estrie,2016-06-01,RÉSIDENTIEL,
Estrie,2016-07-01,INDUSTRIEL,
Estrie,2016-07-01,INSTITUTIONNEL,
Estrie,2016-08-01,COMMERCIAL,
Estrie,2016-08-01,INDUSTRIEL,
Estrie,2016-08-01,RÉSIDENTIEL,
Estrie,2016-10-01,COMMERCIAL,
Estrie,2016-10-01,INSTITUTIONNEL,
Estrie,2016-11-01,INSTITUTIONNEL,
Estrie,2016-11-01,RÉSIDENTIEL,
Estrie,2016-12-01,INDUSTRIEL,
Estrie,2016-12-01,INSTITUTIONNEL,
Estrie,2016-12-01,RÉSIDENTIEL,
Estrie,2017-02-01,AGRICOLE,
Estrie,2017-02-01,COMMERCIAL,
Estrie,2017-02-01,RÉSIDENTIEL,
Estrie,2017-03-01,INDUSTRIEL,
Estrie,2017-03-01,RÉSIDENTIEL,
Estrie,2017-04-01,INDUSTRIEL,
Estrie,2017-05-01,INDUSTRIEL,
Estrie,2017-06-01,AGRICOLE,
Estrie,2017-06-01,COMMERCIAL,
Estrie,2017-06-01,INSTITUTIONNEL,
Estrie,2017-06-01,RÉSIDENTIEL,
Estrie,2017-07-01,COMMERCIAL,
Estrie,2017-09-01,COMMERCIAL,
Estrie,2017-10-01,AGRICOLE,
Estrie,2017-10-01,INDUSTRIEL,
Estrie,2017-11-01,INDUSTRIEL,
Estrie,2017-11-01,RÉSIDENTIEL,
Estrie,2017-12-01,AGRICOLE,
Estrie,2017-12-01,COMMERCIAL,
Estrie,2017-12-01,RÉSIDENTIEL,
Estrie,2018-01-01,AGRICOLE,
Estrie,2018-01-01,COMMERCIAL,
Estrie,2018-01-01,INDUSTRIEL,
Estrie,2018-02-01,INDUSTRIEL,
Estrie,2018-02-01,INSTITUTIONNEL,
Estrie,2018-03-01,AGRICOLE,
Estrie,2018-04-01,INSTITUTIONNEL,
Estrie,2018-05-01,COMMERCIAL,
Estrie,2018-06-01,INDUSTRIEL,
Estrie,2018-06-01,INSTITUTIONNEL,
Estrie,2018-07-01,COMMERCIAL,
Estrie,2018-07-01,INDUSTRIEL,
Estrie,2018-07-01,RÉSIDENTIEL,
Estrie,2018-08-01,AGRICOLE,
Estrie,2018-08-01,COMMERCIAL,
Estrie,2018-08-01,INDUSTRIEL,
Estrie,2018-08-01,RÉSIDENTIEL,
Estrie,2018-09-01,AGRICOLE,
Estrie,2018-09-01,RÉSIDENTIEL,
Estrie,2018-11-01,INSTITUTIONNEL,
Estrie,2019-01-01,AGRICOLE,
Estrie,2019-02-01,AGRICOLE,
Estrie,2019-02-01,INDUSTRIEL,
Estrie,2019-02-01,RÉSIDENTIEL,
Estrie,2019-03-01,COMMERCIAL,
Estrie,2019-03-01,INDUSTRIEL,
Estrie,2019-03-01,RÉSIDENTIEL,
Estrie,2019-05-01,INSTITUTIONNEL,
Estrie,2019-06-01,COMMERCIAL,
Estrie,2019-06-01,INDUSTRIEL,
Estrie,2019-06-01,INSTITUTIONNEL,
Estrie,2019-07-01,AGRICOLE,
Estrie,2019-07-01,COMMERCIAL,
Estrie,2019-08-01,COMMERCIAL,
Estrie,2019-09-01,AGRICOLE,
Estrie,2019-09-01,INDUSTRIEL,
Estrie,2019-10-01,INDUSTRIEL,
Estrie,2019-10-01,RÉSIDENTIEL,
Estrie,2019-11-01,RÉSIDENTIEL,
Estrie,2020-01-01,COMMERCIAL,
Estrie,2020-01-01,INSTITUTIONNEL,
Estrie,2020-01-01,RÉSIDENTIEL,
Estrie,2020-02-01,AGRICOLE,
Estrie,2020-02-01,COMMERCIAL,
Estrie,2020-02-01,INDUSTRIEL,
Estrie,2020-02-01,INSTITUTIONNEL,
Estrie,2020-02-01,RÉSIDENTIEL,
Estrie,2020-03-01,COMMERCIAL,
Estrie,2020-03-01,INSTITUTIONNEL,
Estrie,2020-06-01,INDUSTRIEL,
Estrie,2020-06-01,RÉSIDENTIEL,
Estrie,2020-07-01,INSTITUTIONNEL,
Estrie,2020-08-01,AGRICOLE,
Estrie,2020-10-01,COMMERCIAL,
Estrie,2020-10-01,INDUSTRIEL,
Estrie,2020-11-01,COMMERCIAL,
Estrie,2020-11-01,RÉSIDENTIEL,
Estrie,2021-03-01,COMMERCIAL,
Estrie,2021-03-01,INSTITUTIONNEL,
Estrie,2021-04-01,AGRICOLE,
Estrie,2021-04-01,INDUSTRIEL,
Estrie,2021-04-01,INSTITUTIONNEL,
Estrie,2021-04-01,RÉSIDENTIEL,
Estrie,2021-05-01,RÉSIDENTIEL,
Estrie,2021-06-01,COMMERCIAL,
Estrie,2021-06-01,INDUSTRIEL,
Estrie,2021-06-01,INSTITUTIONNEL,
Estrie,2021-07-01,INSTITUTIONNEL,
Estrie,2021-08-01,RÉSIDENTIEL,
Estrie,2021-09-01,AGRICOLE,
Estrie,2021-09-01,COMMERCIAL,
Estrie,2021-10-01,AGRICOLE,
Estrie,2021-10-01,RÉSIDENTIEL,
Estrie,2021-11-01,INSTITUTIONNEL,
Estrie,2022-01-01,AGRICOLE,
Estrie,2022-01-01,COMMERCIAL,
Estrie,2022-02-01,COMMERCIAL,
Estrie,2022-02-01,INSTITUTIONNEL,
Estrie,2022-03-01,COMMERCIAL,
Estrie,2022-03-01,INDUSTRIEL,
Estrie,2022-03-01,RÉSIDENTIEL,
Estrie,2022-04-01,RÉSIDENTIEL,
Estrie,2022-05-01,COMMERCIAL,
Estrie,2022-05-01,INSTITUTIONNEL,
Estrie,2022-05-01,RÉSIDENTIEL,
Estrie,2022-07-01,AGRICOLE,
Estrie,2022-07-01,COMMERCIAL,
Estrie,2022-07-01,INDUSTRIEL,
Estrie,2022-07-01,RÉSIDENTIEL,
Estrie,2022-08-01,COMMERCIAL,
Estrie,2022-08-01,RÉSIDENTIEL,
Estrie,2022-10-01,INDUSTRIEL,
Estrie,2022-10-01,INSTITUTIONNEL,
Estrie,2022-10-01,RÉSIDENTIEL,
Estrie,2022-11-01,COMMERCIAL,
Estrie,2022-11-01,INDUSTRIEL,
Estrie,2022-11-01,RÉSIDENTIEL,
Estrie,2022-12-01,INDUSTRIEL,
Estrie,2023-01-01,AGRICOLE,
Estrie,2023-02-01,INDUSTRIEL,
Estrie,2023-03-01,AGRICOLE,
Estrie,2023-03-01,COMMERCIAL,
Estrie,2023-03-01,INSTITUTIONNEL,
Estrie,2023-04-01,COMMERCIAL,
Estrie,2023-04-01,RÉSIDENTIEL,
Estrie,2023-05-01,RÉSIDENTIEL,
Estrie,2023-06-01,COMMERCIAL,
Estrie,2023-06-01,INSTITUTIONNEL,
Estrie,2023-07-01,COMMERCIAL,
Estrie,2023-07-01,INDUSTRIEL,
Estrie,2023-07-01,INSTITUTIONNEL,
Estrie,2023-07-01,RÉSIDENTIEL,
Estrie,2023-08-01,INDUSTRIEL,
Estrie,2023-08-01,INSTITUTIONNEL,
Estrie,2023-08-01,RÉSIDENTIEL,
Estrie,2023-09-01,COMMERCIAL,
Estrie,2023-09-01,RÉSIDENTIEL,
Estrie,2023-11-01,COMMERCIAL,
Estrie,2023-11-01,INDUSTRIEL,
Estrie,2023-11-01,INSTITUTIONNEL,
Estrie,2023-11-01,RÉSIDENTIEL,
Estrie,2023-12-01,INSTITUTIONNEL,
Estrie,2023-12-01,RÉSIDENTIEL,
Gaspésie--Îles-de-la-Madeleine,2016-01-01,AGRICOLE,1142783.0
Gaspésie--Îles-de-la-Madeleine,2016-01-01,RÉSIDENTIEL,111746843.0
Gaspésie--Îles-de-la-Madeleine,2016-02-01,INDUSTRIEL,7231289.0
Gaspésie--Îles-de-la-Madeleine,2016-02-01,RÉSIDENTIEL,96503106.0
Gaspésie--Îles-de-la-Madeleine,2016-03-01,COMMERCIAL,32864887.0
Gaspésie--Îles-de-la-Madeleine,2016-03-01,INSTITUTIONNEL,14066880.0
Gaspésie--Îles-de-la-Madeleine,2016-03-01,RÉSIDENTIEL,90685600.0
Gaspésie--Îles-de-la-Madeleine,2016-04-01,AGRICOLE,1102722.0
Gaspésie--Îles-de-la-Madeleine,2016-04-01,RÉSIDENTIEL,76453864.0
Gaspésie--Îles-de-la-Madeleine,2016-05-01,AGRICOLE,888934.0
Gaspésie--Îles-de-la-Madeleine,2016-05-01,INDUSTRIEL,9080299.0
Gaspésie--Îles-de-la-Madeleine,2016-06-01,INSTITUTIONNEL,7757475.0
Gaspésie--Îles-de-la-Madeleine,2016-08-01,AGRICOLE,747313.0
Gaspésie--Îles-de-la-Madeleine,2016-08-01,INSTITUTIONNEL,6901026.0
Gaspésie--Îles-de-la-Madeleine,2016-10-01,COMMERCIAL,24381893.0
Gaspésie--Îles-de-la-Madeleine,2016-10-01,INDUSTRIEL,7983881.100000001
Gaspésie--Îles-de-la-Madeleine,2016-10-01,INSTITUTIONNEL,9749678.0
Gaspésie--Îles-de-la-Madeleine,2016-11-01,AGRICOLE,889924.0
Gaspésie--Îles-de-la-Madeleine,2016-11-01,COMMERCIAL,28150515.0
Gaspésie--Îles-de-la-Madeleine,2016-11-01,INSTITUTIONNEL,11494150.0
Gaspésie--Îles-de-la-Madeleine,2016-11-01,RÉSIDENTIEL,67634812.0
Gaspésie--Îles-de-la-Madeleine,2016-12-01,COMMERCIAL,35297793.0
Gaspésie--Îles-de-la-Madeleine,2016-12-01,INSTITUTIONNEL,14285461.0
Gaspésie--Îles-de-la-Madeleine,2017-02-01,COMMERCIAL,33604574.0
Gaspésie--Îles-de-la-Madeleine,2017-02-01,INDUSTRIEL,8557605.6
Gaspésie--Îles-de-la-Madeleine,2017-02-01,INSTITUTIONNEL,13590554.0
Gaspésie--Îles-de-la-Madeleine,2017-03-01,COMMERCIAL,34709879.0
Gaspésie--Îles-de-la-Madeleine,2017-03-01,INDUSTRIEL,10098228.8
Gaspésie--Îles-de-la-Madeleine,2017-04-01,INSTITUTIONNEL,11089367.0
Gaspésie--Îles-de-la-Madeleine,2017-05-01,COMMERCIAL,24907825.0
Gaspésie--Îles-de-la-Madeleine,2017-05-01,RÉSIDENTIEL,54736488.0
Gaspésie--Îles-de-la-Madeleine,2017-06-01,COMMERCIAL,23228044.0
Gaspésie--Îles-de-la-Madeleine,2017-06-01,RÉSIDENTIEL,41503026.0
Gaspésie--Îles-de-la-Madeleine,2017-09-01,AGRICOLE,746069.0
Gaspésie--Îles-de-la-Madeleine,2017-09-01,INSTITUTIONNEL,7429583.0
Gaspésie--Îles-de-la-Madeleine,2017-10-01,AGRICOLE,793008.0
Gaspésie--Îles-de-la-Madeleine,2017-10-01,INDUSTRIEL,15386984.2
Gaspésie--Îles-de-la-Madeleine,2017-10-01,INSTITUTIONNEL,9163654.0
Gaspésie--Îles-de-la-Madeleine,2017-10-01,RÉSIDENTIEL,49392947.0
Gaspésie--Îles-de-la-Madeleine,2017-12-01,INDUSTRIEL,15856358.5
Gaspésie--Îles-de-la-Madeleine,2017-12-01,INSTITUTIONNEL,14617284.0
Gaspésie--Îles-de-la-Madeleine,2018-02-01,AGRICOLE,1089409.0
Gaspésie--Îles-de-la-Madeleine,2018-02-01,INDUSTRIEL,15769822.5
Gaspésie--Îles-de-la-Madeleine,2018-03-01,AGRICOLE,1156540.0
Gaspésie--Îles-de-la-Madeleine,2018-03-01,COMMERCIAL,31281852.0
Gaspésie--Îles-de-la-Madeleine,2018-04-01,COMMERCIAL,27137397.0
Gaspésie--Îles-de-la-Madeleine,2018-06-01,AGRICOLE,712129.0
Gaspésie--Îles-de-la-Madeleine,2018-07-01,AGRICOLE,727454.0
Gaspésie--Îles-de-la-Madeleine,2018-07-01,RÉSIDENTIEL,38823549.0
Gaspésie--Îles-de-la-Madeleine,2018-08-01,INDUSTRIEL,27343200.799999997
Gaspésie--Îles-de-la-Madeleine,2018-08-01,INSTITUTIONNEL,6673752.0
Gaspésie--Îles-de-la-Madeleine,2018-09-01,AGRICOLE,749083.0
Gaspésie--Îles-de-la-Madeleine,2018-09-01,COMMERCIAL,22054080.0
Gaspésie--Îles-de-la-Madeleine,2018-09-01,INDUSTRIEL,21236392.200000003
Gaspésie--Îles-de-la-Madeleine,2018-09-01,INSTITUTIONNEL,7575800.0
Gaspésie--Îles-de-la-Madeleine,2018-10-01,INSTITUTIONNEL,10630715.0
Gaspésie--Îles-de-la-Madeleine,2018-10-01,RÉSIDENTIEL,64583078.0
Gaspésie--Îles-de-la-Madeleine,2018-11-01,INDUSTRIEL,20247076.6
Gaspésie--Îles-de-la-Madeleine,2018-12-01,AGRICOLE,1192226.0
Gaspésie--Îles-de-la-Madeleine,2018-12-01,COMMERCIAL,34625501.0
Gaspésie--Îles-de-la-Madeleine,2018-12-01,RÉSIDENTIEL,105041495.0
Gaspésie--Îles-de-la-Madeleine,2019-03-01,RÉSIDENTIEL,94988546.0
Gaspésie--Îles-de-la-Madeleine,2019-04-01,COMMERCIAL,27716260.0
Gaspésie--Îles-de-la-Madeleine,2019-04-01,INSTITUTIONNEL,11511189.0
Gaspésie--Îles-de-la-Madeleine,2019-05-01,AGRICOLE,913989.0
Gaspésie--Îles-de-la-Madeleine,2019-05-01,RÉSIDENTIEL,62108802.0
Gaspésie--Îles-de-la-Madeleine,2019-06-01,INSTITUTIONNEL,7255169.0
Gaspésie--Îles-de-la-Madeleine,2019-06-01,RÉSIDENTIEL,44130121.0
Gaspésie--Îles-de-la-Madeleine,2019-07-01,RÉSIDENTIEL,40401770.0
Gaspésie--Îles-de-la-Madeleine,2019-08-01,COMMERCIAL,23962232.0
Gaspésie--Îles-de-la-Madeleine,2019-09-01,RÉSIDENTIEL,42720629.0
Gaspésie--Îles-de-la-Madeleine,2019-11-01,COMMERCIAL,28853883.0
Gaspésie--Îles-de-la-Madeleine,2019-11-01,RÉSIDENTIEL,81700034.0
Gaspésie--Îles-de-la-Madeleine,2019-12-01,COMMERCIAL,34574194.0
Gaspésie--Îles-de-la-Madeleine,2019-12-01,INDUSTRIEL,26293937.9
Gaspésie--Îles-de-la-Madeleine,2019-12-01,INSTITUTIONNEL,14300705.0
Gaspésie--Îles-de-la-Madeleine,2020-04-01,AGRICOLE,1115100.0
Gaspésie--Îles-de-la-Madeleine,2020-04-01,COMMERCIAL,25985264.0
Gaspésie--Îles-de-la-Madeleine,2020-06-01,INDUSTRIEL,29225950.4
Gaspésie--Îles-de-la-Madeleine,2020-07-01,COMMERCIAL,24016732.0
Gaspésie--Îles-de-la-Madeleine,2020-07-01,INSTITUTIONNEL,5893808.0
Gaspésie--Îles-de-la-Madeleine,2020-08-01,COMMERCIAL,23283134.0
Gaspésie--Îles-de-la-Madeleine,2020-09-01,COMMERCIAL,21945244.0
Gaspésie--Îles-de-la-Madeleine,2020-09-01,INDUSTRIEL,28836259.3
Gaspésie--Îles-de-la-Madeleine,2020-09-01,RÉSIDENTIEL,42529361.0
Gaspésie--Îles-de-la-Madeleine,2020-10-01,INSTITUTIONNEL,9948461.0
Gaspésie--Îles-de-la-Madeleine,2020-12-01,INDUSTRIEL,29517464.9
Gaspésie--Îles-de-la-Madeleine,2020-12-01,RÉSIDENTIEL,96515582.0
Gaspésie--Îles-de-la-Madeleine,2021-02-01,AGRICOLE,1025068.0
Gaspésie--Îles-de-la-Madeleine,2021-02-01,COMMERCIAL,32125642.0
Gaspésie--Îles-de-la-Madeleine,2021-02-01,INSTITUTIONNEL,12912812.0
Gaspésie--Îles-de-la-Madeleine,2021-03-01,INDUSTRIEL,27878455.6
Gaspésie--Îles-de-la-Madeleine,2021-04-01,COMMERCIAL,26670680.0
Gaspésie--Îles-de-la-Madeleine,2021-04-01,INDUSTRIEL,28839882.3
Gaspésie--Îles-de-la-Madeleine,2021-04-01,INSTITUTIONNEL,10692584.0
Gaspésie--Îles-de-la-Madeleine,2021-05-01,COMMERCIAL,25013202.0
Gaspésie--Îles-de-la-Madeleine,2021-06-01,AGRICOLE,646116.0
Gaspésie--Îles-de-la-Madeleine,2021-07-01,AGRICOLE,681092.0
Gaspésie--Îles-de-la-Madeleine,2021-07-01,COMMERCIAL,24040612.0
Gaspésie--Îles-de-la-Madeleine,2021-08-01,INDUSTRIEL,30111014.7
Gaspésie--Îles-de-la-Madeleine,2021-08-01,RÉSIDENTIEL,41181466.0
Gaspésie--Îles-de-la-Madeleine,2021-10-01,COMMERCIAL,22240174.0
Gaspésie--Îles-de-la-Madeleine,2021-10-01,RÉSIDENTIEL,52776203.0
Gaspésie--Îles-de-la-Madeleine,2021-12-01,AGRICOLE,1128346.0
Gaspésie--Îles-de-la-Madeleine,2021-12-01,RÉSIDENTIEL,105654594.0
Gaspésie--Îles-de-la-Madeleine,2022-01-01,AGRICOLE,1330707.0
Gaspésie--Îles-de-la-Madeleine,2022-01-01,COMMERCIAL,38549993.0
Gaspésie--Îles-de-la-Madeleine,2022-01-01,INDUSTRIEL,25529873.1
Gaspésie--Îles-de-la-Madeleine,2022-02-01,AGRICOLE,1148312.0
Gaspésie--Îles-de-la-Madeleine,2022-02-01,INSTITUTIONNEL,15133607.0
Gaspésie--Îles-de-la-Madeleine,2022-04-01,INSTITUTIONNEL,12225858.0
Gaspésie--Îles-de-la-Madeleine,2022-06-01,AGRICOLE,669242.0
Gaspésie--Îles-de-la-Madeleine,2022-07-01,AGRICOLE,677014.0
Gaspésie--Îles-de-la-Madeleine,2022-07-01,INDUSTRIEL,28435235.1
Gaspésie--Îles-de-la-Madeleine,2022-08-01,COMMERCIAL,23639449.0
Gaspésie--Îles-de-la-Madeleine,2022-09-01,COMMERCIAL,22011883.0
Gaspésie--Îles-de-la-Madeleine,2022-10-01,INSTITUTIONNEL,10007025.0
Gaspésie--Îles-de-la-Madeleine,2022-11-01,INSTITUTIONNEL,12646708.0
Gaspésie--Îles-de-la-Madeleine,2022-11-01,RÉSIDENTIEL,80617361.0
Gaspésie--Îles-de-la-Madeleine,2022-12-01,RÉSIDENTIEL,104744860.0
Gaspésie--Îles-de-la-Madeleine,2023-01-01,INSTITUTIONNEL,15890167.0
Gaspésie--Îles-de-la-Madeleine,2023-02-01,AGRICOLE,1168822.0
Gaspésie--Îles-de-la-Madeleine,2023-03-01,AGRICOLE,1193821.0
Gaspésie--Îles-de-la-Madeleine,2023-03-01,COMMERCIAL,35238749.0
Gaspésie--Îles-de-la-Madeleine,2023-03-01,RÉSIDENTIEL,94716735.0
Gaspésie--Îles-de-la-Madeleine,2023-04-01,AGRICOLE,1233637.0
Gaspésie--Îles-de-la-Madeleine,2023-04-01,COMMERCIAL,28240283.0
Gaspésie--Îles-de-la-Madeleine,2023-05-01,COMMERCIAL,26142640.0
Gaspésie--Îles-de-la-Madeleine,2023-08-01,INSTITUTIONNEL,7869567.0
Gaspésie--Îles-de-la-Madeleine,2023-08-01,RÉSIDENTIEL,42795161.0
Gaspésie--Îles-de-la-Madeleine,2023-09-01,AGRICOLE,655023.0
Gaspésie--Îles-de-la-Madeleine,2023-09-01,INDUSTRIEL,28228850.8
Gaspésie--Îles-de-la-Madeleine,2023-09-01,RÉSIDENTIEL,40909094.0
Gaspésie--Îles-de-la-Madeleine,2023-10-01,INDUSTRIEL,29613843.4
Gaspésie--Îles-de-la-Madeleine,2023-11-01,INDUSTRIEL,29769619.6
Gaspésie--Îles-de-la-Madeleine,2023-12-01,COMMERCIAL,34244032.0
Lanaudière,2016-01-01,COMMERCIAL,112677482.8
Lanaudière,2016-01-01,INDUSTRIEL,66902249.4
Lanaudière,2016-02-01,RÉSIDENTIEL,536370087.0
Lanaudière,2016-03-01,AGRICOLE,11716752.0
Lanaudière,2016-03-01,COMMERCIAL,99565047.0
Lanaudière,2016-03-01,INDUSTRIEL,66135914.91428572
Lanaudière,2016-04-01,INDUSTRIEL,66807644.12655602
Lanaudière,2016-04-01,INSTITUTIONNEL,48887650.730000004
Lanaudière,2016-04-01,RÉSIDENTIEL,368579314.0
Lanaudière,2016-05-01,INSTITUTIONNEL,42708031.12483871
Lanaudière,2016-06-01,COMMERCIAL,82531927.2
Lanaudière,2016-06-01,INDUSTRIEL,69171668.92857143
Lanaudière,2016-06-01,RÉSIDENTIEL,224558478.0
Lanaudière,2016-07-01,COMMERCIAL,86162531.4
Lanaudière,2016-07-01,INDUSTRIEL,66268344.842857145
Lanaudière,2016-08-01,COMMERCIAL,90100008.4
Lanaudière,2016-08-01,INDUSTRIEL,69141884.04285714
Lanaudière,2016-09-01,AGRICOLE,9548287.0
Lanaudière,2016-09-01,COMMERCIAL,82183272.6
Lanaudière,2016-09-01,INDUSTRIEL,68455507.49907234
Lanaudière,2016-09-01,INSTITUTIONNEL,39390111.0267742
Lanaudière,2016-10-01,AGRICOLE,10686434.0
Lanaudière,2016-10-01,INSTITUTIONNEL,45164238.18290322
Lanaudière,2016-11-01,INDUSTRIEL,69437082.8
Lanaudière,2016-11-01,RÉSIDENTIEL,358835418.0
Lanaudière,2017-02-01,RÉSIDENTIEL,499585166.0
Lanaudière,2017-03-01,INDUSTRIEL,69087816.65714286
Lanaudière,2017-03-01,RÉSIDENTIEL,537039187.0
Lanaudière,2017-04-01,INSTITUTIONNEL,47434923.43
Lanaudière,2017-04-01,RÉSIDENTIEL,335598597.0
Lanaudière,2017-05-01,INDUSTRIEL,68499218.58571428
Lanaudière,2017-05-01,RÉSIDENTIEL,263696523.0
Lanaudière,2017-06-01,COMMERCIAL,82030133.0
Lanaudière,2017-06-01,RÉSIDENTIEL,228160877.0
Lanaudière,2017-07-01,INDUSTRIEL,66616136.22857143
Lanaudière,2017-07-01,INSTITUTIONNEL,39121469.256451614
Lanaudière,2017-08-01,INSTITUTIONNEL,39557411.88709678
Lanaudière,2017-09-01,INDUSTRIEL,70127546.64285713
Lanaudière,2017-10-01,INDUSTRIEL,70665362.35714285
Lanaudière,2017-11-01,COMMERCIAL,99483244.6
Lanaudière,2017-11-01,INDUSTRIEL,69927765.44285715
Lanaudière,2018-02-01,INDUSTRIEL,66150860.371428564
Lanaudière,2018-03-01,COMMERCIAL,102752806.2
Lanaudière,2018-04-01,AGRICOLE,10870388.0
Lanaudière,2018-05-01,COMMERCIAL,86314480.8
Lanaudière,2018-05-01,INSTITUTIONNEL,44462245.18387097
Lanaudière,2018-05-01,RÉSIDENTIEL,242611900.0
Lanaudière,2018-06-01,AGRICOLE,9123575.0
Lanaudière,2018-06-01,RÉSIDENTIEL,229199731.0
Lanaudière,2018-07-01,COMMERCIAL,94858609.6
Lanaudière,2018-07-01,RÉSIDENTIEL,253734011.0
Lanaudière,2018-08-01,INSTITUTIONNEL,
Lanaudière,2018-08-01,RÉSIDENTIEL,
Lanaudière,2018-10-01,COMMERCIAL,92765912.4
Lanaudière,2018-11-01,AGRICOLE,13133955.0
Lanaudière,2018-11-01,COMMERCIAL,106296933.6
Lanaudière,2018-11-01,INDUSTRIEL,71612145.95714286
Lanaudière,2018-12-01,AGRICOLE,13707950.0
Lanaudière,2019-01-01,INDUSTRIEL,72495514.7
Lanaudière,2019-01-01,RÉSIDENTIEL,698518064.0
Lanaudière,2019-02-01,COMMERCIAL,112802577.6
Lanaudière,2019-02-01,INDUSTRIEL,66925448.7
Lanaudière,2019-03-01,COMMERCIAL,111488384.6
Lanaudière,2019-03-01,INDUSTRIEL,72119500.2
Lanaudière,2019-03-01,RÉSIDENTIEL,527506953.0
Lanaudière,2019-05-01,AGRICOLE,9597712.0
Lanaudière,2019-05-01,INSTITUTIONNEL,47091470.94225806
Lanaudière,2019-06-01,COMMERCIAL,83637473.6
Lanaudière,2019-06-01,RÉSIDENTIEL,234881173.0
Lanaudière,2019-07-01,COMMERCIAL,93823574.0
Lanaudière,2019-08-01,AGRICOLE,10191496.0
Lanaudière,2019-09-01,COMMERCIAL,82387216.0
Lanaudière,2019-09-01,INSTITUTIONNEL,43027782.20548387
Lanaudière,2019-10-01,AGRICOLE,11075238.0
Lanaudière,2019-11-01,RÉSIDENTIEL,468076357.0
Lanaudière,2020-02-01,INSTITUTIONNEL,65985772.645161286
Lanaudière,2020-03-01,AGRICOLE,12832019.0
Lanaudière,2020-04-01,INSTITUTIONNEL,49624334.18
Lanaudière,2020-05-01,AGRICOLE,10512591.0
Lanaudière,2020-05-01,INDUSTRIEL,54814106.7
Lanaudière,2020-06-01,INSTITUTIONNEL,42685136.202903226
Lanaudière,2020-07-01,INDUSTRIEL,68044071.5
Lanaudière,2020-07-01,INSTITUTIONNEL,44305752.27129032
Lanaudière,2020-09-01,AGRICOLE,10179522.0
Lanaudière,2020-09-01,INSTITUTIONNEL,43708429.37580645
Lanaudière,2020-10-01,AGRICOLE,12442020.0
Lanaudière,2020-10-01,COMMERCIAL,84192756.4
Lanaudière,2020-10-01,INDUSTRIEL,70992267.9
Lanaudière,2020-12-01,INSTITUTIONNEL,67256308.45483871
Lanaudière,2020-12-01,RÉSIDENTIEL,568500500.0
Lanaudière,2021-01-01,INDUSTRIEL,71491700.89999999
Lanaudière,2021-01-01,INSTITUTIONNEL,70809431.33225806
Lanaudière,2021-01-01,RÉSIDENTIEL,619077595.0
Lanaudière,2021-02-01,RÉSIDENTIEL,579918705.0
Lanaudière,2021-03-01,INSTITUTIONNEL,64169035.50357143
Lanaudière,2021-04-01,COMMERCIAL,86073618.8
Lanaudière,2021-05-01,COMMERCIAL,85185861.8
Lanaudière,2021-05-01,INDUSTRIEL,68022794.2
Lanaudière,2021-06-01,RÉSIDENTIEL,
Lanaudière,2021-07-01,AGRICOLE,10968382.0
Lanaudière,2021-07-01,INDUSTRIEL,59969055.3
Lanaudière,2021-07-01,RÉSIDENTIEL,265650154.0
Lanaudière,2021-08-01,RÉSIDENTIEL,
Lanaudière,2021-10-01,INSTITUTIONNEL,53710685.255806446
Lanaudière,2021-10-01,RÉSIDENTIEL,264596990.0
Lanaudière,2022-02-01,AGRICOLE,14675651.0
Lanaudière,2022-03-01,COMMERCIAL,116816627.6
Lanaudière,2022-03-01,INDUSTRIEL,65004792.2
Lanaudière,2022-03-01,RÉSIDENTIEL,539895098.0
Lanaudière,2022-04-01,AGRICOLE,12365844.0
Lanaudière,2022-05-01,COMMERCIAL,
Lanaudière,2022-05-01,RÉSIDENTIEL,
Lanaudière,2022-07-01,INDUSTRIEL,60067305.8
Lanaudière,2022-07-01,INSTITUTIONNEL,51990554.06419355
Lanaudière,2022-08-01,AGRICOLE,
Lanaudière,2022-08-01,RÉSIDENTIEL,
Lanaudière,2022-09-01,AGRICOLE,11045486.0
Lanaudière,2022-09-01,COMMERCIAL,86461284.6
Lanaudière,2022-09-01,INDUSTRIEL,58417810.699999996
Lanaudière,2022-09-01,RÉSIDENTIEL,246510363.0
Lanaudière,2022-10-01,INSTITUTIONNEL,63009187.231612906
Lanaudière,2022-10-01,RÉSIDENTIEL,282161667.0
Lanaudière,2022-11-01,AGRICOLE,14353170.0
Lanaudière,2023-01-01,AGRICOLE,15203079.0
Lanaudière,2023-01-01,INDUSTRIEL,67198387.80000001
Lanaudière,2023-01-01,INSTITUTIONNEL,85847452.18709677
Lanaudière,2023-02-01,AGRICOLE,14461690.0
Lanaudière,2023-02-01,INSTITUTIONNEL,78346660.11463134
Lanaudière,2023-03-01,COMMERCIAL,114756361.5
Lanaudière,2023-04-01,RÉSIDENTIEL,361369240.0
Lanaudière,2023-05-01,AGRICOLE,11336840.0
Lanaudière,2023-05-01,COMMERCIAL,90179323.6
Lanaudière,2023-06-01,AGRICOLE,10611669.0
Lanaudière,2023-06-01,RÉSIDENTIEL,259256291.0
Lanaudière,2023-07-01,COMMERCIAL,97455583.5
Lanaudière,2023-10-01,AGRICOLE,12939558.0
Lanaudière,2023-10-01,COMMERCIAL,94304711.8
Lanaudière,2023-10-01,INDUSTRIEL,70285510.7
Lanaudière,2023-10-01,INSTITUTIONNEL,61814669.13709678
Lanaudière,2023-11-01,COMMERCIAL,114645827.9
Lanaudière,2023-11-01,INDUSTRIEL,69974506.8
Lanaudière,2023-12-01,COMMERCIAL,126662435.7
Lanaudière,2023-12-01,INSTITUTIONNEL,80660151.25806451
Lanaudière,2023-12-01,RÉSIDENTIEL,562226983.0
Laurentides,2016-01-01,COMMERCIAL,174314288.3
Laurentides,2016-03-01,RÉSIDENTIEL,644416470.0
Laurentides,2016-04-01,COMMERCIAL,133980399.5
Laurentides,2016-04-01,INDUSTRIEL,62365205.7
Laurentides,2016-04-01,RÉSIDENTIEL,504618057.0
Laurentides,2016-05-01,AGRICOLE,6533347.0
Laurentides,2016-05-01,INDUSTRIEL,63085281.885714285
Laurentides,2016-05-01,INSTITUTIONNEL,34273459.1
Laurentides,2016-06-01,AGRICOLE,5828554.0
Laurentides,2016-06-01,INSTITUTIONNEL,31569411.1
Laurentides,2016-07-01,AGRICOLE,6051080.0
Laurentides,2016-07-01,INDUSTRIEL,62482344.95714286
Laurentides,2016-07-01,RÉSIDENTIEL,304979422.0
Laurentides,2016-09-01,COMMERCIAL,124318309.30000001
Laurentides,2016-09-01,INSTITUTIONNEL,32951098.4
Laurentides,2016-09-01,RÉSIDENTIEL,278909755.0
Laurentides,2016-11-01,RÉSIDENTIEL,492643513.0
Laurentides,2016-12-01,AGRICOLE,9813206.0
Laurentides,2016-12-01,INSTITUTIONNEL,46989815.2
Laurentides,2017-02-01,AGRICOLE,9044503.0
Laurentides,2017-02-01,COMMERCIAL,152633768.5
Laurentides,2017-02-01,INDUSTRIEL,62470674.46571429
Laurentides,2017-02-01,INSTITUTIONNEL,43692439.7
Laurentides,2017-02-01,RÉSIDENTIEL,684262547.0
Laurentides,2017-03-01,INDUSTRIEL,68294697.57142857
Laurentides,2017-05-01,INDUSTRIEL,67443271.23142856
Laurentides,2017-05-01,RÉSIDENTIEL,357554859.0
Laurentides,2017-06-01,AGRICOLE,5670682.0
Laurentides,2017-07-01,AGRICOLE,5870871.0
Laurentides,2017-08-01,COMMERCIAL,133050959.7
Laurentides,2017-09-01,COMMERCIAL,124619781.8
Laurentides,2017-09-01,INDUSTRIEL,64881013.28571428
Laurentides,2017-09-01,INSTITUTIONNEL,32270332.7
Laurentides,2017-11-01,INDUSTRIEL,68644190.86857143
Laurentides,2017-12-01,AGRICOLE,10780408.0
Laurentides,2017-12-01,INSTITUTIONNEL,50136579.5
Laurentides,2018-01-01,RÉSIDENTIEL,949158655.0
Laurentides,2018-03-01,AGRICOLE,9981238.0
Laurentides,2018-03-01,RÉSIDENTIEL,652377194.0
Laurentides,2018-04-01,INDUSTRIEL,62135895.3
Laurentides,2018-04-01,RÉSIDENTIEL,542898083.0
Laurentides,2018-05-01,AGRICOLE,6509079.0
Laurentides,2018-05-01,COMMERCIAL,128424531.0
Laurentides,2018-05-01,RÉSIDENTIEL,324658784.0
Laurentides,2018-07-01,RÉSIDENTIEL,327392410.0
Laurentides,2018-08-01,INDUSTRIEL,66969005.4
Laurentides,2018-08-01,RÉSIDENTIEL,320806504.0
Laurentides,2018-09-01,INDUSTRIEL,63404824.5
Laurentides,2018-09-01,RÉSIDENTIEL,298755619.0
Laurentides,2018-10-01,COMMERCIAL,163023114.1
Laurentides,2018-10-01,INDUSTRIEL,67246216.80000001
Laurentides,2018-10-01,INSTITUTIONNEL,37860644.9
Laurentides,2018-11-01,INSTITUTIONNEL,43777967.4
Laurentides,2018-12-01,AGRICOLE,11088811.0
Laurentides,2018-12-01,COMMERCIAL,206270468.3
Laurentides,2018-12-01,INDUSTRIEL,63166863.6
Laurentides,2019-01-01,INDUSTRIEL,67596896.19999999
Laurentides,2019-02-01,COMMERCIAL,193281983.9
Laurentides,2019-03-01,INDUSTRIEL,67168350.5
Laurentides,2019-04-01,COMMERCIAL,162690077.0
Laurentides,2019-05-01,COMMERCIAL,154761262.0
Laurentides,2019-05-01,INDUSTRIEL,61283219.2
Laurentides,2019-05-01,INSTITUTIONNEL,35117001.3
Laurentides,2019-07-01,AGRICOLE,7033611.0
Laurentides,2019-07-01,INDUSTRIEL,63978452.0
Laurentides,2019-07-01,INSTITUTIONNEL,31844135.0
Laurentides,2019-09-01,AGRICOLE,6786776.0
Laurentides,2019-10-01,INDUSTRIEL,61106543.5
Laurentides,2019-10-01,RÉSIDENTIEL,384286707.0
Laurentides,2019-11-01,COMMERCIAL,186240252.2
Laurentides,2019-12-01,AGRICOLE,11474424.0
Laurentides,2019-12-01,INDUSTRIEL,61399635.0
Laurentides,2020-01-01,AGRICOLE,11501318.0
Laurentides,2020-02-01,AGRICOLE,10962646.0
Laurentides,2020-03-01,INDUSTRIEL,63654974.2
Laurentides,2020-03-01,RÉSIDENTIEL,668711190.0
Laurentides,2020-04-01,AGRICOLE,9744686.0
Laurentides,2020-04-01,INSTITUTIONNEL,34990882.4
Laurentides,2020-04-01,RÉSIDENTIEL,536904513.0
Laurentides,2020-05-01,INDUSTRIEL,55054505.400000006
Laurentides,2020-06-01,COMMERCIAL,129555911.2
Laurentides,2020-07-01,INSTITUTIONNEL,31794850.1
Laurentides,2020-07-01,RÉSIDENTIEL,360488943.0
Laurentides,2020-08-01,RÉSIDENTIEL,342230474.0
Laurentides,2020-09-01,AGRICOLE,7615226.0
Laurentides,2020-09-01,COMMERCIAL,135281547.1
Laurentides,2020-09-01,RÉSIDENTIEL,320959764.0
Laurentides,2020-11-01,INDUSTRIEL,
Laurentides,2020-11-01,INSTITUTIONNEL,
Laurentides,2020-11-01,RÉSIDENTIEL,
Laurentides,2020-12-01,AGRICOLE,11622475.0
Laurentides,2020-12-01,COMMERCIAL,195905906.0
Laurentides,2021-02-01,INDUSTRIEL,58766899.3
Laurentides,2021-02-01,RÉSIDENTIEL,806200371.0
Laurentides,2021-03-01,INDUSTRIEL,66511320.1
Laurentides,2021-04-01,COMMERCIAL,146184627.0
Laurentides,2021-04-01,INDUSTRIEL,59031288.099999994
Laurentides,2021-04-01,RÉSIDENTIEL,449606332.0
Laurentides,2021-05-01,AGRICOLE,7825204.0
Laurentides,2021-05-01,COMMERCIAL,147245827.3
Laurentides,2021-05-01,INSTITUTIONNEL,33174995.2
Laurentides,2021-06-01,RÉSIDENTIEL,341693843.0
Laurentides,2021-08-01,INDUSTRIEL,62340144.300000004
Laurentides,2021-08-01,INSTITUTIONNEL,33884525.0
Laurentides,2021-08-01,RÉSIDENTIEL,363690981.0
Laurentides,2021-09-01,COMMERCIAL,148860604.3
Laurentides,2021-09-01,RÉSIDENTIEL,309515520.0
Laurentides,2021-11-01,INDUSTRIEL,59934932.0
Laurentides,2021-12-01,RÉSIDENTIEL,831848893.0
Laurentides,2022-01-01,INDUSTRIEL,67140349.0
Laurentides,2022-03-01,COMMERCIAL,204481593.0
Laurentides,2022-03-01,INDUSTRIEL,67048290.4
Laurentides,2022-04-01,COMMERCIAL,168063702.9
Laurentides,2022-04-01,INDUSTRIEL,61385573.0
Laurentides,2022-04-01,INSTITUTIONNEL,40183462.9
Laurentides,2022-04-01,RÉSIDENTIEL,529861876.0
Laurentides,2022-05-01,AGRICOLE,7796796.0
Laurentides,2022-06-01,INSTITUTIONNEL,31598401.4
Laurentides,2022-07-01,AGRICOLE,7263437.0
Laurentides,2022-07-01,COMMERCIAL,161498265.8
Laurentides,2022-07-01,INDUSTRIEL,61942877.300000004
Laurentides,2022-08-01,AGRICOLE,7402918.0
Laurentides,2022-10-01,COMMERCIAL,159538966.9
Laurentides,2022-10-01,INSTITUTIONNEL,37202272.8
Laurentides,2022-11-01,AGRICOLE,11100750.0
Laurentides,2022-12-01,COMMERCIAL,209284685.3
Laurentides,2022-12-01,RÉSIDENTIEL,775208159.0
Laurentides,2023-02-01,AGRICOLE,13920990.0
Laurentides,2023-02-01,INDUSTRIEL,61327140.7
Laurentides,2023-02-01,INSTITUTIONNEL,46256787.1
Laurentides,2023-02-01,RÉSIDENTIEL,828318196.0
Laurentides,2023-03-01,INDUSTRIEL,61307436.4
Laurentides,2023-03-01,INSTITUTIONNEL,46071484.3
Laurentides,2023-03-01,RÉSIDENTIEL,699791000.0
Laurentides,2023-04-01,AGRICOLE,10792934.0
Laurentides,2023-04-01,COMMERCIAL,163026257.4
Laurentides,2023-04-01,INDUSTRIEL,55455966.7
Laurentides,2023-05-01,AGRICOLE,8128057.0
Laurentides,2023-05-01,COMMERCIAL,159274068.60000002
Laurentides,2023-06-01,COMMERCIAL,157259677.1
Laurentides,2023-06-01,INDUSTRIEL,54531163.4
Laurentides,2023-06-01,RÉSIDENTIEL,338024495.0
Laurentides,2023-07-01,RÉSIDENTIEL,363817091.0
Laurentides,2023-08-01,AGRICOLE,7289947.0
Laurentides,2023-08-01,COMMERCIAL,171634682.9
Laurentides,2023-08-01,INSTITUTIONNEL,31512921.2
Laurentides,2023-09-01,COMMERCIAL,163491730.5
Laurentides,2023-10-01,RÉSIDENTIEL,373636287.0
Laurentides,2023-11-01,AGRICOLE,11866571.0
Laurentides,2023-11-01,RÉSIDENTIEL,634380320.0
Laurentides,2023-12-01,INSTITUTIONNEL,46454375.9
Laval,2016-01-01,COMMERCIAL,136219683.8
Laval,2016-02-01,INSTITUTIONNEL,25424165.2
Laval,2016-03-01,INDUSTRIEL,33178583.0
Laval,2016-03-01,INSTITUTIONNEL,25001277.8
Laval,2016-04-01,INSTITUTIONNEL,22250951.6
Laval,2016-05-01,RÉSIDENTIEL,185515550.0
Laval,2016-06-01,AGRICOLE,685779.0
Laval,2016-06-01,COMMERCIAL,103301687.8
Laval,2016-07-01,AGRICOLE,853853.0
Laval,2016-07-01,INDUSTRIEL,30831172.503225803
Laval,2016-08-01,AGRICOLE,845534.0
Laval,2016-08-01,INDUSTRIEL,32543691.29032258
Laval,2016-09-01,AGRICOLE,738215.0
Laval,2016-09-01,RÉSIDENTIEL,154679141.0
Laval,2016-10-01,AGRICOLE,769495.0
Laval,2016-10-01,COMMERCIAL,101560509.4
Laval,2016-10-01,INDUSTRIEL,32064821.525806453
Laval,2016-11-01,AGRICOLE,702544.0
Laval,2016-11-01,INDUSTRIEL,33409552.274193548
Laval,2016-11-01,RÉSIDENTIEL,271831925.0
Laval,2017-01-01,AGRICOLE,887856.0
Laval,2017-01-01,RÉSIDENTIEL,441220177.0
Laval,2017-02-01,COMMERCIAL,119513419.85
Laval,2017-02-01,RÉSIDENTIEL,387938827.0
Laval,2017-03-01,AGRICOLE,1026324.0
Laval,2017-03-01,COMMERCIAL,129042677.5
Laval,2017-03-01,RÉSIDENTIEL,417543327.0
Laval,2017-04-01,INSTITUTIONNEL,21734505.8
Laval,2017-04-01,RÉSIDENTIEL,243901520.0
Laval,2017-05-01,AGRICOLE,688195.0
Laval,2017-05-01,RÉSIDENTIEL,188465652.0
Laval,2017-06-01,COMMERCIAL,100519515.5
Laval,2017-07-01,COMMERCIAL,104772173.9
Laval,2017-07-01,INSTITUTIONNEL,17967583.0
Laval,2017-07-01,RÉSIDENTIEL,174519349.0
Laval,2017-08-01,RÉSIDENTIEL,171294003.0
Laval,2017-09-01,INSTITUTIONNEL,18880818.6
Laval,2017-09-01,RÉSIDENTIEL,159691309.0
Laval,2017-10-01,AGRICOLE,771712.0
Laval,2017-10-01,INDUSTRIEL,35407948.86290322
Laval,2017-10-01,INSTITUTIONNEL,19539702.0
Laval,2017-11-01,INDUSTRIEL,37588573.38709678
Laval,2017-12-01,INSTITUTIONNEL,26041260.0
Laval,2017-12-01,RÉSIDENTIEL,495759502.0
Laval,2018-01-01,COMMERCIAL,146120617.5
Laval,2018-01-01,RÉSIDENTIEL,533257139.0
Laval,2018-02-01,INDUSTRIEL,34889033.96555299
Laval,2018-03-01,AGRICOLE,1036888.0
Laval,2018-04-01,INSTITUTIONNEL,22447156.8
Laval,2018-04-01,RÉSIDENTIEL,290842967.0
Laval,2018-05-01,INDUSTRIEL,36673775.145161286
Laval,2018-05-01,INSTITUTIONNEL,20408294.0
Laval,2018-05-01,RÉSIDENTIEL,170494901.0
Laval,2018-06-01,COMMERCIAL,102778621.4
Laval,2018-06-01,RÉSIDENTIEL,169261376.0
Laval,2018-07-01,COMMERCIAL,115579238.0
Laval,2018-07-01,INDUSTRIEL,35743228.687096775
Laval,2018-07-01,RÉSIDENTIEL,193964185.0
Laval,2018-08-01,AGRICOLE,941244.0
Laval,2018-08-01,RÉSIDENTIEL,186010103.0
Laval,2018-09-01,INDUSTRIEL,33012543.12580645
Laval,2018-10-01,INDUSTRIEL,36380674.13225806
Laval,2018-10-01,RÉSIDENTIEL,233860317.0
Laval,2018-11-01,AGRICOLE,853416.0
Laval,2018-12-01,INDUSTRIEL,34328870.09677419
Laval,2018-12-01,RÉSIDENTIEL,457609152.0
Laval,2019-01-01,COMMERCIAL,148184681.2
Laval,2019-01-01,INDUSTRIEL,37775245.23225807
Laval,2019-01-01,INSTITUTIONNEL,27542678.4
Laval,2019-02-01,COMMERCIAL,129731556.0
Laval,2019-02-01,INDUSTRIEL,35306981.78168203
Laval,2019-02-01,INSTITUTIONNEL,24696163.0
Laval,2019-02-01,RÉSIDENTIEL,455873410.0
Laval,2019-03-01,AGRICOLE,1033076.0
Laval,2019-03-01,INDUSTRIEL,37064375.18928572
Laval,2019-03-01,RÉSIDENTIEL,401201904.0
Laval,2019-04-01,COMMERCIAL,106580856.5
Laval,2019-04-01,INSTITUTIONNEL,22454167.0
Laval,2019-04-01,RÉSIDENTIEL,275135532.0
Laval,2019-05-01,COMMERCIAL,100775215.5
Laval,2019-05-01,RÉSIDENTIEL,192003631.0
Laval,2019-06-01,AGRICOLE,645903.0
Laval,2019-06-01,COMMERCIAL,99302094.8
Laval,2019-06-01,INSTITUTIONNEL,18811687.6
Laval,2019-06-01,RÉSIDENTIEL,169071462.0
Laval,2019-07-01,INDUSTRIEL,34462150.45967742
Laval,2019-08-01,RÉSIDENTIEL,177474762.0
Laval,2019-09-01,AGRICOLE,834125.0
Laval,2019-09-01,RÉSIDENTIEL,149963315.0
Laval,2019-10-01,AGRICOLE,938281.0
Laval,2019-10-01,INDUSTRIEL,33095498.572580647
Laval,2019-11-01,RÉSIDENTIEL,348210158.0
Laval,2019-12-01,INSTITUTIONNEL,25583112.3
Laval,2019-12-01,RÉSIDENTIEL,443839585.0
Laval,2020-01-01,AGRICOLE,1071445.0
Laval,2020-01-01,COMMERCIAL,137797605.4
Laval,2020-01-01,INSTITUTIONNEL,26493304.9
Laval,2020-03-01,COMMERCIAL,115583253.9
Laval,2020-03-01,INDUSTRIEL,33548637.686206896
Laval,2020-04-01,AGRICOLE,853144.0
Laval,2020-06-01,INDUSTRIEL,32399472.89032258
Laval,2020-06-01,RÉSIDENTIEL,192832636.0
Laval,2020-07-01,INDUSTRIEL,33585906.99032258
Laval,2020-08-01,RÉSIDENTIEL,191426802.0
Laval,2020-09-01,RÉSIDENTIEL,162185229.0
Laval,2020-10-01,INDUSTRIEL,34173350.867741935
Laval,2020-11-01,INDUSTRIEL,34381460.132258065
Laval,2021-01-01,INDUSTRIEL,34267628.548387095
Laval,2021-02-01,COMMERCIAL,119168321.5
Laval,2021-02-01,RÉSIDENTIEL,432258442.0
Laval,2021-03-01,COMMERCIAL,117281993.0
Laval,2021-03-01,INDUSTRIEL,35311004.77142857
Laval,2021-04-01,AGRICOLE,816170.0
Laval,2021-04-01,INDUSTRIEL,32139691.2
Laval,2021-05-01,INDUSTRIEL,32741571.338709675
Laval,2021-05-01,RÉSIDENTIEL,193626584.0
Laval,2021-06-01,COMMERCIAL,101617911.8
Laval,2021-07-01,AGRICOLE,930997.0
Laval,2021-07-01,INDUSTRIEL,30996655.48064516
Laval,2021-08-01,AGRICOLE,1060394.0
Laval,2021-10-01,AGRICOLE,889808.0
Laval,2021-10-01,INSTITUTIONNEL,19352533.1
Laval,2021-10-01,RÉSIDENTIEL,185731420.0
Laval,2021-11-01,AGRICOLE,790721.0
Laval,2021-11-01,COMMERCIAL,111083108.6
Laval,2021-11-01,INDUSTRIEL,33560814.4
Laval,2021-12-01,AGRICOLE,912744.0
Laval,2022-01-01,RÉSIDENTIEL,588834079.0
Laval,2022-02-01,AGRICOLE,1017496.0
Laval,2022-03-01,AGRICOLE,981472.0
Laval,2022-04-01,INSTITUTIONNEL,21808987.6
Laval,2022-05-01,COMMERCIAL,100125130.0
Laval,2022-05-01,INSTITUTIONNEL,19324829.8
Laval,2022-05-01,RÉSIDENTIEL,185470495.0
Laval,2022-06-01,INDUSTRIEL,31048556.25483871
Laval,2022-06-01,RÉSIDENTIEL,175187983.0
Laval,2022-07-01,INDUSTRIEL,30178926.990322582
Laval,2022-07-01,INSTITUTIONNEL,18477313.1
Laval,2022-07-01,RÉSIDENTIEL,196760306.0
Laval,2022-08-01,AGRICOLE,907048.0
Laval,2022-09-01,AGRICOLE,745388.0
Laval,2022-10-01,COMMERCIAL,97928579.0
Laval,2022-10-01,INDUSTRIEL,30332940.03548387
Laval,2022-10-01,RÉSIDENTIEL,189891296.0
Laval,2022-12-01,AGRICOLE,869663.0
Laval,2022-12-01,COMMERCIAL,127867104.0
Laval,2022-12-01,INSTITUTIONNEL,25459641.9
Laval,2023-03-01,RÉSIDENTIEL,369874718.0
Laval,2023-05-01,COMMERCIAL,99201378.9
Laval,2023-05-01,INDUSTRIEL,30033474.017741937
Laval,2023-05-01,INSTITUTIONNEL,19832722.9
Laval,2023-07-01,INDUSTRIEL,29661680.727419354
Laval,2023-08-01,INDUSTRIEL,30763407.71612903
Laval,2023-08-01,RÉSIDENTIEL,182487767.0
Laval,2023-09-01,AGRICOLE,856936.0
Laval,2023-09-01,COMMERCIAL,98206751.4
Laval,2023-09-01,INDUSTRIEL,29323672.80645161
Laval,2023-10-01,COMMERCIAL,99078738.8
Laval,2023-10-01,RÉSIDENTIEL,185299935.0
Laval,2023-11-01,COMMERCIAL,115422773.9
Laval,2023-11-01,INDUSTRIEL,30899587.880645163
Laval,2023-12-01,AGRICOLE,893611.0
Laval,2023-12-01,COMMERCIAL,126809364.0
Mauricie,2016-01-01,COMMERCIAL,86595387.4
Mauricie,2016-01-01,INDUSTRIEL,211951497.83050597
Mauricie,2016-01-01,INSTITUTIONNEL,25562118.0
Mauricie,2016-04-01,RÉSIDENTIEL,202124301.0
Mauricie,2016-05-01,INSTITUTIONNEL,18514685.0
Mauricie,2016-06-01,COMMERCIAL,61953261.0
Mauricie,2016-06-01,RÉSIDENTIEL,113807030.0
Mauricie,2016-07-01,AGRICOLE,5127037.0
Mauricie,2016-07-01,INDUSTRIEL,196051869.94377145
Mauricie,2016-08-01,INSTITUTIONNEL,18385617.0
Mauricie,2016-10-01,COMMERCIAL,62530571.4
Mauricie,2016-10-01,INDUSTRIEL,205453941.9244163
Mauricie,2016-12-01,AGRICOLE,8794588.0
Mauricie,2016-12-01,INDUSTRIEL,202311368.2383126
Mauricie,2017-01-01,INSTITUTIONNEL,25392853.0
Mauricie,2017-02-01,AGRICOLE,7502536.0
Mauricie,2017-02-01,COMMERCIAL,77069962.8
Mauricie,2017-02-01,INSTITUTIONNEL,23181240.0
Mauricie,2017-03-01,COMMERCIAL,83652537.0
Mauricie,2017-03-01,RÉSIDENTIEL,289738021.0
Mauricie,2017-04-01,AGRICOLE,6213682.0
Mauricie,2017-05-01,AGRICOLE,5676764.0
Mauricie,2017-07-01,AGRICOLE,5181892.0
Mauricie,2017-07-01,COMMERCIAL,63384300.4
Mauricie,2017-08-01,COMMERCIAL,64186839.0
Mauricie,2017-08-01,RÉSIDENTIEL,115667868.0
Mauricie,2017-09-01,AGRICOLE,5731548.0
Mauricie,2017-09-01,INSTITUTIONNEL,18309763.0
Mauricie,2017-10-01,AGRICOLE,6517565.0
Mauricie,2017-10-01,INDUSTRIEL,168901704.2069345
Mauricie,2017-10-01,INSTITUTIONNEL,19433728.0
Mauricie,2017-11-01,AGRICOLE,8793648.0
Mauricie,2017-11-01,RÉSIDENTIEL,230373227.0
Mauricie,2017-12-01,COMMERCIAL,90295412.8
Mauricie,2017-12-01,INSTITUTIONNEL,26364157.0
Mauricie,2018-01-01,AGRICOLE,9904337.0
Mauricie,2018-01-01,INSTITUTIONNEL,27622290.0
Mauricie,2018-01-01,RÉSIDENTIEL,367867624.0
Mauricie,2018-02-01,AGRICOLE,8145030.0
Mauricie,2018-02-01,INDUSTRIEL,163567261.50800595
Mauricie,2018-02-01,RÉSIDENTIEL,280774425.0
Mauricie,2018-03-01,AGRICOLE,7407033.0
Mauricie,2018-03-01,INSTITUTIONNEL,23859173.0
Mauricie,2018-04-01,INDUSTRIEL,169540698.42617032
Mauricie,2018-06-01,INDUSTRIEL,158786508.45445913
Mauricie,2018-06-01,INSTITUTIONNEL,17305227.0
Mauricie,2018-07-01,INSTITUTIONNEL,18014028.0
Mauricie,2018-08-01,AGRICOLE,5645872.0
Mauricie,2018-08-01,COMMERCIAL,68559493.4
Mauricie,2018-09-01,AGRICOLE,4981094.0
Mauricie,2018-09-01,COMMERCIAL,61563329.4
Mauricie,2018-10-01,AGRICOLE,7164152.0
Mauricie,2018-10-01,RÉSIDENTIEL,175151719.0
Mauricie,2018-12-01,COMMERCIAL,87814557.4
Mauricie,2018-12-01,RÉSIDENTIEL,324154266.0
Mauricie,2019-01-01,COMMERCIAL,96192261.4
Mauricie,2019-01-01,RÉSIDENTIEL,367183934.0
Mauricie,2019-02-01,COMMERCIAL,84353040.6
Mauricie,2019-02-01,RÉSIDENTIEL,309486911.0
Mauricie,2019-03-01,COMMERCIAL,82560240.6
Mauricie,2019-03-01,INDUSTRIEL,183899052.07136166
Mauricie,2019-03-01,INSTITUTIONNEL,24644345.0
Mauricie,2019-05-01,INDUSTRIEL,173437028.4877688
Mauricie,2019-06-01,AGRICOLE,4901491.0
Mauricie,2019-06-01,RÉSIDENTIEL,117057038.0
Mauricie,2019-09-01,INSTITUTIONNEL,18813778.0
Mauricie,2019-09-01,RÉSIDENTIEL,110655531.0
Mauricie,2019-10-01,AGRICOLE,6313329.0
Mauricie,2019-10-01,INDUSTRIEL,185528464.1649011
Mauricie,2019-10-01,INSTITUTIONNEL,20724893.0
Mauricie,2019-11-01,AGRICOLE,8693779.0
Mauricie,2019-11-01,INDUSTRIEL,177844755.96587846
Mauricie,2019-12-01,COMMERCIAL,86574844.8
Mauricie,2020-01-01,AGRICOLE,9740191.0
Mauricie,2020-01-01,COMMERCIAL,89234570.8
Mauricie,2020-01-01,INSTITUTIONNEL,26143536.0
Mauricie,2020-02-01,AGRICOLE,8953112.0
Mauricie,2020-02-01,INDUSTRIEL,183445541.27996635
Mauricie,2020-02-01,INSTITUTIONNEL,24656994.0
Mauricie,2020-04-01,AGRICOLE,6649921.0
Mauricie,2020-04-01,RÉSIDENTIEL,206338822.0
Mauricie,2020-05-01,AGRICOLE,5287033.0
Mauricie,2020-05-01,COMMERCIAL,56411436.2
Mauricie,2020-05-01,RÉSIDENTIEL,154059020.0
Mauricie,2020-06-01,AGRICOLE,5147859.0
Mauricie,2020-06-01,COMMERCIAL,58993606.2
Mauricie,2020-08-01,AGRICOLE,5573072.0
Mauricie,2020-08-01,INDUSTRIEL,177643432.50253555
Mauricie,2020-10-01,COMMERCIAL,64225653.0
Mauricie,2020-11-01,INDUSTRIEL,171265278.18246928
Mauricie,2021-01-01,INSTITUTIONNEL,24907548.0
Mauricie,2021-01-01,RÉSIDENTIEL,321326365.0
Mauricie,2021-02-01,AGRICOLE,9061065.0
Mauricie,2021-03-01,AGRICOLE,8307736.0
Mauricie,2021-04-01,COMMERCIAL,63210665.4
Mauricie,2021-04-01,INDUSTRIEL,169679763.20193067
Mauricie,2021-04-01,RÉSIDENTIEL,171915592.0
Mauricie,2021-06-01,COMMERCIAL,64018601.8
Mauricie,2021-06-01,INSTITUTIONNEL,18056169.0
Mauricie,2021-06-01,RÉSIDENTIEL,124740726.0
Mauricie,2021-07-01,INDUSTRIEL,175590512.74098307
Mauricie,2021-08-01,RÉSIDENTIEL,136013834.0
Mauricie,2021-10-01,AGRICOLE,7685682.0
Mauricie,2021-10-01,COMMERCIAL,62621247.2
Mauricie,2021-12-01,INSTITUTIONNEL,25766617.0
Mauricie,2022-01-01,COMMERCIAL,100518411.4
Mauricie,2022-01-01,INSTITUTIONNEL,28311907.0
Mauricie,2022-04-01,COMMERCIAL,68029297.2
Mauricie,2022-04-01,INDUSTRIEL,180434720.6150202
Mauricie,2022-04-01,RÉSIDENTIEL,201892525.0
Mauricie,2022-05-01,COMMERCIAL,63717744.8
Mauricie,2022-05-01,RÉSIDENTIEL,135394575.0
Mauricie,2022-06-01,RÉSIDENTIEL,122669943.0
Mauricie,2022-07-01,AGRICOLE,5752947.0
Mauricie,2022-07-01,INDUSTRIEL,179755950.21954685
Mauricie,2022-08-01,AGRICOLE,5846933.0
Mauricie,2022-08-01,INDUSTRIEL,169970141.6575883
Mauricie,2022-08-01,RÉSIDENTIEL,130317101.0
Mauricie,2022-09-01,INDUSTRIEL,166265003.80548388
Mauricie,2022-10-01,INSTITUTIONNEL,20508280.0
Mauricie,2022-11-01,INDUSTRIEL,182855284.978821
Mauricie,2022-12-01,AGRICOLE,9316207.0
Mauricie,2022-12-01,RÉSIDENTIEL,297471191.0
Mauricie,2023-01-01,INSTITUTIONNEL,26212794.0
Mauricie,2023-02-01,INDUSTRIEL,173893097.05639225
Mauricie,2023-03-01,COMMERCIAL,82742640.2
Mauricie,2023-03-01,INDUSTRIEL,188605217.54372677
Mauricie,2023-06-01,AGRICOLE,5324850.0
Mauricie,2023-06-01,COMMERCIAL,63607860.8
Mauricie,2023-07-01,INDUSTRIEL,160435643.92179337
Mauricie,2023-08-01,AGRICOLE,5714169.0
Mauricie,2023-08-01,COMMERCIAL,66529083.5
Mauricie,2023-08-01,INDUSTRIEL,168320493.32384792
Mauricie,2023-09-01,RÉSIDENTIEL,119907618.0
Mauricie,2023-10-01,INDUSTRIEL,170221900.67598504
Mauricie,2023-10-01,INSTITUTIONNEL,20212258.0
Mauricie,2023-10-01,RÉSIDENTIEL,138636409.0
Mauricie,2023-11-01,AGRICOLE,9294918.0
Mauricie,2023-11-01,RÉSIDENTIEL,241811774.0
Mauricie,2023-12-01,AGRICOLE,9455228.0
Montréal,2016-01-01,RÉSIDENTIEL,1906118857.0
Montréal,2016-02-01,INSTITUTIONNEL,263880857.921802
Montréal,2016-03-01,INSTITUTIONNEL,263787668.762069
Montréal,2016-04-01,COMMERCIAL,802948879.0157574
Montréal,2016-04-01,INDUSTRIEL,316745483.5672946
Montréal,2016-04-01,INSTITUTIONNEL,236194549.9
Montréal,2016-04-01,RÉSIDENTIEL,1097614638.0
Montréal,2016-05-01,COMMERCIAL,775742777.4777907
Montréal,2016-06-01,INDUSTRIEL,323978022.32006943
Montréal,2016-07-01,AGRICOLE,589795.0
Montréal,2016-07-01,INSTITUTIONNEL,218886436.99999997
Montréal,2016-08-01,AGRICOLE,608922.0
Montréal,2016-08-01,INDUSTRIEL,342677003.5476508
Montréal,2016-08-01,RÉSIDENTIEL,676463939.0
Montréal,2016-09-01,COMMERCIAL,769640206.284516
Montréal,2016-09-01,INDUSTRIEL,322455776.3242581
Montréal,2016-09-01,INSTITUTIONNEL,216218475.1
Montréal,2016-10-01,AGRICOLE,600962.0
Montréal,2016-11-01,COMMERCIAL,811523341.0548388
Montréal,2016-12-01,INDUSTRIEL,328474021.5667339
Montréal,2017-01-01,RÉSIDENTIEL,1809984693.0
Montréal,2017-02-01,COMMERCIAL,885607256.6391706
Montréal,2017-02-01,RÉSIDENTIEL,1598650605.0
Montréal,2017-03-01,AGRICOLE,826629.0
Montréal,2017-04-01,AGRICOLE,612975.0
Montréal,2017-04-01,RÉSIDENTIEL,978356067.0
Montréal,2017-05-01,INDUSTRIEL,329968900.86540145
Montréal,2017-05-01,INSTITUTIONNEL,221178850.79999998
Montréal,2017-06-01,COMMERCIAL,772231887.1301075
Montréal,2017-06-01,INSTITUTIONNEL,209479922.4
Montréal,2017-07-01,INDUSTRIEL,334852759.32715845
Montréal,2017-08-01,INDUSTRIEL,345254032.1648575
Montréal,2017-08-01,INSTITUTIONNEL,216076423.8
Montréal,2017-08-01,RÉSIDENTIEL,619557108.0
Montréal,2017-09-01,AGRICOLE,540488.0
Montréal,2017-09-01,COMMERCIAL,773688648.6161289
Montréal,2017-09-01,INDUSTRIEL,327902627.9558484
Montréal,2017-09-01,RÉSIDENTIEL,596489172.0
Montréal,2017-10-01,RÉSIDENTIEL,657196465.0
Montréal,2017-11-01,INDUSTRIEL,329740844.51147735
Montréal,2017-11-01,INSTITUTIONNEL,239087351.9
Montréal,2017-11-01,RÉSIDENTIEL,1295514781.0
Montréal,2017-12-01,RÉSIDENTIEL,2026346098.0
Montréal,2018-01-01,COMMERCIAL,1070942584.8847699
Montréal,2018-02-01,INDUSTRIEL,320296980.70088536
Montréal,2018-02-01,INSTITUTIONNEL,244736186.4
Montréal,2018-02-01,RÉSIDENTIEL,1628673820.0
Montréal,2018-03-01,AGRICOLE,726430.0
Montréal,2018-03-01,INSTITUTIONNEL,253302477.8
Montréal,2018-03-01,RÉSIDENTIEL,1499360451.0
Montréal,2018-04-01,AGRICOLE,580889.0
Montréal,2018-05-01,COMMERCIAL,792255467.0992864
Montréal,2018-05-01,INDUSTRIEL,325610341.7091304
Montréal,2018-05-01,INSTITUTIONNEL,212173474.8
Montréal,2018-05-01,RÉSIDENTIEL,654375600.0
Montréal,2018-06-01,INDUSTRIEL,324955605.6675693
Montréal,2018-06-01,RÉSIDENTIEL,611745140.0
Montréal,2018-07-01,COMMERCIAL,889841608.3107526
Montréal,2018-07-01,INDUSTRIEL,343050111.636521
Montréal,2018-07-01,RÉSIDENTIEL,720507473.0
Montréal,2018-08-01,COMMERCIAL,892132129.6193547
Montréal,2018-08-01,INDUSTRIEL,349437915.29653555
Montréal,2018-09-01,COMMERCIAL,787504001.8698926
Montréal,2018-09-01,INDUSTRIEL,321778457.60113955
Montréal,2018-09-01,RÉSIDENTIEL,606785488.0
Montréal,2018-10-01,AGRICOLE,656357.0
Montréal,2018-10-01,COMMERCIAL,823884185.3107525
Montréal,2018-10-01,RÉSIDENTIEL,956467459.0
Montréal,2018-11-01,AGRICOLE,787988.0
Montréal,2018-11-01,INSTITUTIONNEL,247770029.40000004
Montréal,2018-12-01,INDUSTRIEL,332460196.9356268
Montréal,2018-12-01,RÉSIDENTIEL,1865512212.0
Montréal,2019-01-01,AGRICOLE,1010616.0
Montréal,2019-02-01,INDUSTRIEL,323342845.5823881
Montréal,2019-03-01,AGRICOLE,780095.0
Montréal,2019-03-01,INDUSTRIEL,339209405.4431524
Montréal,2019-04-01,RÉSIDENTIEL,1115550917.0
Montréal,2019-05-01,AGRICOLE,515922.0
Montréal,2019-05-01,INDUSTRIEL,317357240.1252462
Montréal,2019-05-01,RÉSIDENTIEL,736212611.0
Montréal,2019-06-01,AGRICOLE,496693.0
Montréal,2019-06-01,INDUSTRIEL,314201114.0936531
Montréal,2019-07-01,INDUSTRIEL,341839235.25825644
Montréal,2019-08-01,COMMERCIAL,843432889.0290322
Montréal,2019-08-01,INSTITUTIONNEL,208503827.3
Montréal,2019-09-01,AGRICOLE,616515.0
Montréal,2019-10-01,INSTITUTIONNEL,216461098.80000004
Montréal,2019-10-01,RÉSIDENTIEL,787850786.0
Montréal,2019-11-01,COMMERCIAL,906605540.7225808
Montréal,2019-12-01,AGRICOLE,1044144.0
Montréal,2019-12-01,COMMERCIAL,994796402.9741935
Montréal,2019-12-01,INDUSTRIEL,332462837.74784184
Montréal,2019-12-01,INSTITUTIONNEL,260246505.4
Montréal,2019-12-01,RÉSIDENTIEL,1829365675.0
Montréal,2020-01-01,INDUSTRIEL,341290875.1597365
Montréal,2020-01-01,RÉSIDENTIEL,1900201137.0
Montréal,2020-02-01,RÉSIDENTIEL,1746878413.0
Montréal,2020-03-01,AGRICOLE,925470.0
Montréal,2020-03-01,COMMERCIAL,884213374.5965519
Montréal,2020-03-01,INSTITUTIONNEL,240487226.00000003
Montréal,2020-03-01,RÉSIDENTIEL,1478121362.0
Montréal,2020-04-01,INDUSTRIEL,271967139.99484974
Montréal,2020-04-01,INSTITUTIONNEL,192313805.0
Montréal,2020-05-01,COMMERCIAL,701218590.3451612
Montréal,2020-05-01,INSTITUTIONNEL,186181452.8
Montréal,2020-06-01,COMMERCIAL,729313540.4319221
Montréal,2020-07-01,INDUSTRIEL,324778772.88768196
Montréal,2020-07-01,INSTITUTIONNEL,200512790.5
Montréal,2020-07-01,RÉSIDENTIEL,767835445.0
Montréal,2020-08-01,COMMERCIAL,788748503.0354837
Montréal,2020-08-01,INSTITUTIONNEL,200152216.3
Montréal,2020-08-01,RÉSIDENTIEL,679054842.0
Montréal,2020-09-01,AGRICOLE,717700.0
Montréal,2020-10-01,AGRICOLE,880287.0
Montréal,2020-10-01,COMMERCIAL,743450361.3193549
Montréal,2020-10-01,RÉSIDENTIEL,855236557.0
Montréal,2020-11-01,AGRICOLE,990599.0
Montréal,2020-11-01,COMMERCIAL,795277301.2806453
Montréal,2020-12-01,AGRICOLE,1201015.0
Montréal,2020-12-01,COMMERCIAL,923147543.7903227
Montréal,2021-01-01,AGRICOLE,1268605.0
Montréal,2021-01-01,INSTITUTIONNEL,251272166.20000002
Montréal,2021-01-01,RÉSIDENTIEL,1920874442.0
Montréal,2021-02-01,COMMERCIAL,896808537.7516128
Montréal,2021-02-01,INDUSTRIEL,318789550.1762508
Montréal,2021-03-01,AGRICOLE,1142364.0
Montréal,2021-04-01,COMMERCIAL,738636508.0333333
Montréal,2021-04-01,INDUSTRIEL,302808177.9567313
Montréal,2021-05-01,AGRICOLE,1008930.0
Montréal,2021-05-01,INDUSTRIEL,313719395.7798729
Montréal,2021-05-01,INSTITUTIONNEL,190281985.5
Montréal,2021-06-01,INSTITUTIONNEL,190657216.7
Montréal,2021-07-01,COMMERCIAL,802079720.9817204
Montréal,2021-08-01,AGRICOLE,1225690.0
Montréal,2021-08-01,INDUSTRIEL,330967259.2842151
Montréal,2021-09-01,COMMERCIAL,746479590.2451615
Montréal,2021-09-01,INSTITUTIONNEL,188053475.00000003
Montréal,2021-09-01,RÉSIDENTIEL,576368718.0
Montréal,2021-10-01,INSTITUTIONNEL,195256553.49999997
Montréal,2021-10-01,RÉSIDENTIEL,725064580.0
Montréal,2021-11-01,COMMERCIAL,834115255.2419356
Montréal,2021-12-01,COMMERCIAL,964841446.7741935
Montréal,2021-12-01,INSTITUTIONNEL,248390484.8
Montréal,2022-01-01,AGRICOLE,1569206.0
Montréal,2022-01-01,INDUSTRIEL,346658499.6619202
Montréal,2022-01-01,RÉSIDENTIEL,2392959200.0
Montréal,2022-02-01,COMMERCIAL,957464876.2692872
Montréal,2022-03-01,INSTITUTIONNEL,250092988.1
Montréal,2022-04-01,AGRICOLE,1190354.0
Montréal,2022-04-01,COMMERCIAL,792339618.0333334
Montréal,2022-04-01,INDUSTRIEL,302181572.7491245
Montréal,2022-05-01,AGRICOLE,1183051.0
Montréal,2022-05-01,INSTITUTIONNEL,195398701.7
Montréal,2022-05-01,RÉSIDENTIEL,680334014.0
Montréal,2022-06-01,AGRICOLE,1192446.0
Montréal,2022-07-01,AGRICOLE,1253015.0
Montréal,2022-07-01,INDUSTRIEL,323421375.6796951
Montréal,2022-08-01,COMMERCIAL,833903058.7064517
Montréal,2022-08-01,INDUSTRIEL,324980971.36886185
Montréal,2022-09-01,INSTITUTIONNEL,191450620.50000003
Montréal,2022-09-01,RÉSIDENTIEL,603180603.0
Montréal,2022-10-01,INDUSTRIEL,303913499.9074808
Montréal,2022-11-01,INDUSTRIEL,320824142.0943881
Montréal,2022-11-01,INSTITUTIONNEL,219325199.7
Montréal,2022-12-01,AGRICOLE,1358319.0
Montréal,2022-12-01,INDUSTRIEL,320243333.4829697
Montréal,2022-12-01,RÉSIDENTIEL,1674124836.0
Montréal,2023-01-01,INDUSTRIEL,333343046.1293037
Montréal,2023-03-01,AGRICOLE,1274159.0
Montréal,2023-03-01,COMMERCIAL,931223403.2214285
Montréal,2023-03-01,INSTITUTIONNEL,245711508.5
Montréal,2023-04-01,AGRICOLE,1098626.0
Montréal,2023-04-01,INDUSTRIEL,296939685.49650073
Montréal,2023-04-01,INSTITUTIONNEL,203556071.0
Montréal,2023-05-01,AGRICOLE,1144636.0
Montréal,2023-05-01,INSTITUTIONNEL,195862656.1
Montréal,2023-06-01,INSTITUTIONNEL,187959533.29999998
Montréal,2023-06-01,RÉSIDENTIEL,637714836.0
Montréal,2023-07-01,COMMERCIAL,836233387.5387095
Montréal,2023-07-01,RÉSIDENTIEL,713980173.0
Montréal,2023-08-01,INDUSTRIEL,318721535.00516325
Montréal,2023-08-01,INSTITUTIONNEL,196867963.9
Montréal,2023-09-01,RÉSIDENTIEL,607673050.0
Montréal,2023-11-01,INDUSTRIEL,324116342.6851728
Montréal,2023-11-01,RÉSIDENTIEL,1323450891.0
Montréal,2023-12-01,RÉSIDENTIEL,1641326799.0
Montérégie,2016-02-01,AGRICOLE,41704531.0
Montérégie,2016-02-01,COMMERCIAL,362081631.8
Montérégie,2016-03-01,AGRICOLE,40412720.0
Montérégie,2016-03-01,COMMERCIAL,345482781.0
Montérégie,2016-03-01,INDUSTRIEL,899104404.2347425
Montérégie,2016-03-01,INSTITUTIONNEL,127893022.60344827
Montérégie,2016-04-01,INSTITUTIONNEL,111670471.51333334
Montérégie,2016-04-01,RÉSIDENTIEL,925728471.0
Montérégie,2016-05-01,AGRICOLE,31614423.0
Montérégie,2016-05-01,COMMERCIAL,295202425.2
Montérégie,2016-05-01,RÉSIDENTIEL,648617477.0
Montérégie,2016-06-01,INDUSTRIEL,736388565.505722
Montérégie,2016-07-01,RÉSIDENTIEL,627766930.0
Montérégie,2016-09-01,AGRICOLE,34094202.0
Montérégie,2016-09-01,INDUSTRIEL,773657611.6178342
Montérégie,2016-10-01,AGRICOLE,39555851.0
Montérégie,2016-10-01,INDUSTRIEL,736911659.2820892
Montérégie,2016-11-01,RÉSIDENTIEL,912911673.0
Montérégie,2016-12-01,INSTITUTIONNEL,133154790.97948663
Montérégie,2017-01-01,AGRICOLE,47571473.0
Montérégie,2017-01-01,INDUSTRIEL,814597834.7237376
Montérégie,2017-01-01,RÉSIDENTIEL,1432664830.0
Montérégie,2017-02-01,AGRICOLE,42418291.0
Montérégie,2017-02-01,COMMERCIAL,346880176.0
Montérégie,2017-02-01,INSTITUTIONNEL,122859883.32903226
Montérégie,2017-02-01,RÉSIDENTIEL,1262556318.0
Montérégie,2017-03-01,RÉSIDENTIEL,1377999776.0
Montérégie,2017-04-01,AGRICOLE,35934435.0
Montérégie,2017-05-01,AGRICOLE,33272770.0
Montérégie,2017-05-01,COMMERCIAL,296734440.5
Montérégie,2017-05-01,INSTITUTIONNEL,101468438.18580645
Montérégie,2017-06-01,INDUSTRIEL,753697463.949515
Montérégie,2017-06-01,INSTITUTIONNEL,95328647.24086022
Montérégie,2017-06-01,RÉSIDENTIEL,598312036.0
Montérégie,2017-07-01,COMMERCIAL,309058621.3
Montérégie,2017-08-01,RÉSIDENTIEL,612172707.0
Montérégie,2017-09-01,INDUSTRIEL,743345597.079861
Montérégie,2017-10-01,AGRICOLE,39595112.0
Montérégie,2017-11-01,INSTITUTIONNEL,119943929.23092379
Montérégie,2017-12-01,AGRICOLE,52856408.0
Montérégie,2018-01-01,COMMERCIAL,430700047.2
Montérégie,2018-02-01,AGRICOLE,43921025.0
Montérégie,2018-03-01,AGRICOLE,44330381.0
Montérégie,2018-03-01,INDUSTRIEL,821480320.7905716
Montérégie,2018-03-01,INSTITUTIONNEL,128784485.0
Montérégie,2018-03-01,RÉSIDENTIEL,1215490921.0
Montérégie,2018-04-01,INDUSTRIEL,735023211.2800814
Montérégie,2018-04-01,RÉSIDENTIEL,994262644.0
Montérégie,2018-05-01,INSTITUTIONNEL,101524232.79619521
Montérégie,2018-05-01,RÉSIDENTIEL,602289206.0
Montérégie,2018-06-01,INDUSTRIEL,692594810.7637252
Montérégie,2018-07-01,COMMERCIAL,344951953.8
Montérégie,2018-07-01,INDUSTRIEL,697831442.1319432
Montérégie,2018-07-01,INSTITUTIONNEL,103601348.39229998
Montérégie,2018-08-01,AGRICOLE,38356267.0
Montérégie,2018-08-01,RÉSIDENTIEL,667779646.0
Montérégie,2018-09-01,INDUSTRIEL,705059860.558894
Montérégie,2018-10-01,COMMERCIAL,322793320.0
Montérégie,2018-10-01,RÉSIDENTIEL,787267950.0
Montérégie,2018-11-01,RÉSIDENTIEL,1167611834.0
Montérégie,2018-12-01,COMMERCIAL,401940552.9
Montérégie,2019-02-01,AGRICOLE,47553247.0
Montérégie,2019-03-01,INDUSTRIEL,746787839.1258701
Montérégie,2019-03-01,INSTITUTIONNEL,141818719.770734
Montérégie,2019-03-01,RÉSIDENTIEL,1338771208.0
Montérégie,2019-04-01,AGRICOLE,38651325.0
Montérégie,2019-04-01,INSTITUTIONNEL,121990298.68666667
Montérégie,2019-04-01,RÉSIDENTIEL,950995707.0
Montérégie,2019-05-01,AGRICOLE,34106866.0
Montérégie,2019-06-01,INDUSTRIEL,709275235.3346864
Montérégie,2019-07-01,COMMERCIAL,345309172.70000005
Montérégie,2019-08-01,AGRICOLE,37214002.0
Montérégie,2019-08-01,RÉSIDENTIEL,636256452.0
Montérégie,2019-09-01,AGRICOLE,34215772.0
Montérégie,2019-09-01,INSTITUTIONNEL,101641143.82795699
Montérégie,2019-10-01,AGRICOLE,39935675.0
Montérégie,2019-10-01,COMMERCIAL,315122491.50000006
Montérégie,2019-10-01,INDUSTRIEL,788165475.0558679
Montérégie,2019-11-01,AGRICOLE,52973164.0
Montérégie,2019-11-01,COMMERCIAL,369047043.29999995
Montérégie,2019-11-01,INSTITUTIONNEL,133865360.08116063
Montérégie,2019-12-01,COMMERCIAL,409463985.6
Montérégie,2019-12-01,INSTITUTIONNEL,146521403.07704556
Montérégie,2019-12-01,RÉSIDENTIEL,1478934155.0
Montérégie,2020-01-01,AGRICOLE,51287991.0
Montérégie,2020-01-01,COMMERCIAL,418814905.3
Montérégie,2020-03-01,COMMERCIAL,354283420.4
Montérégie,2020-04-01,AGRICOLE,38735779.0
Montérégie,2020-04-01,INSTITUTIONNEL,109109451.5
Montérégie,2020-05-01,COMMERCIAL,281960347.59999996
Montérégie,2020-06-01,AGRICOLE,35099996.0
Montérégie,2020-06-01,COMMERCIAL,298302095.2
Montérégie,2020-06-01,INSTITUTIONNEL,93866660.81021506
Montérégie,2020-07-01,AGRICOLE,40228505.0
Montérégie,2020-07-01,INSTITUTIONNEL,102211563.06075269
Montérégie,2020-09-01,COMMERCIAL,301228948.0
Montérégie,2020-10-01,INDUSTRIEL,718615972.8285167
Montérégie,2020-11-01,INDUSTRIEL,701739217.1817701
Montérégie,2020-11-01,INSTITUTIONNEL,116462092.03548387
Montérégie,2020-12-01,INSTITUTIONNEL,135465139.8419355
Montérégie,2021-01-01,COMMERCIAL,403547814.90000004
Montérégie,2021-02-01,AGRICOLE,48881430.0
Montérégie,2021-02-01,INDUSTRIEL,735577752.2677069
Montérégie,2021-02-01,RÉSIDENTIEL,1451948260.0
Montérégie,2021-03-01,INSTITUTIONNEL,135835120.50666666
Montérégie,2021-04-01,INSTITUTIONNEL,111349474.27666666
Montérégie,2021-05-01,INDUSTRIEL,791642746.1438594
Montérégie,2021-05-01,INSTITUTIONNEL,106156777.82010752
Montérégie,2021-06-01,AGRICOLE,37533431.0
Montérégie,2021-07-01,INDUSTRIEL,763393265.1949885
Montérégie,2021-07-01,INSTITUTIONNEL,103748573.9980645
Montérégie,2021-07-01,RÉSIDENTIEL,689080974.0
Montérégie,2021-08-01,AGRICOLE,42539563.0
Montérégie,2021-09-01,AGRICOLE,38138184.0
Montérégie,2021-09-01,COMMERCIAL,315370062.99999994
Montérégie,2021-10-01,COMMERCIAL,319763103.2
Montérégie,2021-10-01,RÉSIDENTIEL,654158785.0
Montérégie,2021-11-01,AGRICOLE,52221074.0
Montérégie,2021-11-01,COMMERCIAL,355850269.2
Montérégie,2021-11-01,RÉSIDENTIEL,1012003528.0
Montérégie,2022-02-01,INSTITUTIONNEL,143361726.34103447
Montérégie,2022-03-01,AGRICOLE,51196115.0
Montérégie,2022-03-01,COMMERCIAL,402310673.1
Montérégie,2022-03-01,INSTITUTIONNEL,143367771.89
Montérégie,2022-04-01,AGRICOLE,41818806.0
Montérégie,2022-05-01,AGRICOLE,36773950.0
Montérégie,2022-05-01,COMMERCIAL,333506038.8
Montérégie,2022-06-01,RÉSIDENTIEL,646805939.0
Montérégie,2022-07-01,INDUSTRIEL,742990303.6556005
Montérégie,2022-07-01,RÉSIDENTIEL,717461705.0
Montérégie,2022-08-01,COMMERCIAL,353923528.79999995
Montérégie,2022-08-01,INSTITUTIONNEL,107720706.19032258
Montérégie,2022-08-01,RÉSIDENTIEL,703121538.0
Montérégie,2022-09-01,AGRICOLE,38739661.0
Montérégie,2022-09-01,INDUSTRIEL,728220723.55564
Montérégie,2022-10-01,AGRICOLE,48209980.0
Montérégie,2022-12-01,AGRICOLE,53444443.0
Montérégie,2023-01-01,INSTITUTIONNEL,146672433.94638488
Montérégie,2023-01-01,RÉSIDENTIEL,1504479407.0
Montérégie,2023-02-01,INDUSTRIEL,671048556.6757661
Montérégie,2023-02-01,INSTITUTIONNEL,141000287.13770115
Montérégie,2023-03-01,INSTITUTIONNEL,141982699.39333332
Montérégie,2023-03-01,RÉSIDENTIEL,1267053412.0
Montérégie,2023-04-01,AGRICOLE,42164749.0
Montérégie,2023-05-01,INDUSTRIEL,762685947.95032
Montérégie,2023-05-01,INSTITUTIONNEL,109440622.69801895
Montérégie,2023-06-01,INSTITUTIONNEL,103841355.7582258
Montérégie,2023-06-01,RÉSIDENTIEL,667424597.0
Montérégie,2023-07-01,INDUSTRIEL,651391958.9543366
Montérégie,2023-07-01,INSTITUTIONNEL,109887599.65088646
Montérégie,2023-08-01,AGRICOLE,41263321.0
Montérégie,2023-09-01,INSTITUTIONNEL,107395800.58967741
Montérégie,2023-09-01,RÉSIDENTIEL,628764460.0
Montérégie,2023-10-01,AGRICOLE,47579108.0
Montérégie,2023-10-01,COMMERCIAL,333053484.5
Montérégie,2023-10-01,INSTITUTIONNEL,114725659.46193549
Montérégie,2023-11-01,AGRICOLE,57441591.0
Montérégie,2023-12-01,AGRICOLE,55058998.0
Montérégie,2023-12-01,COMMERCIAL,409285985.3
Montérégie,2023-12-01,INSTITUTIONNEL,143471958.53548387
Nord-du-Québec,2016-01-01,AGRICOLE,46955.0
Nord-du-Québec,2016-01-01,RÉSIDENTIEL,40672487.0
Nord-du-Québec,2016-02-01,AGRICOLE,44144.0
Nord-du-Québec,2016-02-01,INSTITUTIONNEL,27624927.5
Nord-du-Québec,2016-02-01,RÉSIDENTIEL,35562720.0
Nord-du-Québec,2016-03-01,INDUSTRIEL,48954779.52424242
Nord-du-Québec,2016-03-01,INSTITUTIONNEL,27736587.6
Nord-du-Québec,2016-04-01,AGRICOLE,
Nord-du-Québec,2016-04-01,COMMERCIAL,
Nord-du-Québec,2016-06-01,COMMERCIAL,12118233.0
Nord-du-Québec,2016-06-01,INSTITUTIONNEL,18852210.6
Nord-du-Québec,2016-07-01,COMMERCIAL,11838731.0
Nord-du-Québec,2016-07-01,INSTITUTIONNEL,18011909.0
Nord-du-Québec,2016-08-01,AGRICOLE,16538.0
Nord-du-Québec,2016-09-01,AGRICOLE,16551.0
Nord-du-Québec,2016-09-01,COMMERCIAL,12513558.0
Nord-du-Québec,2016-09-01,INDUSTRIEL,41612698.6
Nord-du-Québec,2016-10-01,INSTITUTIONNEL,21900946.9
Nord-du-Québec,2016-10-01,RÉSIDENTIEL,19775492.0
Nord-du-Québec,2016-11-01,INDUSTRIEL,44863328.9
Nord-du-Québec,2017-01-01,INDUSTRIEL,50422423.3
Nord-du-Québec,2017-01-01,INSTITUTIONNEL,28089587.8
Nord-du-Québec,2017-02-01,COMMERCIAL,20890375.0
Nord-du-Québec,2017-03-01,AGRICOLE,51121.0
Nord-du-Québec,2017-03-01,INSTITUTIONNEL,28530798.7
Nord-du-Québec,2017-04-01,COMMERCIAL,16600927.0
Nord-du-Québec,2017-04-01,INDUSTRIEL,45629874.400000006
Nord-du-Québec,2017-05-01,AGRICOLE,23899.0
Nord-du-Québec,2017-06-01,AGRICOLE,16222.0
Nord-du-Québec,2017-06-01,INDUSTRIEL,42336843.0
Nord-du-Québec,2017-07-01,RÉSIDENTIEL,14134054.0
Nord-du-Québec,2017-08-01,RÉSIDENTIEL,15029766.0
Nord-du-Québec,2017-09-01,AGRICOLE,16053.0
Nord-du-Québec,2017-10-01,COMMERCIAL,14433650.0
Nord-du-Québec,2017-10-01,RÉSIDENTIEL,18806877.0
Nord-du-Québec,2017-11-01,INDUSTRIEL,
Nord-du-Québec,2017-12-01,INSTITUTIONNEL,
Nord-du-Québec,2018-02-01,COMMERCIAL,
Nord-du-Québec,2018-02-01,INDUSTRIEL,
Nord-du-Québec,2018-02-01,RÉSIDENTIEL,
Nord-du-Québec,2018-04-01,INSTITUTIONNEL,
Nord-du-Québec,2018-04-01,RÉSIDENTIEL,
Nord-du-Québec,2018-09-01,AGRICOLE,
Nord-du-Québec,2018-09-01,COMMERCIAL,
Nord-du-Québec,2018-09-01,INSTITUTIONNEL,
Nord-du-Québec,2018-10-01,COMMERCIAL,
Nord-du-Québec,2018-10-01,RÉSIDENTIEL,
Nord-du-Québec,2018-11-01,AGRICOLE,
Nord-du-Québec,2018-12-01,COMMERCIAL,
Nord-du-Québec,2019-01-01,AGRICOLE,
Nord-du-Québec,2019-01-01,COMMERCIAL,
Nord-du-Québec,2019-02-01,INSTITUTIONNEL,
Nord-du-Québec,2019-02-01,RÉSIDENTIEL,
Nord-du-Québec,2019-03-01,COMMERCIAL,
Nord-du-Québec,2019-05-01,COMMERCIAL,15324966.0
Nord-du-Québec,2019-05-01,INDUSTRIEL,45776322.800000004
Nord-du-Québec,2019-06-01,AGRICOLE,16422.0
Nord-du-Québec,2019-06-01,COMMERCIAL,12203687.0
Nord-du-Québec,2019-06-01,RÉSIDENTIEL,16863088.0
Nord-du-Québec,2019-07-01,AGRICOLE,11328.0
Nord-du-Québec,2019-08-01,INDUSTRIEL,41035052.3
Nord-du-Québec,2019-08-01,RÉSIDENTIEL,15376440.0
Nord-du-Québec,2019-09-01,AGRICOLE,12109.0
Nord-du-Québec,2019-09-01,COMMERCIAL,12521749.0
Nord-du-Québec,2019-10-01,INSTITUTIONNEL,21294835.2
Nord-du-Québec,2019-11-01,COMMERCIAL,19772544.0
Nord-du-Québec,2019-11-01,INDUSTRIEL,51031820.6
Nord-du-Québec,2019-11-01,INSTITUTIONNEL,24576841.7
Nord-du-Québec,2019-12-01,INDUSTRIEL,
Nord-du-Québec,2019-12-01,INSTITUTIONNEL,
Nord-du-Québec,2019-12-01,RÉSIDENTIEL,
Nord-du-Québec,2020-01-01,INSTITUTIONNEL,
Nord-du-Québec,2020-01-01,RÉSIDENTIEL,
Nord-du-Québec,2020-02-01,AGRICOLE,
Nord-du-Québec,2020-03-01,COMMERCIAL,20383963.0
Nord-du-Québec,2020-03-01,INSTITUTIONNEL,26183603.4
Nord-du-Québec,2020-03-01,RÉSIDENTIEL,33052975.0
Nord-du-Québec,2020-05-01,COMMERCIAL,13758427.0
Nord-du-Québec,2020-05-01,RÉSIDENTIEL,22196279.0
Nord-du-Québec,2020-06-01,COMMERCIAL,11173365.0
Nord-du-Québec,2020-07-01,AGRICOLE,11291.0
Nord-du-Québec,2020-07-01,INSTITUTIONNEL,17218612.4
Nord-du-Québec,2020-08-01,AGRICOLE,12151.0
Nord-du-Québec,2020-08-01,INSTITUTIONNEL,17256476.3
Nord-du-Québec,2020-09-01,COMMERCIAL,
Nord-du-Québec,2020-09-01,INSTITUTIONNEL,
Nord-du-Québec,2020-10-01,INDUSTRIEL,57292186.9
Nord-du-Québec,2020-10-01,INSTITUTIONNEL,22344285.4
Nord-du-Québec,2020-12-01,INDUSTRIEL,
Nord-du-Québec,2020-12-01,RÉSIDENTIEL,
Nord-du-Québec,2021-01-01,COMMERCIAL,21899295.0
Nord-du-Québec,2021-01-01,INDUSTRIEL,60145171.5
Nord-du-Québec,2021-03-01,INSTITUTIONNEL,26866270.8
Nord-du-Québec,2021-04-01,AGRICOLE,157081.0
Nord-du-Québec,2021-04-01,INDUSTRIEL,56134291.0
Nord-du-Québec,2021-04-01,INSTITUTIONNEL,23443435.7
Nord-du-Québec,2021-04-01,RÉSIDENTIEL,26512754.0
Nord-du-Québec,2021-05-01,AGRICOLE,106219.0
Nord-du-Québec,2021-05-01,COMMERCIAL,13929674.0
Nord-du-Québec,2021-05-01,RÉSIDENTIEL,20556346.0
Nord-du-Québec,2021-06-01,AGRICOLE,32799.0
Nord-du-Québec,2021-07-01,INDUSTRIEL,50604324.699999996
Nord-du-Québec,2021-08-01,AGRICOLE,45785.0
Nord-du-Québec,2021-09-01,INSTITUTIONNEL,18664645.7
Nord-du-Québec,2021-11-01,COMMERCIAL,18488523.0
Nord-du-Québec,2021-11-01,INDUSTRIEL,68706627.7
Nord-du-Québec,2021-11-01,INSTITUTIONNEL,24478385.1
Nord-du-Québec,2021-11-01,RÉSIDENTIEL,29195400.0
Nord-du-Québec,2021-12-01,COMMERCIAL,23092930.0
Nord-du-Québec,2022-01-01,COMMERCIAL,26617955.0
Nord-du-Québec,2022-01-01,INSTITUTIONNEL,31669828.7
Nord-du-Québec,2022-02-01,INSTITUTIONNEL,
Nord-du-Québec,2022-02-01,RÉSIDENTIEL,
Nord-du-Québec,2022-04-01,INSTITUTIONNEL,24263369.2
Nord-du-Québec,2022-05-01,COMMERCIAL,14599032.0
Nord-du-Québec,2022-06-01,AGRICOLE,41774.0
Nord-du-Québec,2022-06-01,INDUSTRIEL,59469259.2
Nord-du-Québec,2022-07-01,COMMERCIAL,
Nord-du-Québec,2022-07-01,INDUSTRIEL,
Nord-du-Québec,2022-07-01,INSTITUTIONNEL,
Nord-du-Québec,2022-08-01,AGRICOLE,27197.0
Nord-du-Québec,2022-08-01,INSTITUTIONNEL,18636432.4
Nord-du-Québec,2023-01-01,INDUSTRIEL,62564135.8
Nord-du-Québec,2023-02-01,AGRICOLE,68933.0
Nord-du-Québec,2023-02-01,COMMERCIAL,23877683.0
Nord-du-Québec,2023-02-01,INSTITUTIONNEL,27235486.2
Nord-du-Québec,2023-02-01,RÉSIDENTIEL,39437394.0
Nord-du-Québec,2023-03-01,RÉSIDENTIEL,37371563.0
Nord-du-Québec,2023-04-01,INSTITUTIONNEL,24148623.1
Nord-du-Québec,2023-04-01,RÉSIDENTIEL,28690634.0
Nord-du-Québec,2023-05-01,INDUSTRIEL,
Nord-du-Québec,2023-06-01,AGRICOLE,
Nord-du-Québec,2023-06-01,INDUSTRIEL,
Nord-du-Québec,2023-07-01,AGRICOLE,34902.0
Nord-du-Québec,2023-07-01,INDUSTRIEL,44665143.89999999
Nord-du-Québec,2023-07-01,RÉSIDENTIEL,15510084.0
Nord-du-Québec,2023-08-01,COMMERCIAL,
Nord-du-Québec,2023-08-01,RÉSIDENTIEL,
Nord-du-Québec,2023-09-01,COMMERCIAL,
Nord-du-Québec,2023-09-01,INDUSTRIEL,
Nord-du-Québec,2023-11-01,AGRICOLE,247134.0
Nord-du-Québec,2023-11-01,INSTITUTIONNEL,24644397.1
Nord-du-Québec,2023-12-01,INSTITUTIONNEL,27107206.3
Nord-du-Québec,2023-12-01,RÉSIDENTIEL,37122163.0
Outaouais,2016-01-01,COMMERCIAL,
Outaouais,2016-02-01,INDUSTRIEL,
Outaouais,2016-03-01,AGRICOLE,
Outaouais,2016-03-01,INSTITUTIONNEL,
Outaouais,2016-04-01,AGRICOLE,
Outaouais,2016-04-01,COMMERCIAL,
Outaouais,2016-04-01,INDUSTRIEL,
Outaouais,2016-04-01,INSTITUTIONNEL,
Outaouais,2016-04-01,RÉSIDENTIEL,
Outaouais,2016-05-01,INSTITUTIONNEL,
Outaouais,2016-05-01,RÉSIDENTIEL,
Outaouais,2016-06-01,AGRICOLE,
Outaouais,2016-06-01,RÉSIDENTIEL,
Outaouais,2016-08-01,AGRICOLE,
Outaouais,2016-08-01,INSTITUTIONNEL,
Outaouais,2016-08-01,RÉSIDENTIEL,
Outaouais,2016-09-01,INSTITUTIONNEL,
Outaouais,2016-10-01,INDUSTRIEL,
Outaouais,2016-11-01,INDUSTRIEL,
Outaouais,2016-11-01,INSTITUTIONNEL,
Outaouais,2016-12-01,AGRICOLE,
Outaouais,2016-12-01,RÉSIDENTIEL,
Outaouais,2017-01-01,INDUSTRIEL,
Outaouais,2017-02-01,INSTITUTIONNEL,
Outaouais,2017-03-01,COMMERCIAL,
Outaouais,2017-03-01,INDUSTRIEL,
Outaouais,2017-03-01,RÉSIDENTIEL,
Outaouais,2017-04-01,INSTITUTIONNEL,
Outaouais,2017-04-01,RÉSIDENTIEL,
Outaouais,2017-05-01,AGRICOLE,
Outaouais,2017-05-01,COMMERCIAL,
Outaouais,2017-06-01,AGRICOLE,
Outaouais,2017-06-01,COMMERCIAL,
Outaouais,2017-07-01,COMMERCIAL,
Outaouais,2017-07-01,INSTITUTIONNEL,
Outaouais,2017-09-01,INSTITUTIONNEL,
Outaouais,2017-09-01,RÉSIDENTIEL,
Outaouais,2017-10-01,INDUSTRIEL,
Outaouais,2017-10-01,INSTITUTIONNEL,
Outaouais,2017-11-01,AGRICOLE,
Outaouais,2017-11-01,INDUSTRIEL,
Outaouais,2017-11-01,INSTITUTIONNEL,
Outaouais,2017-11-01,RÉSIDENTIEL,
Outaouais,2017-12-01,COMMERCIAL,
Outaouais,2018-01-01,INSTITUTIONNEL,
Outaouais,2018-02-01,AGRICOLE,
Outaouais,2018-02-01,COMMERCIAL,
Outaouais,2018-02-01,INSTITUTIONNEL,
Outaouais,2018-04-01,AGRICOLE,
Outaouais,2018-04-01,COMMERCIAL,
Outaouais,2018-04-01,INDUSTRIEL,
Outaouais,2018-04-01,RÉSIDENTIEL,
Outaouais,2018-05-01,COMMERCIAL,
Outaouais,2018-05-01,INSTITUTIONNEL,
Outaouais,2018-05-01,RÉSIDENTIEL,
Outaouais,2018-06-01,AGRICOLE,
Outaouais,2018-06-01,INDUSTRIEL,
Outaouais,2018-06-01,RÉSIDENTIEL,
Outaouais,2018-07-01,COMMERCIAL,
Outaouais,2018-07-01,INDUSTRIEL,
Outaouais,2018-08-01,AGRICOLE,
Outaouais,2018-08-01,COMMERCIAL,
Outaouais,2018-08-01,RÉSIDENTIEL,
Outaouais,2018-09-01,COMMERCIAL,
Outaouais,2018-09-01,INDUSTRIEL,
Outaouais,2018-09-01,RÉSIDENTIEL,
Outaouais,2018-12-01,INDUSTRIEL,
Outaouais,2018-12-01,RÉSIDENTIEL,
Outaouais,2019-02-01,COMMERCIAL,
Outaouais,2019-02-01,RÉSIDENTIEL,
Outaouais,2019-03-01,INDUSTRIEL,
Outaouais,2019-03-01,INSTITUTIONNEL,
Outaouais,2019-03-01,RÉSIDENTIEL,
Outaouais,2019-05-01,INDUSTRIEL,
Outaouais,2019-06-01,INSTITUTIONNEL,
Outaouais,2019-07-01,AGRICOLE,
Outaouais,2019-07-01,COMMERCIAL,
Outaouais,2019-08-01,RÉSIDENTIEL,
Outaouais,2019-09-01,COMMERCIAL,
Outaouais,2019-09-01,INDUSTRIEL,
Outaouais,2019-09-01,RÉSIDENTIEL,
Outaouais,2019-10-01,AGRICOLE,3390459.0
Outaouais,2019-11-01,AGRICOLE,
Outaouais,2019-11-01,INDUSTRIEL,
Outaouais,2019-11-01,INSTITUTIONNEL,
Outaouais,2019-12-01,AGRICOLE,
Outaouais,2019-12-01,COMMERCIAL,
Outaouais,2019-12-01,INDUSTRIEL,
Outaouais,2020-01-01,COMMERCIAL,
Outaouais,2020-01-01,INDUSTRIEL,
Outaouais,2020-01-01,RÉSIDENTIEL,
Outaouais,2020-02-01,INSTITUTIONNEL,
Outaouais,2020-02-01,RÉSIDENTIEL,
Outaouais,2020-03-01,INDUSTRIEL,
Outaouais,2020-05-01,COMMERCIAL,
Outaouais,2020-06-01,INSTITUTIONNEL,
Outaouais,2020-06-01,RÉSIDENTIEL,
Outaouais,2020-07-01,AGRICOLE,
Outaouais,2020-08-01,INDUSTRIEL,
Outaouais,2020-08-01,INSTITUTIONNEL,
Outaouais,2020-09-01,INDUSTRIEL,
Outaouais,2020-09-01,INSTITUTIONNEL,
Outaouais,2020-10-01,RÉSIDENTIEL,
Outaouais,2020-11-01,AGRICOLE,
Outaouais,2020-11-01,INSTITUTIONNEL,
Outaouais,2020-12-01,AGRICOLE,
Outaouais,2020-12-01,INSTITUTIONNEL,
Outaouais,2021-01-01,AGRICOLE,
Outaouais,2021-01-01,COMMERCIAL,
Outaouais,2021-01-01,INSTITUTIONNEL,
Outaouais,2021-02-01,RÉSIDENTIEL,
Outaouais,2021-03-01,RÉSIDENTIEL,
Outaouais,2021-04-01,AGRICOLE,
Outaouais,2021-06-01,RÉSIDENTIEL,
Outaouais,2021-07-01,COMMERCIAL,
Outaouais,2021-07-01,INSTITUTIONNEL,
Outaouais,2021-07-01,RÉSIDENTIEL,
Outaouais,2021-08-01,COMMERCIAL,
Outaouais,2021-08-01,INDUSTRIEL,
Outaouais,2021-08-01,RÉSIDENTIEL,
Outaouais,2021-10-01,INDUSTRIEL,202823200.60000002
Outaouais,2021-10-01,INSTITUTIONNEL,31121693.0
Outaouais,2021-11-01,COMMERCIAL,
Outaouais,2021-11-01,RÉSIDENTIEL,
Outaouais,2021-12-01,INSTITUTIONNEL,
Outaouais,2022-01-01,AGRICOLE,
Outaouais,2022-01-01,COMMERCIAL,
Outaouais,2022-01-01,RÉSIDENTIEL,
Outaouais,2022-02-01,INDUSTRIEL,
Outaouais,2022-02-01,INSTITUTIONNEL,
Outaouais,2022-02-01,RÉSIDENTIEL,
Outaouais,2022-03-01,COMMERCIAL,
Outaouais,2022-04-01,COMMERCIAL,
Outaouais,2022-04-01,RÉSIDENTIEL,
Outaouais,2022-05-01,INSTITUTIONNEL,
Outaouais,2022-06-01,COMMERCIAL,
Outaouais,2022-06-01,RÉSIDENTIEL,
Outaouais,2022-07-01,AGRICOLE,
Outaouais,2022-08-01,INDUSTRIEL,
Outaouais,2022-10-01,COMMERCIAL,
Outaouais,2022-10-01,INSTITUTIONNEL,
Outaouais,2022-10-01,RÉSIDENTIEL,
Outaouais,2022-11-01,INDUSTRIEL,
Outaouais,2022-11-01,RÉSIDENTIEL,
Outaouais,2022-12-01,AGRICOLE,
Outaouais,2022-12-01,INSTITUTIONNEL,
Outaouais,2023-02-01,AGRICOLE,
Outaouais,2023-03-01,COMMERCIAL,
Outaouais,2023-03-01,INDUSTRIEL,
Outaouais,2023-03-01,INSTITUTIONNEL,
Outaouais,2023-03-01,RÉSIDENTIEL,
Outaouais,2023-04-01,AGRICOLE,
Outaouais,2023-04-01,INDUSTRIEL,
Outaouais,2023-04-01,INSTITUTIONNEL,
Outaouais,2023-04-01,RÉSIDENTIEL,
Outaouais,2023-05-01,AGRICOLE,
Outaouais,2023-06-01,INDUSTRIEL,
Outaouais,2023-06-01,RÉSIDENTIEL,
Outaouais,2023-07-01,INSTITUTIONNEL,
Outaouais,2023-09-01,AGRICOLE,
Outaouais,2023-09-01,COMMERCIAL,
Outaouais,2023-09-01,RÉSIDENTIEL,
Outaouais,2023-10-01,AGRICOLE,
Outaouais,2023-10-01,RÉSIDENTIEL,
Outaouais,2023-11-01,AGRICOLE,
Outaouais,2023-11-01,RÉSIDENTIEL,
Outaouais,2023-12-01,INDUSTRIEL,
Outaouais,2023-12-01,RÉSIDENTIEL,
Saguenay--Lac-Saint-Jean,2016-01-01,AGRICOLE,8920262.0
Saguenay--Lac-Saint-Jean,2016-01-01,RÉSIDENTIEL,287475982.0
Saguenay--Lac-Saint-Jean,2016-03-01,COMMERCIAL,62615090.0
Saguenay--Lac-Saint-Jean,2016-03-01,RÉSIDENTIEL,225998751.0
Saguenay--Lac-Saint-Jean,2016-04-01,COMMERCIAL,53608133.0
Saguenay--Lac-Saint-Jean,2016-05-01,INSTITUTIONNEL,68127578.33592743
Saguenay--Lac-Saint-Jean,2016-06-01,COMMERCIAL,45055343.0
Saguenay--Lac-Saint-Jean,2016-06-01,INDUSTRIEL,116622009.15069124
Saguenay--Lac-Saint-Jean,2016-07-01,AGRICOLE,5732701.0
Saguenay--Lac-Saint-Jean,2016-07-01,INDUSTRIEL,114182145.14774194
Saguenay--Lac-Saint-Jean,2016-08-01,INSTITUTIONNEL,56650433.79798387
Saguenay--Lac-Saint-Jean,2016-08-01,RÉSIDENTIEL,101094181.0
Saguenay--Lac-Saint-Jean,2016-11-01,AGRICOLE,7314884.0
Saguenay--Lac-Saint-Jean,2016-11-01,COMMERCIAL,56383373.3
Saguenay--Lac-Saint-Jean,2016-12-01,COMMERCIAL,74384778.0
Saguenay--Lac-Saint-Jean,2017-01-01,AGRICOLE,9078610.0
Saguenay--Lac-Saint-Jean,2017-02-01,RÉSIDENTIEL,237091780.0
Saguenay--Lac-Saint-Jean,2017-03-01,AGRICOLE,8726537.0
Saguenay--Lac-Saint-Jean,2017-03-01,INDUSTRIEL,154560420.97142857
Saguenay--Lac-Saint-Jean,2017-03-01,RÉSIDENTIEL,252847056.0
Saguenay--Lac-Saint-Jean,2017-04-01,COMMERCIAL,52864580.8
Saguenay--Lac-Saint-Jean,2017-04-01,RÉSIDENTIEL,166144042.0
Saguenay--Lac-Saint-Jean,2017-05-01,INDUSTRIEL,166914138.78788307
Saguenay--Lac-Saint-Jean,2017-05-01,INSTITUTIONNEL,68106003.43455645
Saguenay--Lac-Saint-Jean,2017-06-01,COMMERCIAL,45831552.8
Saguenay--Lac-Saint-Jean,2017-06-01,INDUSTRIEL,105770041.74129033
Saguenay--Lac-Saint-Jean,2017-07-01,AGRICOLE,5788659.0
Saguenay--Lac-Saint-Jean,2017-07-01,INDUSTRIEL,152972846.67124423
Saguenay--Lac-Saint-Jean,2017-07-01,RÉSIDENTIEL,98635440.0
Saguenay--Lac-Saint-Jean,2017-08-01,COMMERCIAL,49327579.7
Saguenay--Lac-Saint-Jean,2017-08-01,RÉSIDENTIEL,100401687.0
Saguenay--Lac-Saint-Jean,2017-09-01,AGRICOLE,6334949.0
Saguenay--Lac-Saint-Jean,2017-09-01,INDUSTRIEL,137483669.2196313
Saguenay--Lac-Saint-Jean,2017-09-01,RÉSIDENTIEL,94823916.0
Saguenay--Lac-Saint-Jean,2017-10-01,INSTITUTIONNEL,70302518.79282522
Saguenay--Lac-Saint-Jean,2018-01-01,AGRICOLE,10224851.0
Saguenay--Lac-Saint-Jean,2018-01-01,RÉSIDENTIEL,315122762.0
Saguenay--Lac-Saint-Jean,2018-02-01,COMMERCIAL,70094918.5
Saguenay--Lac-Saint-Jean,2018-02-01,INDUSTRIEL,120020763.87645161
Saguenay--Lac-Saint-Jean,2018-02-01,INSTITUTIONNEL,107647906.65298654
Saguenay--Lac-Saint-Jean,2018-02-01,RÉSIDENTIEL,245879449.0
Saguenay--Lac-Saint-Jean,2018-03-01,AGRICOLE,8053243.0
Saguenay--Lac-Saint-Jean,2018-03-01,INDUSTRIEL,183984619.64788017
Saguenay--Lac-Saint-Jean,2018-04-01,AGRICOLE,7176403.0
Saguenay--Lac-Saint-Jean,2018-04-01,COMMERCIAL,57825317.2
Saguenay--Lac-Saint-Jean,2018-04-01,INSTITUTIONNEL,86063902.94749999
Saguenay--Lac-Saint-Jean,2018-05-01,INDUSTRIEL,144752766.38199693
Saguenay--Lac-Saint-Jean,2018-05-01,RÉSIDENTIEL,129136235.0
Saguenay--Lac-Saint-Jean,2018-06-01,AGRICOLE,5758714.0
Saguenay--Lac-Saint-Jean,2018-06-01,COMMERCIAL,48728066.3
Saguenay--Lac-Saint-Jean,2018-06-01,RÉSIDENTIEL,103355555.0
Saguenay--Lac-Saint-Jean,2018-07-01,AGRICOLE,6026126.0
Saguenay--Lac-Saint-Jean,2018-07-01,INDUSTRIEL,308721283.1673733
Saguenay--Lac-Saint-Jean,2018-07-01,RÉSIDENTIEL,99560150.0
Saguenay--Lac-Saint-Jean,2018-08-01,INDUSTRIEL,229910468.86543778
Saguenay--Lac-Saint-Jean,2018-09-01,COMMERCIAL,50280784.7
Saguenay--Lac-Saint-Jean,2018-09-01,INDUSTRIEL,131072633.4838556
Saguenay--Lac-Saint-Jean,2018-09-01,RÉSIDENTIEL,100467486.0
Saguenay--Lac-Saint-Jean,2018-10-01,INSTITUTIONNEL,82940504.92604838
Saguenay--Lac-Saint-Jean,2018-10-01,RÉSIDENTIEL,165197869.0
Saguenay--Lac-Saint-Jean,2018-12-01,AGRICOLE,9311825.0
Saguenay--Lac-Saint-Jean,2018-12-01,INSTITUTIONNEL,124877245.08629031
Saguenay--Lac-Saint-Jean,2018-12-01,RÉSIDENTIEL,279505637.0
Saguenay--Lac-Saint-Jean,2019-01-01,COMMERCIAL,86555731.5
Saguenay--Lac-Saint-Jean,2019-02-01,AGRICOLE,9182713.0
Saguenay--Lac-Saint-Jean,2019-02-01,COMMERCIAL,74761845.8
Saguenay--Lac-Saint-Jean,2019-02-01,INDUSTRIEL,218417342.53612906
Saguenay--Lac-Saint-Jean,2019-03-01,AGRICOLE,8767038.0
Saguenay--Lac-Saint-Jean,2019-03-01,COMMERCIAL,69950109.1
Saguenay--Lac-Saint-Jean,2019-03-01,INDUSTRIEL,353025421.5529032
Saguenay--Lac-Saint-Jean,2019-04-01,COMMERCIAL,57849388.1
Saguenay--Lac-Saint-Jean,2019-04-01,INDUSTRIEL,302910349.11180264
Saguenay--Lac-Saint-Jean,2019-05-01,AGRICOLE,6250687.0
Saguenay--Lac-Saint-Jean,2019-05-01,COMMERCIAL,51888129.3
Saguenay--Lac-Saint-Jean,2019-06-01,RÉSIDENTIEL,107150875.0
Saguenay--Lac-Saint-Jean,2019-07-01,INSTITUTIONNEL,57077459.59848103
Saguenay--Lac-Saint-Jean,2019-08-01,INDUSTRIEL,192387938.1206519
Saguenay--Lac-Saint-Jean,2019-08-01,INSTITUTIONNEL,58922045.82645176
Saguenay--Lac-Saint-Jean,2019-08-01,RÉSIDENTIEL,100433842.0
Saguenay--Lac-Saint-Jean,2019-10-01,INDUSTRIEL,389724667.2070259
Saguenay--Lac-Saint-Jean,2019-10-01,INSTITUTIONNEL,77027838.95024194
Saguenay--Lac-Saint-Jean,2019-11-01,AGRICOLE,8780181.0
Saguenay--Lac-Saint-Jean,2019-11-01,INDUSTRIEL,400403595.41630745
Saguenay--Lac-Saint-Jean,2020-01-01,COMMERCIAL,81828483.6
Saguenay--Lac-Saint-Jean,2020-01-01,INDUSTRIEL,423866516.6031797
Saguenay--Lac-Saint-Jean,2020-01-01,RÉSIDENTIEL,282487428.0
Saguenay--Lac-Saint-Jean,2020-03-01,COMMERCIAL,68349151.6
Saguenay--Lac-Saint-Jean,2020-04-01,AGRICOLE,7269253.0
Saguenay--Lac-Saint-Jean,2020-04-01,COMMERCIAL,51088956.7
Saguenay--Lac-Saint-Jean,2020-04-01,INDUSTRIEL,389941180.93074644
Saguenay--Lac-Saint-Jean,2020-05-01,INDUSTRIEL,233587249.33227208
Saguenay--Lac-Saint-Jean,2020-05-01,RÉSIDENTIEL,143273700.0
Saguenay--Lac-Saint-Jean,2020-06-01,INDUSTRIEL,325622955.8002074
Saguenay--Lac-Saint-Jean,2020-06-01,RÉSIDENTIEL,110576809.0
Saguenay--Lac-Saint-Jean,2020-07-01,COMMERCIAL,50370747.0
Saguenay--Lac-Saint-Jean,2020-07-01,RÉSIDENTIEL,106519567.0
Saguenay--Lac-Saint-Jean,2020-08-01,AGRICOLE,6384306.0
Saguenay--Lac-Saint-Jean,2020-10-01,COMMERCIAL,56673025.8
Saguenay--Lac-Saint-Jean,2020-10-01,RÉSIDENTIEL,160339589.0
Saguenay--Lac-Saint-Jean,2020-11-01,COMMERCIAL,60495340.2
Saguenay--Lac-Saint-Jean,2020-11-01,INSTITUTIONNEL,91140561.41935484
Saguenay--Lac-Saint-Jean,2020-12-01,COMMERCIAL,83517522.5
Saguenay--Lac-Saint-Jean,2020-12-01,INDUSTRIEL,139890728.99018434
Saguenay--Lac-Saint-Jean,2020-12-01,INSTITUTIONNEL,113577571.01290321
Saguenay--Lac-Saint-Jean,2020-12-01,RÉSIDENTIEL,261815173.0
Saguenay--Lac-Saint-Jean,2021-01-01,AGRICOLE,9529647.0
Saguenay--Lac-Saint-Jean,2021-01-01,INDUSTRIEL,146002273.1803226
Saguenay--Lac-Saint-Jean,2021-01-01,RÉSIDENTIEL,279022302.0
Saguenay--Lac-Saint-Jean,2021-03-01,AGRICOLE,8713316.0
Saguenay--Lac-Saint-Jean,2021-04-01,AGRICOLE,6831950.0
Saguenay--Lac-Saint-Jean,2021-05-01,INSTITUTIONNEL,65225986.678844094
Saguenay--Lac-Saint-Jean,2021-05-01,RÉSIDENTIEL,128684101.0
Saguenay--Lac-Saint-Jean,2021-06-01,AGRICOLE,6108087.0
Saguenay--Lac-Saint-Jean,2021-06-01,INDUSTRIEL,318783139.8467588
Saguenay--Lac-Saint-Jean,2021-07-01,AGRICOLE,6143274.0
Saguenay--Lac-Saint-Jean,2021-07-01,INSTITUTIONNEL,56125559.97397849
Saguenay--Lac-Saint-Jean,2021-07-01,RÉSIDENTIEL,108052391.0
Saguenay--Lac-Saint-Jean,2021-08-01,COMMERCIAL,56165567.0
Saguenay--Lac-Saint-Jean,2021-08-01,INDUSTRIEL,435879998.1462443
Saguenay--Lac-Saint-Jean,2021-08-01,INSTITUTIONNEL,59980959.02580644
Saguenay--Lac-Saint-Jean,2021-08-01,RÉSIDENTIEL,109034357.0
Saguenay--Lac-Saint-Jean,2021-09-01,INSTITUTIONNEL,57363269.693548396
Saguenay--Lac-Saint-Jean,2021-09-01,RÉSIDENTIEL,98557909.0
Saguenay--Lac-Saint-Jean,2021-10-01,INDUSTRIEL,511946591.3411214
Saguenay--Lac-Saint-Jean,2021-10-01,INSTITUTIONNEL,68419071.86451614
Saguenay--Lac-Saint-Jean,2021-10-01,RÉSIDENTIEL,125258745.0
Saguenay--Lac-Saint-Jean,2021-11-01,AGRICOLE,7949350.0
Saguenay--Lac-Saint-Jean,2021-12-01,INDUSTRIEL,421149384.58129036
Saguenay--Lac-Saint-Jean,2021-12-01,INSTITUTIONNEL,125654664.0032258
Saguenay--Lac-Saint-Jean,2022-01-01,COMMERCIAL,105141849.6
Saguenay--Lac-Saint-Jean,2022-01-01,RÉSIDENTIEL,360420821.0
Saguenay--Lac-Saint-Jean,2022-02-01,AGRICOLE,9917683.0
Saguenay--Lac-Saint-Jean,2022-02-01,RÉSIDENTIEL,291478701.0
Saguenay--Lac-Saint-Jean,2022-03-01,AGRICOLE,9400075.0
Saguenay--Lac-Saint-Jean,2022-03-01,INDUSTRIEL,374615537.98728645
Saguenay--Lac-Saint-Jean,2022-03-01,RÉSIDENTIEL,249622953.0
Saguenay--Lac-Saint-Jean,2022-04-01,AGRICOLE,7370400.0
Saguenay--Lac-Saint-Jean,2022-04-01,RÉSIDENTIEL,179994154.0
Saguenay--Lac-Saint-Jean,2022-05-01,COMMERCIAL,56879680.9
Saguenay--Lac-Saint-Jean,2022-06-01,AGRICOLE,6135431.0
Saguenay--Lac-Saint-Jean,2022-07-01,COMMERCIAL,56318543.7
Saguenay--Lac-Saint-Jean,2022-07-01,INSTITUTIONNEL,55871121.05387096
Saguenay--Lac-Saint-Jean,2022-08-01,COMMERCIAL,57779998.0
Saguenay--Lac-Saint-Jean,2022-10-01,INSTITUTIONNEL,67228576.6839785
Saguenay--Lac-Saint-Jean,2022-11-01,AGRICOLE,8280618.0
Saguenay--Lac-Saint-Jean,2022-11-01,INDUSTRIEL,263888671.46663594
Saguenay--Lac-Saint-Jean,2023-02-01,AGRICOLE,9533823.0
Saguenay--Lac-Saint-Jean,2023-03-01,AGRICOLE,8993396.0
Saguenay--Lac-Saint-Jean,2023-03-01,INDUSTRIEL,346816216.35142314
Saguenay--Lac-Saint-Jean,2023-03-01,INSTITUTIONNEL,105768884.49333334
Saguenay--Lac-Saint-Jean,2023-04-01,RÉSIDENTIEL,171296250.0
Saguenay--Lac-Saint-Jean,2023-06-01,AGRICOLE,5779211.0
Saguenay--Lac-Saint-Jean,2023-06-01,INSTITUTIONNEL,57314422.000519335
Saguenay--Lac-Saint-Jean,2023-07-01,COMMERCIAL,56195531.5
Saguenay--Lac-Saint-Jean,2023-07-01,RÉSIDENTIEL,111705310.0
Saguenay--Lac-Saint-Jean,2023-08-01,INDUSTRIEL,185589176.0770507
Saguenay--Lac-Saint-Jean,2023-09-01,AGRICOLE,6984518.0
Saguenay--Lac-Saint-Jean,2023-09-01,COMMERCIAL,60637187.3
Saguenay--Lac-Saint-Jean,2023-10-01,INDUSTRIEL,292634977.280112
Saguenay--Lac-Saint-Jean,2023-11-01,COMMERCIAL,91783529.0
Saguenay--Lac-Saint-Jean,2023-11-01,INSTITUTIONNEL,98445168.88387096
Saguenay--Lac-Saint-Jean,2023-12-01,COMMERCIAL,100243755.3
Saguenay--Lac-Saint-Jean,2023-12-01,RÉSIDENTIEL,261412426.0
Abitibi-Témiscamingue,2016-01-01,INDUSTRIEL,315313742.58044165
Abitibi-Témiscamingue,2016-02-01,AGRICOLE,3436929.0
Abitibi-Témiscamingue,2016-02-01,INDUSTRIEL,309947224.82881254
Abitibi-Témiscamingue,2016-03-01,COMMERCIAL,48452450.0
Abitibi-Témiscamingue,2016-03-01,INSTITUTIONNEL,27792992.996551722
Abitibi-Témiscamingue,2016-03-01,RÉSIDENTIEL,137027295.0
Abitibi-Témiscamingue,2016-05-01,AGRICOLE,2424193.0
Abitibi-Témiscamingue,2016-07-01,COMMERCIAL,34286178.0
Abitibi-Témiscamingue,2016-07-01,INSTITUTIONNEL,15275005.166451612
Abitibi-Témiscamingue,2016-08-01,INDUSTRIEL,313615345.52029955
Abitibi-Témiscamingue,2016-08-01,INSTITUTIONNEL,15969335.639580132
Abitibi-Témiscamingue,2016-08-01,RÉSIDENTIEL,57757017.0
Abitibi-Témiscamingue,2016-09-01,RÉSIDENTIEL,54766688.0
Abitibi-Témiscamingue,2016-11-01,INSTITUTIONNEL,23164221.044791088
Abitibi-Témiscamingue,2016-12-01,INDUSTRIEL,320188280.0363988
Abitibi-Témiscamingue,2016-12-01,INSTITUTIONNEL,29606205.406451613
Abitibi-Témiscamingue,2017-01-01,AGRICOLE,3768840.0
Abitibi-Témiscamingue,2017-01-01,RÉSIDENTIEL,160401671.0
Abitibi-Témiscamingue,2017-02-01,INSTITUTIONNEL,27005363.239746545
Abitibi-Témiscamingue,2017-03-01,AGRICOLE,3594599.0
Abitibi-Témiscamingue,2017-04-01,AGRICOLE,2859557.0
Abitibi-Témiscamingue,2017-04-01,RÉSIDENTIEL,101822407.0
Abitibi-Témiscamingue,2017-05-01,AGRICOLE,2541155.0
Abitibi-Témiscamingue,2017-06-01,INDUSTRIEL,300612049.27803576
Abitibi-Témiscamingue,2017-07-01,INDUSTRIEL,322829067.5183334
Abitibi-Témiscamingue,2017-08-01,COMMERCIAL,36052599.0
Abitibi-Témiscamingue,2017-08-01,INDUSTRIEL,323981455.3698214
Abitibi-Témiscamingue,2017-08-01,INSTITUTIONNEL,16098143.351612903
Abitibi-Témiscamingue,2017-09-01,AGRICOLE,2314938.0
Abitibi-Témiscamingue,2017-09-01,COMMERCIAL,34750581.0
Abitibi-Témiscamingue,2017-09-01,RÉSIDENTIEL,57306115.0
Abitibi-Témiscamingue,2017-10-01,INSTITUTIONNEL,19243363.029784948
Abitibi-Témiscamingue,2017-12-01,AGRICOLE,4105425.0
Abitibi-Témiscamingue,2017-12-01,INDUSTRIEL,328897882.6778834
Abitibi-Témiscamingue,2017-12-01,INSTITUTIONNEL,32449869.13548387
Abitibi-Témiscamingue,2018-01-01,RÉSIDENTIEL,190741255.0
Abitibi-Témiscamingue,2018-02-01,COMMERCIAL,53958368.0
Abitibi-Témiscamingue,2018-04-01,AGRICOLE,3144584.0
Abitibi-Témiscamingue,2018-04-01,COMMERCIAL,46705000.0
Abitibi-Témiscamingue,2018-04-01,INSTITUTIONNEL,23781649.83870968
Abitibi-Témiscamingue,2018-04-01,RÉSIDENTIEL,118628031.0
Abitibi-Témiscamingue,2018-05-01,INDUSTRIEL,323326498.35957724
Abitibi-Témiscamingue,2018-05-01,INSTITUTIONNEL,18194325.04129032
Abitibi-Témiscamingue,2018-06-01,AGRICOLE,2271255.0
Abitibi-Témiscamingue,2018-06-01,RÉSIDENTIEL,59823768.0
Abitibi-Témiscamingue,2018-07-01,COMMERCIAL,37448905.0
Abitibi-Témiscamingue,2018-09-01,AGRICOLE,2435126.0
Abitibi-Témiscamingue,2018-09-01,COMMERCIAL,34136388.0
Abitibi-Témiscamingue,2018-09-01,RÉSIDENTIEL,60841953.0
Abitibi-Témiscamingue,2018-10-01,INDUSTRIEL,328821954.68902296
Abitibi-Témiscamingue,2018-10-01,INSTITUTIONNEL,23210483.59107527
Abitibi-Témiscamingue,2018-11-01,AGRICOLE,3244743.0
Abitibi-Témiscamingue,2018-11-01,RÉSIDENTIEL,134693591.0
Abitibi-Témiscamingue,2019-01-01,COMMERCIAL,63138099.0
Abitibi-Témiscamingue,2019-01-01,INDUSTRIEL,334722195.0557834
Abitibi-Témiscamingue,2019-02-01,RÉSIDENTIEL,159976478.0
Abitibi-Témiscamingue,2019-03-01,COMMERCIAL,53012627.0
Abitibi-Témiscamingue,2019-03-01,RÉSIDENTIEL,146973282.0
Abitibi-Témiscamingue,2019-04-01,AGRICOLE,3107489.0
Abitibi-Témiscamingue,2019-05-01,COMMERCIAL,39115164.0
Abitibi-Témiscamingue,2019-06-01,INSTITUTIONNEL,15426313.723010752
Abitibi-Témiscamingue,2019-07-01,RÉSIDENTIEL,58017575.0
Abitibi-Témiscamingue,2019-08-01,INDUSTRIEL,303711140.6527002
Abitibi-Témiscamingue,2019-08-01,INSTITUTIONNEL,15486738.44516129
Abitibi-Témiscamingue,2019-09-01,INSTITUTIONNEL,16616980.286989246
Abitibi-Témiscamingue,2019-10-01,INDUSTRIEL,320254506.33152294
Abitibi-Témiscamingue,2019-11-01,INSTITUTIONNEL,26360822.506451614
Abitibi-Témiscamingue,2019-12-01,AGRICOLE,4002809.0
Abitibi-Témiscamingue,2019-12-01,COMMERCIAL,56794639.0
Abitibi-Témiscamingue,2019-12-01,INDUSTRIEL,323606837.453143
Abitibi-Témiscamingue,2020-01-01,AGRICOLE,4026274.0
Abitibi-Témiscamingue,2020-01-01,COMMERCIAL,58005857.0
Abitibi-Témiscamingue,2020-02-01,INSTITUTIONNEL,28520270.503333334
Abitibi-Témiscamingue,2020-03-01,COMMERCIAL,48636875.0
Abitibi-Témiscamingue,2020-03-01,RÉSIDENTIEL,134714427.0
Abitibi-Témiscamingue,2020-04-01,AGRICOLE,3061756.0
Abitibi-Témiscamingue,2020-04-01,INDUSTRIEL,226369116.68205827
Abitibi-Témiscamingue,2020-04-01,INSTITUTIONNEL,20277480.34
Abitibi-Témiscamingue,2020-05-01,INSTITUTIONNEL,17913242.801935483
Abitibi-Témiscamingue,2020-06-01,AGRICOLE,2416333.0
Abitibi-Témiscamingue,2020-07-01,COMMERCIAL,35512512.0
Abitibi-Témiscamingue,2020-07-01,INDUSTRIEL,262108703.98812556
Abitibi-Témiscamingue,2020-07-01,INSTITUTIONNEL,15005918.572473118
Abitibi-Témiscamingue,2020-07-01,RÉSIDENTIEL,62463795.0
Abitibi-Témiscamingue,2020-09-01,AGRICOLE,2603891.0
Abitibi-Témiscamingue,2020-09-01,INDUSTRIEL,252659367.2130655
Abitibi-Témiscamingue,2020-09-01,INSTITUTIONNEL,16577660.48688172
Abitibi-Témiscamingue,2020-09-01,RÉSIDENTIEL,66297028.0
Abitibi-Témiscamingue,2020-10-01,INSTITUTIONNEL,21965952.322795697
Abitibi-Témiscamingue,2020-10-01,RÉSIDENTIEL,101564701.0
Abitibi-Témiscamingue,2020-11-01,AGRICOLE,3153266.0
Abitibi-Témiscamingue,2020-11-01,INDUSTRIEL,266313198.53984374
Abitibi-Témiscamingue,2020-11-01,RÉSIDENTIEL,118378689.0
Abitibi-Témiscamingue,2020-12-01,RÉSIDENTIEL,164762228.0
Abitibi-Témiscamingue,2021-01-01,COMMERCIAL,55692679.0
Abitibi-Témiscamingue,2021-01-01,INSTITUTIONNEL,29540175.79288098
Abitibi-Témiscamingue,2021-01-01,RÉSIDENTIEL,167841636.0
Abitibi-Témiscamingue,2021-02-01,COMMERCIAL,54053549.0
Abitibi-Témiscamingue,2021-03-01,COMMERCIAL,51988273.0
Abitibi-Témiscamingue,2021-04-01,COMMERCIAL,39973600.0
Abitibi-Témiscamingue,2021-05-01,AGRICOLE,2744983.0
Abitibi-Témiscamingue,2021-05-01,INDUSTRIEL,269282910.07501054
Abitibi-Témiscamingue,2021-06-01,AGRICOLE,2438475.0
Abitibi-Témiscamingue,2021-06-01,INDUSTRIEL,256374211.67916667
Abitibi-Témiscamingue,2021-06-01,INSTITUTIONNEL,14580142.58688172
Abitibi-Témiscamingue,2021-07-01,INSTITUTIONNEL,14568185.355053764
Abitibi-Témiscamingue,2021-07-01,RÉSIDENTIEL,61503551.0
Abitibi-Témiscamingue,2021-08-01,COMMERCIAL,35031216.0
Abitibi-Témiscamingue,2021-08-01,RÉSIDENTIEL,62303088.0
Abitibi-Témiscamingue,2021-09-01,COMMERCIAL,32514411.0
Abitibi-Témiscamingue,2021-09-01,INSTITUTIONNEL,15987560.581182797
Abitibi-Témiscamingue,2021-10-01,AGRICOLE,2848507.0
Abitibi-Témiscamingue,2021-10-01,COMMERCIAL,36167131.0
Abitibi-Témiscamingue,2021-10-01,RÉSIDENTIEL,77466519.0
Abitibi-Témiscamingue,2021-11-01,AGRICOLE,3262066.0
Abitibi-Témiscamingue,2021-12-01,COMMERCIAL,55639861.0
Abitibi-Témiscamingue,2021-12-01,INDUSTRIEL,288848809.5663851
Abitibi-Témiscamingue,2021-12-01,RÉSIDENTIEL,169420833.0
Abitibi-Témiscamingue,2022-01-01,COMMERCIAL,65529420.0
Abitibi-Témiscamingue,2022-02-01,AGRICOLE,4297697.0
Abitibi-Témiscamingue,2022-03-01,INSTITUTIONNEL,28393684.47
Abitibi-Témiscamingue,2022-04-01,COMMERCIAL,42269457.0
Abitibi-Témiscamingue,2022-06-01,AGRICOLE,2458256.0
Abitibi-Témiscamingue,2022-07-01,INDUSTRIEL,272450874.99206245
Abitibi-Témiscamingue,2022-07-01,INSTITUTIONNEL,14491294.661075268
Abitibi-Témiscamingue,2022-08-01,AGRICOLE,2687858.0
Abitibi-Témiscamingue,2022-08-01,INSTITUTIONNEL,15338672.36451613
Abitibi-Témiscamingue,2022-08-01,RÉSIDENTIEL,61516935.0
Abitibi-Témiscamingue,2022-09-01,COMMERCIAL,31755017.0
Abitibi-Témiscamingue,2022-09-01,INDUSTRIEL,265132810.42467588
Abitibi-Témiscamingue,2022-10-01,AGRICOLE,2951269.0
Abitibi-Témiscamingue,2022-10-01,COMMERCIAL,36020365.0
Abitibi-Témiscamingue,2022-10-01,INDUSTRIEL,287076954.8440161
Abitibi-Témiscamingue,2022-11-01,AGRICOLE,3373572.0
Abitibi-Témiscamingue,2022-11-01,COMMERCIAL,44851001.0
Abitibi-Témiscamingue,2022-11-01,INSTITUTIONNEL,24680710.54193548
Abitibi-Témiscamingue,2022-12-01,RÉSIDENTIEL,161874589.0
Abitibi-Témiscamingue,2023-01-01,AGRICOLE,4343906.0
Abitibi-Témiscamingue,2023-01-01,COMMERCIAL,56300257.0
Abitibi-Témiscamingue,2023-01-01,RÉSIDENTIEL,173605358.0
Abitibi-Témiscamingue,2023-02-01,AGRICOLE,4179322.0
Abitibi-Témiscamingue,2023-02-01,COMMERCIAL,53424165.0
Abitibi-Témiscamingue,2023-02-01,INDUSTRIEL,257694023.3574788
Abitibi-Témiscamingue,2023-02-01,INSTITUTIONNEL,29871624.488045976
Abitibi-Témiscamingue,2023-03-01,COMMERCIAL,51498281.0
Abitibi-Témiscamingue,2023-03-01,INDUSTRIEL,288776121.85262793
Abitibi-Témiscamingue,2023-04-01,AGRICOLE,3367460.0
Abitibi-Témiscamingue,2023-04-01,RÉSIDENTIEL,108612803.0
Abitibi-Témiscamingue,2023-05-01,AGRICOLE,2956651.0
Abitibi-Témiscamingue,2023-05-01,COMMERCIAL,34676518.0
Abitibi-Témiscamingue,2023-06-01,AGRICOLE,2612962.0
Abitibi-Témiscamingue,2023-06-01,COMMERCIAL,31104058.0
Abitibi-Témiscamingue,2023-06-01,INDUSTRIEL,261009371.9221994
Abitibi-Témiscamingue,2023-06-01,INSTITUTIONNEL,14684510.862043012
Abitibi-Témiscamingue,2023-07-01,INDUSTRIEL,267002674.0393452
Abitibi-Témiscamingue,2023-08-01,INDUSTRIEL,271167600.38168156
Abitibi-Témiscamingue,2023-08-01,INSTITUTIONNEL,15274549.748387096
Abitibi-Témiscamingue,2023-08-01,RÉSIDENTIEL,60919877.0
Abitibi-Témiscamingue,2023-10-01,COMMERCIAL,35990819.0
Abitibi-Témiscamingue,2023-11-01,COMMERCIAL,48628149.0
Abitibi-Témiscamingue,2023-11-01,RÉSIDENTIEL,135491907.0
Abitibi-Témiscamingue,2023-12-01,AGRICOLE,4235599.0
Abitibi-Témiscamingue,2023-12-01,COMMERCIAL,52404969.0
Bas-Saint-Laurent,2016-01-01,INDUSTRIEL,
Bas-Saint-Laurent,2016-02-01,INDUSTRIEL,
Bas-Saint-Laurent,2016-02-01,RÉSIDENTIEL,
Bas-Saint-Laurent,2016-03-01,AGRICOLE,
Bas-Saint-Laurent,2016-03-01,COMMERCIAL,
Bas-Saint-Laurent,2016-04-01,COMMERCIAL,
Bas-Saint-Laurent,2016-04-01,RÉSIDENTIEL,
Bas-Saint-Laurent,2016-05-01,AGRICOLE,
Bas-Saint-Laurent,2016-05-01,INSTITUTIONNEL,
Bas-Saint-Laurent,2016-05-01,RÉSIDENTIEL,
Bas-Saint-Laurent,2016-06-01,COMMERCIAL,
Bas-Saint-Laurent,2016-06-01,INDUSTRIEL,
Bas-Saint-Laurent,2016-07-01,INSTITUTIONNEL,
Bas-Saint-Laurent,2016-08-01,AGRICOLE,
Bas-Saint-Laurent,2016-08-01,INDUSTRIEL,
Bas-Saint-Laurent,2016-09-01,COMMERCIAL,
Bas-Saint-Laurent,2016-09-01,INDUSTRIEL,
Bas-Saint-Laurent,2016-09-01,INSTITUTIONNEL,
Bas-Saint-Laurent,2016-10-01,AGRICOLE,
Bas-Saint-Laurent,2016-11-01,INDUSTRIEL,
Bas-Saint-Laurent,2016-11-01,RÉSIDENTIEL,
Bas-Saint-Laurent,2016-12-01,COMMERCIAL,
Bas-Saint-Laurent,2016-12-01,INDUSTRIEL,
Bas-Saint-Laurent,2017-02-01,AGRICOLE,
Bas-Saint-Laurent,2017-03-01,AGRICOLE,
Bas-Saint-Laurent,2017-03-01,INDUSTRIEL,
Bas-Saint-Laurent,2017-04-01,INSTITUTIONNEL,
Bas-Saint-Laurent,2017-04-01,RÉSIDENTIEL,
Bas-Saint-Laurent,2017-05-01,INDUSTRIEL,
Bas-Saint-Laurent,2017-06-01,AGRICOLE,
Bas-Saint-Laurent,2017-06-01,INDUSTRIEL,
Bas-Saint-Laurent,2017-06-01,INSTITUTIONNEL,
Bas-Saint-Laurent,2017-07-01,AGRICOLE,
Bas-Saint-Laurent,2017-08-01,INSTITUTIONNEL,
Bas-Saint-Laurent,2017-09-01,AGRICOLE,
Bas-Saint-Laurent,2017-09-01,COMMERCIAL,
Bas-Saint-Laurent,2017-09-01,INDUSTRIEL,
Bas-Saint-Laurent,2017-09-01,RÉSIDENTIEL,
Bas-Saint-Laurent,2017-10-01,COMMERCIAL,
Bas-Saint-Laurent,2017-10-01,RÉSIDENTIEL,
Bas-Saint-Laurent,2017-11-01,COMMERCIAL,
Bas-Saint-Laurent,2017-12-01,COMMERCIAL,
Bas-Saint-Laurent,2017-12-01,RÉSIDENTIEL,
Bas-Saint-Laurent,2018-01-01,INSTITUTIONNEL,
Bas-Saint-Laurent,2018-01-01,RÉSIDENTIEL,
Bas-Saint-Laurent,2018-02-01,COMMERCIAL,
Bas-Saint-Laurent,2018-02-01,RÉSIDENTIEL,
Bas-Saint-Laurent,2018-05-01,INDUSTRIEL,
Bas-Saint-Laurent,2018-06-01,INDUSTRIEL,
Bas-Saint-Laurent,2018-07-01,COMMERCIAL,
Bas-Saint-Laurent,2018-07-01,RÉSIDENTIEL,
Bas-Saint-Laurent,2018-08-01,COMMERCIAL,
Bas-Saint-Laurent,2018-08-01,RÉSIDENTIEL,
Bas-Saint-Laurent,2018-09-01,AGRICOLE,
Bas-Saint-Laurent,2018-09-01,INDUSTRIEL,
Bas-Saint-Laurent,2018-11-01,AGRICOLE,
Bas-Saint-Laurent,2018-11-01,INDUSTRIEL,
Bas-Saint-Laurent,2018-11-01,INSTITUTIONNEL,
Bas-Saint-Laurent,2018-12-01,AGRICOLE,
Bas-Saint-Laurent,2018-12-01,INDUSTRIEL,
Bas-Saint-Laurent,2018-12-01,RÉSIDENTIEL,
Bas-Saint-Laurent,2019-01-01,INSTITUTIONNEL,
Bas-Saint-Laurent,2019-01-01,RÉSIDENTIEL,
Bas-Saint-Laurent,2019-03-01,COMMERCIAL,
Bas-Saint-Laurent,2019-03-01,INDUSTRIEL,
Bas-Saint-Laurent,2019-03-01,INSTITUTIONNEL,
Bas-Saint-Laurent,2019-04-01,AGRICOLE,
Bas-Saint-Laurent,2019-04-01,COMMERCIAL,
Bas-Saint-Laurent,2019-04-01,INDUSTRIEL,
Bas-Saint-Laurent,2019-05-01,COMMERCIAL,
Bas-Saint-Laurent,2019-06-01,AGRICOLE,
Bas-Saint-Laurent,2019-06-01,COMMERCIAL,
Bas-Saint-Laurent,2019-06-01,INDUSTRIEL,
Bas-Saint-Laurent,2019-07-01,AGRICOLE,
Bas-Saint-Laurent,2019-07-01,COMMERCIAL,
Bas-Saint-Laurent,2019-08-01,AGRICOLE,
Bas-Saint-Laurent,2019-08-01,COMMERCIAL,
Bas-Saint-Laurent,2019-08-01,INDUSTRIEL,
Bas-Saint-Laurent,2019-10-01,AGRICOLE,
Bas-Saint-Laurent,2019-10-01,INSTITUTIONNEL,
Bas-Saint-Laurent,2019-11-01,AGRICOLE,
Bas-Saint-Laurent,2019-11-01,COMMERCIAL,
Bas-Saint-Laurent,2019-12-01,COMMERCIAL,
Bas-Saint-Laurent,2020-01-01,AGRICOLE,
Bas-Saint-Laurent,2020-01-01,COMMERCIAL,
Bas-Saint-Laurent,2020-01-01,INSTITUTIONNEL,
Bas-Saint-Laurent,2020-01-01,RÉSIDENTIEL,
Bas-Saint-Laurent,2020-02-01,AGRICOLE,
Bas-Saint-Laurent,2020-02-01,COMMERCIAL,
Bas-Saint-Laurent,2020-02-01,INDUSTRIEL,
Bas-Saint-Laurent,2020-03-01,COMMERCIAL,
Bas-Saint-Laurent,2020-03-01,RÉSIDENTIEL,
Bas-Saint-Laurent,2020-04-01,INSTITUTIONNEL,
Bas-Saint-Laurent,2020-05-01,RÉSIDENTIEL,
Bas-Saint-Laurent,2020-06-01,COMMERCIAL,
Bas-Saint-Laurent,2020-06-01,RÉSIDENTIEL,
Bas-Saint-Laurent,2020-07-01,RÉSIDENTIEL,
Bas-Saint-Laurent,2020-08-01,INDUSTRIEL,
Bas-Saint-Laurent,2020-08-01,RÉSIDENTIEL,
Bas-Saint-Laurent,2020-09-01,COMMERCIAL,
Bas-Saint-Laurent,2020-09-01,INDUSTRIEL,
Bas-Saint-Laurent,2020-09-01,RÉSIDENTIEL,
Bas-Saint-Laurent,2020-10-01,INSTITUTIONNEL,
Bas-Saint-Laurent,2020-12-01,RÉSIDENTIEL,
Bas-Saint-Laurent,2021-01-01,AGRICOLE,
Bas-Saint-Laurent,2021-01-01,COMMERCIAL,
Bas-Saint-Laurent,2021-01-01,INDUSTRIEL,
Bas-Saint-Laurent,2021-01-01,INSTITUTIONNEL,
Bas-Saint-Laurent,2021-01-01,RÉSIDENTIEL,
Bas-Saint-Laurent,2021-03-01,COMMERCIAL,
Bas-Saint-Laurent,2021-03-01,INDUSTRIEL,
Bas-Saint-Laurent,2021-03-01,INSTITUTIONNEL,
Bas-Saint-Laurent,2021-04-01,COMMERCIAL,
Bas-Saint-Laurent,2021-04-01,INDUSTRIEL,
Bas-Saint-Laurent,2021-04-01,RÉSIDENTIEL,
Bas-Saint-Laurent,2021-05-01,INDUSTRIEL,
Bas-Saint-Laurent,2021-05-01,INSTITUTIONNEL,
Bas-Saint-Laurent,2021-06-01,AGRICOLE,
Bas-Saint-Laurent,2021-06-01,INDUSTRIEL,
Bas-Saint-Laurent,2021-06-01,INSTITUTIONNEL,
Bas-Saint-Laurent,2021-07-01,COMMERCIAL,
Bas-Saint-Laurent,2021-07-01,RÉSIDENTIEL,
Bas-Saint-Laurent,2021-08-01,AGRICOLE,
Bas-Saint-Laurent,2021-08-01,COMMERCIAL,
Bas-Saint-Laurent,2021-08-01,RÉSIDENTIEL,
Bas-Saint-Laurent,2021-09-01,AGRICOLE,
Bas-Saint-Laurent,2021-09-01,COMMERCIAL,
Bas-Saint-Laurent,2021-10-01,INDUSTRIEL,
Bas-Saint-Laurent,2021-12-01,AGRICOLE,
Bas-Saint-Laurent,2021-12-01,RÉSIDENTIEL,
Bas-Saint-Laurent,2022-01-01,COMMERCIAL,
Bas-Saint-Laurent,2022-02-01,COMMERCIAL,
Bas-Saint-Laurent,2022-02-01,RÉSIDENTIEL,
Bas-Saint-Laurent,2022-03-01,COMMERCIAL,
Bas-Saint-Laurent,2022-05-01,COMMERCIAL,
Bas-Saint-Laurent,2022-06-01,INDUSTRIEL,
Bas-Saint-Laurent,2022-07-01,INSTITUTIONNEL,
Bas-Saint-Laurent,2022-08-01,INSTITUTIONNEL,
Bas-Saint-Laurent,2022-08-01,RÉSIDENTIEL,
Bas-Saint-Laurent,2022-09-01,RÉSIDENTIEL,
Bas-Saint-Laurent,2022-10-01,INSTITUTIONNEL,
Bas-Saint-Laurent,2022-11-01,AGRICOLE,
Bas-Saint-Laurent,2022-11-01,INDUSTRIEL,
Bas-Saint-Laurent,2022-11-01,INSTITUTIONNEL,
Bas-Saint-Laurent,2022-12-01,AGRICOLE,
Bas-Saint-Laurent,2022-12-01,RÉSIDENTIEL,
Bas-Saint-Laurent,2023-01-01,COMMERCIAL,
Bas-Saint-Laurent,2023-02-01,AGRICOLE,
Bas-Saint-Laurent,2023-02-01,COMMERCIAL,
Bas-Saint-Laurent,2023-02-01,INSTITUTIONNEL,
Bas-Saint-Laurent,2023-03-01,AGRICOLE,
Bas-Saint-Laurent,2023-03-01,COMMERCIAL,
Bas-Saint-Laurent,2023-03-01,INSTITUTIONNEL,
Bas-Saint-Laurent,2023-04-01,AGRICOLE,
Bas-Saint-Laurent,2023-05-01,RÉSIDENTIEL,
Bas-Saint-Laurent,2023-06-01,COMMERCIAL,
Bas-Saint-Laurent,2023-06-01,INSTITUTIONNEL,
Bas-Saint-Laurent,2023-07-01,RÉSIDENTIEL,
Bas-Saint-Laurent,2023-08-01,COMMERCIAL,
Bas-Saint-Laurent,2023-09-01,AGRICOLE,
Bas-Saint-Laurent,2023-10-01,COMMERCIAL,
Bas-Saint-Laurent,2023-10-01,INDUSTRIEL,
Bas-Saint-Laurent,2023-11-01,AGRICOLE,
Bas-Saint-Laurent,2023-11-01,COMMERCIAL,
Bas-Saint-Laurent,2023-11-01,INSTITUTIONNEL,
Bas-Saint-Laurent,2023-11-01,RÉSIDENTIEL,
Bas-Saint-Laurent,2023-12-01,AGRICOLE,
Bas-Saint-Laurent,2023-12-01,INDUSTRIEL,
Capitale-Nationale,2016-01-01,INDUSTRIEL,530195959.2
Capitale-Nationale,2016-01-01,RÉSIDENTIEL,861497173.0
Capitale-Nationale,2016-02-01,INDUSTRIEL,501798508.0
Capitale-Nationale,2016-02-01,RÉSIDENTIEL,751841787.0
Capitale-Nationale,2016-03-01,AGRICOLE,7619323.0
Capitale-Nationale,2016-04-01,COMMERCIAL,254875713.9
Capitale-Nationale,2016-05-01,AGRICOLE,5368691.0
Capitale-Nationale,2016-05-01,COMMERCIAL,237361648.1
Capitale-Nationale,2016-05-01,INDUSTRIEL,530147304.6
Capitale-Nationale,2016-05-01,INSTITUTIONNEL,66102462.5
Capitale-Nationale,2016-06-01,AGRICOLE,4710001.0
Capitale-Nationale,2016-06-01,COMMERCIAL,232019663.5
Capitale-Nationale,2016-06-01,INSTITUTIONNEL,60897930.1
Capitale-Nationale,2016-07-01,COMMERCIAL,243134921.4
Capitale-Nationale,2016-07-01,INDUSTRIEL,521164383.5
Capitale-Nationale,2016-08-01,INSTITUTIONNEL,63522043.0
Capitale-Nationale,2016-10-01,AGRICOLE,6538209.0
Capitale-Nationale,2016-10-01,INDUSTRIEL,535250595.1
Capitale-Nationale,2016-10-01,RÉSIDENTIEL,415870186.0
Capitale-Nationale,2016-11-01,INDUSTRIEL,521202449.50000006
Capitale-Nationale,2016-11-01,RÉSIDENTIEL,528624819.0
Capitale-Nationale,2016-12-01,AGRICOLE,8549118.0
Capitale-Nationale,2016-12-01,INDUSTRIEL,540335228.0
Capitale-Nationale,2017-01-01,AGRICOLE,8723407.0
Capitale-Nationale,2017-01-01,COMMERCIAL,321783319.0
Capitale-Nationale,2017-01-01,INDUSTRIEL,532596577.1
Capitale-Nationale,2017-01-01,INSTITUTIONNEL,87150443.30000001
Capitale-Nationale,2017-01-01,RÉSIDENTIEL,823829483.0
Capitale-Nationale,2017-02-01,AGRICOLE,7555350.0
Capitale-Nationale,2017-02-01,RÉSIDENTIEL,717062252.0
Capitale-Nationale,2017-03-01,RÉSIDENTIEL,768503631.0
Capitale-Nationale,2017-05-01,AGRICOLE,5470094.0
Capitale-Nationale,2017-05-01,INSTITUTIONNEL,67469571.4
Capitale-Nationale,2017-06-01,INSTITUTIONNEL,59719070.4
Capitale-Nationale,2017-07-01,AGRICOLE,4891226.0
Capitale-Nationale,2017-07-01,COMMERCIAL,247476362.29999998
Capitale-Nationale,2017-08-01,AGRICOLE,5018066.0
Capitale-Nationale,2017-08-01,COMMERCIAL,247324836.9
Capitale-Nationale,2017-08-01,INDUSTRIEL,546484828.8
Capitale-Nationale,2017-09-01,INSTITUTIONNEL,61428982.00000001
Capitale-Nationale,2017-10-01,AGRICOLE,6276237.0
Capitale-Nationale,2017-11-01,COMMERCIAL,279236652.9
Capitale-Nationale,2017-11-01,INDUSTRIEL,542644565.3
Capitale-Nationale,2017-11-01,RÉSIDENTIEL,621379660.0
Capitale-Nationale,2017-12-01,AGRICOLE,9436108.0
Capitale-Nationale,2017-12-01,INSTITUTIONNEL,90968744.3
Capitale-Nationale,2018-02-01,INDUSTRIEL,496129892.33870965
Capitale-Nationale,2018-02-01,INSTITUTIONNEL,82776317.4
Capitale-Nationale,2018-03-01,INDUSTRIEL,560206863.9548388
Capitale-Nationale,2018-03-01,INSTITUTIONNEL,84122852.1
Capitale-Nationale,2018-04-01,AGRICOLE,6712188.0
Capitale-Nationale,2018-05-01,AGRICOLE,5051061.0
Capitale-Nationale,2018-05-01,INDUSTRIEL,554552175.6544087
Capitale-Nationale,2018-07-01,INDUSTRIEL,551387355.5460215
Capitale-Nationale,2018-07-01,INSTITUTIONNEL,61531883.5
Capitale-Nationale,2018-08-01,INSTITUTIONNEL,63770799.6
Capitale-Nationale,2018-09-01,COMMERCIAL,236017866.4
Capitale-Nationale,2018-09-01,INSTITUTIONNEL,62305073.3
Capitale-Nationale,2018-10-01,INSTITUTIONNEL,75862888.9
Capitale-Nationale,2018-10-01,RÉSIDENTIEL,491532740.0
Capitale-Nationale,2018-12-01,INDUSTRIEL,556064540.8066667
Capitale-Nationale,2018-12-01,INSTITUTIONNEL,88667388.19999999
Capitale-Nationale,2018-12-01,RÉSIDENTIEL,842904251.0
Capitale-Nationale,2019-01-01,INDUSTRIEL,556589185.9032258
Capitale-Nationale,2019-02-01,INDUSTRIEL,511407393.2967742
Capitale-Nationale,2019-03-01,AGRICOLE,8223324.0
Capitale-Nationale,2019-04-01,AGRICOLE,7246266.0
Capitale-Nationale,2019-06-01,INDUSTRIEL,481546894.27075267
Capitale-Nationale,2019-06-01,INSTITUTIONNEL,59440660.0
Capitale-Nationale,2019-07-01,RÉSIDENTIEL,325400921.0
Capitale-Nationale,2019-08-01,COMMERCIAL,251006226.8
Capitale-Nationale,2019-08-01,INDUSTRIEL,498373479.8030107
Capitale-Nationale,2019-09-01,COMMERCIAL,229157859.6
Capitale-Nationale,2019-09-01,INSTITUTIONNEL,61766318.4
Capitale-Nationale,2019-10-01,INSTITUTIONNEL,70684760.2
Capitale-Nationale,2019-11-01,RÉSIDENTIEL,665908057.0
Capitale-Nationale,2019-12-01,COMMERCIAL,326137769.29999995
Capitale-Nationale,2019-12-01,INDUSTRIEL,521719264.88623655
Capitale-Nationale,2019-12-01,RÉSIDENTIEL,830740713.0
Capitale-Nationale,2020-02-01,AGRICOLE,8556079.0
Capitale-Nationale,2020-02-01,COMMERCIAL,308010836.1
Capitale-Nationale,2020-02-01,INDUSTRIEL,510243451.44160175
Capitale-Nationale,2020-03-01,COMMERCIAL,287187970.20000005
Capitale-Nationale,2020-03-01,INDUSTRIEL,551539951.1583983
Capitale-Nationale,2020-04-01,COMMERCIAL,223673495.3
Capitale-Nationale,2020-04-01,INDUSTRIEL,508513617.7301075
Capitale-Nationale,2020-04-01,INSTITUTIONNEL,67338334.8
Capitale-Nationale,2020-05-01,AGRICOLE,5072892.0
Capitale-Nationale,2020-05-01,INDUSTRIEL,496515972.52150536
Capitale-Nationale,2020-06-01,INDUSTRIEL,479172125.97849464
Capitale-Nationale,2020-06-01,INSTITUTIONNEL,54747185.99999999
Capitale-Nationale,2020-08-01,COMMERCIAL,238794665.70000002
Capitale-Nationale,2020-08-01,INDUSTRIEL,520515066.5225806
Capitale-Nationale,2020-08-01,INSTITUTIONNEL,58455757.89999999
Capitale-Nationale,2020-09-01,AGRICOLE,5321293.0
Capitale-Nationale,2020-09-01,COMMERCIAL,221887427.6
Capitale-Nationale,2020-09-01,INDUSTRIEL,501444035.9935484
Capitale-Nationale,2020-10-01,RÉSIDENTIEL,460675587.0
Capitale-Nationale,2020-12-01,COMMERCIAL,301053950.20000005
Capitale-Nationale,2020-12-01,INSTITUTIONNEL,83921895.8
Capitale-Nationale,2021-01-01,COMMERCIAL,309528624.29999995
Capitale-Nationale,2021-01-01,INSTITUTIONNEL,87055589.0
Capitale-Nationale,2021-02-01,AGRICOLE,7003670.0
Capitale-Nationale,2021-03-01,AGRICOLE,7636776.0
Capitale-Nationale,2021-03-01,INSTITUTIONNEL,83551647.9
Capitale-Nationale,2021-03-01,RÉSIDENTIEL,713388598.0
Capitale-Nationale,2021-04-01,AGRICOLE,5874523.0
Capitale-Nationale,2021-04-01,COMMERCIAL,228460541.29999998
Capitale-Nationale,2021-04-01,INDUSTRIEL,533107651.3230108
Capitale-Nationale,2021-05-01,RÉSIDENTIEL,386927209.0
Capitale-Nationale,2021-06-01,COMMERCIAL,231986133.3
Capitale-Nationale,2021-06-01,INSTITUTIONNEL,58624071.0
Capitale-Nationale,2021-06-01,RÉSIDENTIEL,338878225.0
Capitale-Nationale,2021-07-01,RÉSIDENTIEL,340528631.0
Capitale-Nationale,2021-09-01,AGRICOLE,5260421.0
Capitale-Nationale,2021-09-01,INDUSTRIEL,532653045.50387096
Capitale-Nationale,2021-10-01,COMMERCIAL,237739069.1
Capitale-Nationale,2021-10-01,RÉSIDENTIEL,378324872.0
Capitale-Nationale,2021-11-01,AGRICOLE,7146102.0
Capitale-Nationale,2021-11-01,RÉSIDENTIEL,584602482.0
Capitale-Nationale,2021-12-01,INDUSTRIEL,568663953.4849463
Capitale-Nationale,2021-12-01,INSTITUTIONNEL,86789776.7
Capitale-Nationale,2022-01-01,INDUSTRIEL,559255942.6806451
Capitale-Nationale,2022-02-01,RÉSIDENTIEL,849393542.0
Capitale-Nationale,2022-03-01,INSTITUTIONNEL,84291707.30000001
Capitale-Nationale,2022-04-01,AGRICOLE,7060951.0
Capitale-Nationale,2022-05-01,INDUSTRIEL,557356947.9744086
Capitale-Nationale,2022-07-01,INDUSTRIEL,545093801.9172043
Capitale-Nationale,2022-07-01,INSTITUTIONNEL,58339555.0
Capitale-Nationale,2022-07-01,RÉSIDENTIEL,348903706.0
Capitale-Nationale,2022-08-01,COMMERCIAL,253082619.3
Capitale-Nationale,2022-08-01,INDUSTRIEL,543595711.4548388
Capitale-Nationale,2022-08-01,INSTITUTIONNEL,61118362.49999999
Capitale-Nationale,2022-08-01,RÉSIDENTIEL,346176584.0
Capitale-Nationale,2022-09-01,AGRICOLE,5321940.0
Capitale-Nationale,2022-09-01,INSTITUTIONNEL,60629236.900000006
Capitale-Nationale,2022-10-01,COMMERCIAL,240998788.6
Capitale-Nationale,2022-10-01,INSTITUTIONNEL,66208413.5
Capitale-Nationale,2022-11-01,COMMERCIAL,275531972.8
Capitale-Nationale,2022-11-01,INSTITUTIONNEL,75495067.4
Capitale-Nationale,2022-12-01,RÉSIDENTIEL,783314601.0
Capitale-Nationale,2023-01-01,AGRICOLE,8660741.0
Capitale-Nationale,2023-02-01,COMMERCIAL,312004480.1
Capitale-Nationale,2023-02-01,INDUSTRIEL,481842804.5419355
Capitale-Nationale,2023-03-01,COMMERCIAL,299936954.3
Capitale-Nationale,2023-03-01,INSTITUTIONNEL,83296168.89999999
Capitale-Nationale,2023-04-01,INSTITUTIONNEL,70745262.80000001
Capitale-Nationale,2023-04-01,RÉSIDENTIEL,520865144.0
Capitale-Nationale,2023-05-01,INSTITUTIONNEL,64737885.099999994
Capitale-Nationale,2023-05-01,RÉSIDENTIEL,389457240.0
Capitale-Nationale,2023-06-01,AGRICOLE,5092471.0
Capitale-Nationale,2023-06-01,COMMERCIAL,237319029.6
Capitale-Nationale,2023-06-01,INDUSTRIEL,498446726.75806457
Capitale-Nationale,2023-07-01,COMMERCIAL,262135013.7
Capitale-Nationale,2023-07-01,RÉSIDENTIEL,360944179.0
Capitale-Nationale,2023-08-01,INSTITUTIONNEL,60257761.5
Capitale-Nationale,2023-08-01,RÉSIDENTIEL,341904414.0
Capitale-Nationale,2023-09-01,AGRICOLE,5628127.0
Capitale-Nationale,2023-09-01,INDUSTRIEL,506863634.7713978
Capitale-Nationale,2023-09-01,INSTITUTIONNEL,60585881.6
Capitale-Nationale,2023-09-01,RÉSIDENTIEL,325570994.0
Capitale-Nationale,2023-10-01,RÉSIDENTIEL,378453929.0
Capitale-Nationale,2023-11-01,AGRICOLE,7508185.0
Capitale-Nationale,2023-11-01,COMMERCIAL,291188269.1
Capitale-Nationale,2023-11-01,INSTITUTIONNEL,78816828.5
Capitale-Nationale,2023-11-01,RÉSIDENTIEL,652570425.0
Capitale-Nationale,2023-12-01,INDUSTRIEL,533972808.74860215
Centre-du-Québec,2016-01-01,AGRICOLE,26950372.0
Centre-du-Québec,2016-01-01,COMMERCIAL,75170680.0
Centre-du-Québec,2016-01-01,RÉSIDENTIEL,260710513.0
Centre-du-Québec,2016-02-01,AGRICOLE,24821467.0
Centre-du-Québec,2016-03-01,INDUSTRIEL,723910100.296798
Centre-du-Québec,2016-03-01,RÉSIDENTIEL,206677077.0
Centre-du-Québec,2016-04-01,COMMERCIAL,61483366.86666667
Centre-du-Québec,2016-04-01,INSTITUTIONNEL,19469083.633333333
Centre-du-Québec,2016-04-01,RÉSIDENTIEL,167612318.0
Centre-du-Québec,2016-05-01,COMMERCIAL,58227522.60430108
Centre-du-Québec,2016-05-01,INDUSTRIEL,720734487.191636
Centre-du-Québec,2016-06-01,AGRICOLE,19315642.0
Centre-du-Québec,2016-06-01,INSTITUTIONNEL,15302953.920967743
Centre-du-Québec,2016-07-01,AGRICOLE,20324410.0
Centre-du-Québec,2016-07-01,INSTITUTIONNEL,14901441.656451613
Centre-du-Québec,2016-08-01,RÉSIDENTIEL,107142227.0
Centre-du-Québec,2016-09-01,AGRICOLE,19670414.0
Centre-du-Québec,2016-09-01,COMMERCIAL,56825509.0
Centre-du-Québec,2016-10-01,AGRICOLE,22130757.0
Centre-du-Québec,2016-11-01,INSTITUTIONNEL,20465455.16451613
Centre-du-Québec,2016-12-01,INDUSTRIEL,713988819.1496544
Centre-du-Québec,2017-01-01,COMMERCIAL,75695968.4
Centre-du-Québec,2017-02-01,COMMERCIAL,68845094.8
Centre-du-Québec,2017-03-01,INDUSTRIEL,739977473.7215246
Centre-du-Québec,2017-03-01,INSTITUTIONNEL,23688350.135714285
Centre-du-Québec,2017-04-01,COMMERCIAL,59848129.300000004
Centre-du-Québec,2017-05-01,AGRICOLE,20155234.0
Centre-du-Québec,2017-05-01,COMMERCIAL,58651788.9
Centre-du-Québec,2017-05-01,INDUSTRIEL,723046413.1078956
Centre-du-Québec,2017-05-01,INSTITUTIONNEL,17165838.89032258
Centre-du-Québec,2017-06-01,COMMERCIAL,57446582.2
Centre-du-Québec,2017-08-01,INDUSTRIEL,720631487.7640553
Centre-du-Québec,2017-09-01,COMMERCIAL,59056075.3
Centre-du-Québec,2017-09-01,INSTITUTIONNEL,16835848.665053762
Centre-du-Québec,2017-10-01,AGRICOLE,20677653.0
Centre-du-Québec,2017-10-01,COMMERCIAL,60983920.2
Centre-du-Québec,2017-10-01,INSTITUTIONNEL,18041941.51236559
Centre-du-Québec,2017-10-01,RÉSIDENTIEL,108349989.0
Centre-du-Québec,2017-11-01,INSTITUTIONNEL,21097342.670967743
Centre-du-Québec,2017-12-01,INDUSTRIEL,708620941.6565998
Centre-du-Québec,2017-12-01,INSTITUTIONNEL,24164051.167741936
Centre-du-Québec,2017-12-01,RÉSIDENTIEL,274727435.0
Centre-du-Québec,2018-01-01,COMMERCIAL,85857470.2
Centre-du-Québec,2018-01-01,RÉSIDENTIEL,289427476.0
Centre-du-Québec,2018-02-01,AGRICOLE,24418265.0
Centre-du-Québec,2018-02-01,COMMERCIAL,72911640.6
Centre-du-Québec,2018-02-01,INDUSTRIEL,337426534.75069124
Centre-du-Québec,2018-02-01,RÉSIDENTIEL,221509045.0
Centre-du-Québec,2018-03-01,RÉSIDENTIEL,213143042.0
Centre-du-Québec,2018-04-01,AGRICOLE,24309579.0
Centre-du-Québec,2018-04-01,COMMERCIAL,66913356.3
Centre-du-Québec,2018-05-01,RÉSIDENTIEL,112664901.0
Centre-du-Québec,2018-06-01,AGRICOLE,19874606.0
Centre-du-Québec,2018-06-01,COMMERCIAL,61235795.7
Centre-du-Québec,2018-06-01,RÉSIDENTIEL,102598779.0
Centre-du-Québec,2018-07-01,COMMERCIAL,67267021.8
Centre-du-Québec,2018-07-01,INDUSTRIEL,352279211.50272655
Centre-du-Québec,2018-07-01,INSTITUTIONNEL,16176961.21451613
Centre-du-Québec,2018-08-01,INDUSTRIEL,353671327.36896586
Centre-du-Québec,2018-08-01,INSTITUTIONNEL,16717729.180645162
Centre-du-Québec,2018-09-01,AGRICOLE,20300774.0
Centre-du-Québec,2018-10-01,INDUSTRIEL,334155170.5718852
Centre-du-Québec,2018-10-01,RÉSIDENTIEL,147917103.0
Centre-du-Québec,2018-11-01,AGRICOLE,25687415.0
Centre-du-Québec,2018-11-01,COMMERCIAL,78199495.6
Centre-du-Québec,2018-11-01,RÉSIDENTIEL,206808962.0
Centre-du-Québec,2018-12-01,AGRICOLE,26897511.0
Centre-du-Québec,2019-01-01,COMMERCIAL,89957069.4
Centre-du-Québec,2019-01-01,INDUSTRIEL,286410550.7073963
Centre-du-Québec,2019-01-01,INSTITUTIONNEL,25483991.28387097
Centre-du-Québec,2019-02-01,INDUSTRIEL,250614194.60385916
Centre-du-Québec,2019-02-01,INSTITUTIONNEL,22757761.353225805
Centre-du-Québec,2019-03-01,INDUSTRIEL,274162015.58247876
Centre-du-Québec,2019-04-01,INSTITUTIONNEL,20202823.433333334
Centre-du-Québec,2019-04-01,RÉSIDENTIEL,178881607.0
Centre-du-Québec,2019-05-01,RÉSIDENTIEL,129862210.0
Centre-du-Québec,2019-06-01,COMMERCIAL,61223051.099999994
Centre-du-Québec,2019-06-01,INDUSTRIEL,255631257.92434713
Centre-du-Québec,2019-06-01,INSTITUTIONNEL,15510554.5
Centre-du-Québec,2019-07-01,INDUSTRIEL,264054337.58316433
Centre-du-Québec,2019-07-01,INSTITUTIONNEL,15926129.258064516
Centre-du-Québec,2019-07-01,RÉSIDENTIEL,113127956.0
Centre-du-Québec,2019-08-01,INDUSTRIEL,265190522.3146774
Centre-du-Québec,2019-09-01,AGRICOLE,19662781.0
Centre-du-Québec,2019-09-01,RÉSIDENTIEL,100140028.0
Centre-du-Québec,2019-10-01,COMMERCIAL,66710012.2
Centre-du-Québec,2019-11-01,AGRICOLE,25129644.0
Centre-du-Québec,2019-11-01,RÉSIDENTIEL,207221010.0
Centre-du-Québec,2019-12-01,COMMERCIAL,83341154.6
Centre-du-Québec,2019-12-01,INDUSTRIEL,364315093.50648654
Centre-du-Québec,2020-01-01,COMMERCIAL,85263094.3
Centre-du-Québec,2020-02-01,INDUSTRIEL,499784003.2098935
Centre-du-Québec,2020-03-01,COMMERCIAL,74214104.0
Centre-du-Québec,2020-04-01,AGRICOLE,24726786.0
Centre-du-Québec,2020-05-01,COMMERCIAL,58966413.5
Centre-du-Québec,2020-05-01,INDUSTRIEL,649007567.9628189
Centre-du-Québec,2020-06-01,COMMERCIAL,61904421.5
Centre-du-Québec,2020-06-01,INDUSTRIEL,649230235.998848
Centre-du-Québec,2020-07-01,AGRICOLE,23701453.0
Centre-du-Québec,2020-08-01,AGRICOLE,22538500.0
Centre-du-Québec,2020-09-01,AGRICOLE,20608128.0
Centre-du-Québec,2020-09-01,COMMERCIAL,62190390.8
Centre-du-Québec,2020-10-01,INDUSTRIEL,704899084.0540041
Centre-du-Québec,2020-10-01,INSTITUTIONNEL,19078435.73548387
Centre-du-Québec,2020-10-01,RÉSIDENTIEL,141699894.0
Centre-du-Québec,2020-11-01,AGRICOLE,24604633.0
Centre-du-Québec,2020-11-01,COMMERCIAL,72800020.7
Centre-du-Québec,2020-11-01,INDUSTRIEL,702040138.6596466
Centre-du-Québec,2020-12-01,COMMERCIAL,80853549.0
Centre-du-Québec,2020-12-01,INDUSTRIEL,727790703.3080413
Centre-du-Québec,2020-12-01,INSTITUTIONNEL,21774259.8
Centre-du-Québec,2021-01-01,AGRICOLE,27459214.0
Centre-du-Québec,2021-01-01,INDUSTRIEL,731491612.5476727
Centre-du-Québec,2021-02-01,RÉSIDENTIEL,246536282.0
Centre-du-Québec,2021-03-01,COMMERCIAL,79674252.3
Centre-du-Québec,2021-03-01,INDUSTRIEL,761204311.733152
Centre-du-Québec,2021-03-01,RÉSIDENTIEL,221583935.0
Centre-du-Québec,2021-04-01,RÉSIDENTIEL,151935455.0
Centre-du-Québec,2021-05-01,COMMERCIAL,64147458.4
Centre-du-Québec,2021-06-01,AGRICOLE,22652823.0
Centre-du-Québec,2021-06-01,COMMERCIAL,66556732.7
Centre-du-Québec,2021-06-01,INSTITUTIONNEL,16061334.15483871
Centre-du-Québec,2021-08-01,AGRICOLE,25136952.0
Centre-du-Québec,2021-08-01,RÉSIDENTIEL,123391838.0
Centre-du-Québec,2021-10-01,AGRICOLE,24157481.0
Centre-du-Québec,2021-10-01,COMMERCIAL,69963596.5
Centre-du-Québec,2021-10-01,INSTITUTIONNEL,18083422.117741935
Centre-du-Québec,2021-10-01,RÉSIDENTIEL,122726535.0
Centre-du-Québec,2021-11-01,COMMERCIAL,78350966.6
Centre-du-Québec,2021-11-01,INSTITUTIONNEL,20783689.332258064
Centre-du-Québec,2021-12-01,INDUSTRIEL,768482365.6908803
Centre-du-Québec,2021-12-01,RÉSIDENTIEL,258507128.0
Centre-du-Québec,2022-01-01,AGRICOLE,31601940.0
Centre-du-Québec,2022-01-01,INSTITUTIONNEL,26467621.545161292
Centre-du-Québec,2022-02-01,AGRICOLE,27576500.0
Centre-du-Québec,2022-02-01,COMMERCIAL,85178451.4
Centre-du-Québec,2022-02-01,INSTITUTIONNEL,23430544.705760367
Centre-du-Québec,2022-02-01,RÉSIDENTIEL,264154608.0
Centre-du-Québec,2022-03-01,COMMERCIAL,85362292.4
Centre-du-Québec,2022-04-01,AGRICOLE,26153722.0
Centre-du-Québec,2022-04-01,RÉSIDENTIEL,175708299.0
Centre-du-Québec,2022-05-01,INDUSTRIEL,754948246.363743
Centre-du-Québec,2022-05-01,RÉSIDENTIEL,123646720.0
Centre-du-Québec,2022-06-01,COMMERCIAL,66238356.400000006
Centre-du-Québec,2022-06-01,INSTITUTIONNEL,15721057.260215053
Centre-du-Québec,2022-06-01,RÉSIDENTIEL,112846342.0
Centre-du-Québec,2022-07-01,INDUSTRIEL,757605444.4163237
Centre-du-Québec,2022-07-01,INSTITUTIONNEL,15766708.604301076
Centre-du-Québec,2022-08-01,RÉSIDENTIEL,119197269.0
Centre-du-Québec,2022-09-01,COMMERCIAL,66953803.5
Centre-du-Québec,2022-10-01,AGRICOLE,24449876.0
Centre-du-Québec,2022-10-01,COMMERCIAL,70556334.9
Centre-du-Québec,2022-10-01,INDUSTRIEL,762707049.1711112
Centre-du-Québec,2022-11-01,COMMERCIAL,77816531.6
Centre-du-Québec,2022-11-01,INDUSTRIEL,729407757.1098567
Centre-du-Québec,2022-11-01,INSTITUTIONNEL,20890086.803225808
Centre-du-Québec,2022-11-01,RÉSIDENTIEL,181549961.0
Centre-du-Québec,2022-12-01,INSTITUTIONNEL,23741462.90322581
Centre-du-Québec,2023-01-01,COMMERCIAL,88265752.0
Centre-du-Québec,2023-01-01,INDUSTRIEL,765528420.3245211
Centre-du-Québec,2023-02-01,COMMERCIAL,84537040.4
Centre-du-Québec,2023-02-01,INSTITUTIONNEL,23218361.28801843
Centre-du-Québec,2023-03-01,COMMERCIAL,83394477.3
Centre-du-Québec,2023-03-01,INDUSTRIEL,766055846.574717
Centre-du-Québec,2023-04-01,INDUSTRIEL,721148139.906156
Centre-du-Québec,2023-04-01,INSTITUTIONNEL,19190972.55
Centre-du-Québec,2023-05-01,INSTITUTIONNEL,17280331.83064516
Centre-du-Québec,2023-06-01,INDUSTRIEL,724429164.468674
Centre-du-Québec,2023-07-01,AGRICOLE,25246920.0
Centre-du-Québec,2023-07-01,COMMERCIAL,70391879.8
Centre-du-Québec,2023-08-01,COMMERCIAL,69013783.2
Centre-du-Québec,2023-08-01,INDUSTRIEL,750278504.6368893
Centre-du-Québec,2023-08-01,INSTITUTIONNEL,16707768.835483871
Centre-du-Québec,2023-08-01,RÉSIDENTIEL,117281641.0
Centre-du-Québec,2023-09-01,AGRICOLE,23208605.0
Centre-du-Québec,2023-09-01,INSTITUTIONNEL,17233741.83817204
Centre-du-Québec,2023-10-01,COMMERCIAL,71692541.2
Centre-du-Québec,2023-12-01,AGRICOLE,27876301.0
Chaudière-Appalaches,2016-01-01,AGRICOLE,35398426.0
Chaudière-Appalaches,2016-01-01,INDUSTRIEL,173671427.72524568
Chaudière-Appalaches,2016-01-01,INSTITUTIONNEL,36644529.0
Chaudière-Appalaches,2016-02-01,AGRICOLE,34073177.0
Chaudière-Appalaches,2016-02-01,INDUSTRIEL,158505277.60662675
Chaudière-Appalaches,2016-03-01,COMMERCIAL,119414874.0
Chaudière-Appalaches,2016-03-01,INDUSTRIEL,175556722.0223214
Chaudière-Appalaches,2016-03-01,RÉSIDENTIEL,363945473.0
Chaudière-Appalaches,2016-04-01,INSTITUTIONNEL,29920799.0
Chaudière-Appalaches,2016-05-01,COMMERCIAL,95947012.0
Chaudière-Appalaches,2016-05-01,INDUSTRIEL,166500214.20401955
Chaudière-Appalaches,2016-05-01,INSTITUTIONNEL,24956747.0
Chaudière-Appalaches,2016-05-01,RÉSIDENTIEL,209748776.0
Chaudière-Appalaches,2016-06-01,AGRICOLE,
Chaudière-Appalaches,2016-06-01,INSTITUTIONNEL,
Chaudière-Appalaches,2016-07-01,INDUSTRIEL,
Chaudière-Appalaches,2016-07-01,INSTITUTIONNEL,
Chaudière-Appalaches,2016-08-01,AGRICOLE,
Chaudière-Appalaches,2016-08-01,RÉSIDENTIEL,
Chaudière-Appalaches,2016-09-01,COMMERCIAL,
Chaudière-Appalaches,2016-09-01,RÉSIDENTIEL,
Chaudière-Appalaches,2016-10-01,AGRICOLE,27267626.0
Chaudière-Appalaches,2016-10-01,COMMERCIAL,96652843.8
Chaudière-Appalaches,2016-10-01,RÉSIDENTIEL,231644124.0
Chaudière-Appalaches,2016-11-01,AGRICOLE,27884748.0
Chaudière-Appalaches,2016-11-01,COMMERCIAL,106433091.4
Chaudière-Appalaches,2016-12-01,RÉSIDENTIEL,428747020.0
Chaudière-Appalaches,2017-01-01,AGRICOLE,35240174.0
Chaudière-Appalaches,2017-01-01,INDUSTRIEL,178469220.8322708
Chaudière-Appalaches,2017-02-01,RÉSIDENTIEL,380658798.0
Chaudière-Appalaches,2017-03-01,INDUSTRIEL,186514803.1591597
Chaudière-Appalaches,2017-03-01,RÉSIDENTIEL,416899913.0
Chaudière-Appalaches,2017-04-01,INSTITUTIONNEL,28554559.0
Chaudière-Appalaches,2017-05-01,COMMERCIAL,94848131.4
Chaudière-Appalaches,2017-05-01,INDUSTRIEL,172065806.31285715
Chaudière-Appalaches,2017-05-01,RÉSIDENTIEL,219719992.0
Chaudière-Appalaches,2017-06-01,AGRICOLE,27359145.0
Chaudière-Appalaches,2017-06-01,INDUSTRIEL,160058005.49837533
Chaudière-Appalaches,2017-07-01,AGRICOLE,28922528.0
Chaudière-Appalaches,2017-07-01,COMMERCIAL,92800665.0
Chaudière-Appalaches,2017-07-01,RÉSIDENTIEL,178763401.0
Chaudière-Appalaches,2017-08-01,INDUSTRIEL,158989297.37428573
Chaudière-Appalaches,2017-09-01,AGRICOLE,27177252.0
Chaudière-Appalaches,2017-09-01,INDUSTRIEL,163247516.84
Chaudière-Appalaches,2017-09-01,INSTITUTIONNEL,24406101.0
Chaudière-Appalaches,2017-09-01,RÉSIDENTIEL,169153025.0
Chaudière-Appalaches,2017-10-01,COMMERCIAL,92924938.4
Chaudière-Appalaches,2017-10-01,INDUSTRIEL,166025842.42129868
Chaudière-Appalaches,2017-10-01,INSTITUTIONNEL,26705960.0
Chaudière-Appalaches,2017-11-01,AGRICOLE,30207503.0
Chaudière-Appalaches,2017-11-01,INSTITUTIONNEL,32787736.0
Chaudière-Appalaches,2017-12-01,AGRICOLE,36696233.0
Chaudière-Appalaches,2017-12-01,COMMERCIAL,138080781.0
Chaudière-Appalaches,2017-12-01,RÉSIDENTIEL,476547397.0
Chaudière-Appalaches,2018-01-01,INSTITUTIONNEL,39620431.0
Chaudière-Appalaches,2018-01-01,RÉSIDENTIEL,497644631.0
Chaudière-Appalaches,2018-02-01,COMMERCIAL,120750909.0
Chaudière-Appalaches,2018-02-01,INDUSTRIEL,167778274.06789914
Chaudière-Appalaches,2018-02-01,INSTITUTIONNEL,33546999.0
Chaudière-Appalaches,2018-03-01,INSTITUTIONNEL,34094831.0
Chaudière-Appalaches,2018-04-01,RÉSIDENTIEL,317082211.0
Chaudière-Appalaches,2018-05-01,INDUSTRIEL,125076989.00736693
Chaudière-Appalaches,2018-05-01,INSTITUTIONNEL,24780064.0
Chaudière-Appalaches,2018-05-01,RÉSIDENTIEL,208306816.0
Chaudière-Appalaches,2018-07-01,RÉSIDENTIEL,184636733.0
Chaudière-Appalaches,2018-08-01,AGRICOLE,30299733.0
Chaudière-Appalaches,2018-08-01,COMMERCIAL,100818529.4
Chaudière-Appalaches,2018-08-01,RÉSIDENTIEL,183526410.0
Chaudière-Appalaches,2018-09-01,INDUSTRIEL,161179243.5192857
Chaudière-Appalaches,2018-09-01,INSTITUTIONNEL,23988893.0
Chaudière-Appalaches,2018-09-01,RÉSIDENTIEL,178324796.0
Chaudière-Appalaches,2018-10-01,COMMERCIAL,105686409.0
Chaudière-Appalaches,2018-10-01,RÉSIDENTIEL,272037023.0
Chaudière-Appalaches,2018-11-01,AGRICOLE,31526308.0
Chaudière-Appalaches,2018-11-01,INDUSTRIEL,177097257.5442017
Chaudière-Appalaches,2018-12-01,INSTITUTIONNEL,37160168.0
Chaudière-Appalaches,2019-01-01,AGRICOLE,38235799.0
Chaudière-Appalaches,2019-01-01,INDUSTRIEL,184159348.09676322
Chaudière-Appalaches,2019-01-01,RÉSIDENTIEL,504919071.0
Chaudière-Appalaches,2019-02-01,INSTITUTIONNEL,35479616.0
Chaudière-Appalaches,2019-03-01,AGRICOLE,39175785.0
Chaudière-Appalaches,2019-04-01,INDUSTRIEL,172037893.15234527
Chaudière-Appalaches,2019-04-01,INSTITUTIONNEL,31082582.0
Chaudière-Appalaches,2019-05-01,COMMERCIAL,98253514.6
Chaudière-Appalaches,2019-05-01,RÉSIDENTIEL,238368117.0
Chaudière-Appalaches,2019-06-01,RÉSIDENTIEL,186361693.0
Chaudière-Appalaches,2019-07-01,INDUSTRIEL,156540535.6442857
Chaudière-Appalaches,2019-07-01,RÉSIDENTIEL,186806470.0
Chaudière-Appalaches,2019-08-01,RÉSIDENTIEL,182893923.0
Chaudière-Appalaches,2019-09-01,INDUSTRIEL,160117352.88714284
Chaudière-Appalaches,2019-10-01,INDUSTRIEL,170552939.1492857
Chaudière-Appalaches,2019-11-01,COMMERCIAL,120212308.4
Chaudière-Appalaches,2019-11-01,INDUSTRIEL,171116181.52785715
Chaudière-Appalaches,2019-12-01,RÉSIDENTIEL,446879762.0
Chaudière-Appalaches,2020-01-01,COMMERCIAL,137311353.6
Chaudière-Appalaches,2020-01-01,INSTITUTIONNEL,37345767.0
Chaudière-Appalaches,2020-01-01,RÉSIDENTIEL,452797564.0
Chaudière-Appalaches,2020-03-01,COMMERCIAL,119028427.2
Chaudière-Appalaches,2020-03-01,INSTITUTIONNEL,32160448.0
Chaudière-Appalaches,2020-03-01,RÉSIDENTIEL,385984653.0
Chaudière-Appalaches,2020-05-01,COMMERCIAL,88318392.8
Chaudière-Appalaches,2020-06-01,INDUSTRIEL,154448593.16357145
Chaudière-Appalaches,2020-07-01,INDUSTRIEL,152298140.6942857
Chaudière-Appalaches,2020-07-01,INSTITUTIONNEL,20531592.0
Chaudière-Appalaches,2020-08-01,RÉSIDENTIEL,195267919.0
Chaudière-Appalaches,2020-09-01,COMMERCIAL,90969965.4
Chaudière-Appalaches,2020-09-01,INDUSTRIEL,161301048.18571427
Chaudière-Appalaches,2020-09-01,RÉSIDENTIEL,188619102.0
Chaudière-Appalaches,2020-10-01,INDUSTRIEL,167284102.8435484
Chaudière-Appalaches,2020-10-01,INSTITUTIONNEL,27663362.0
Chaudière-Appalaches,2020-10-01,RÉSIDENTIEL,258252655.0
Chaudière-Appalaches,2020-11-01,INDUSTRIEL,171712399.38502303
Chaudière-Appalaches,2020-11-01,INSTITUTIONNEL,29712969.0
Chaudière-Appalaches,2020-12-01,INSTITUTIONNEL,34059931.0
Chaudière-Appalaches,2021-01-01,AGRICOLE,36195491.0
Chaudière-Appalaches,2021-01-01,COMMERCIAL,131667614.2
Chaudière-Appalaches,2021-01-01,INDUSTRIEL,175247122.8435439
Chaudière-Appalaches,2021-01-01,INSTITUTIONNEL,35467067.0
Chaudière-Appalaches,2021-02-01,AGRICOLE,33954990.0
Chaudière-Appalaches,2021-02-01,COMMERCIAL,123593750.4
Chaudière-Appalaches,2021-03-01,AGRICOLE,43013570.0
Chaudière-Appalaches,2021-04-01,INSTITUTIONNEL,25454849.0
Chaudière-Appalaches,2021-05-01,AGRICOLE,29338797.0
Chaudière-Appalaches,2021-05-01,COMMERCIAL,92860095.1
Chaudière-Appalaches,2021-06-01,AGRICOLE,30443872.0
Chaudière-Appalaches,2021-06-01,INDUSTRIEL,161343787.255
Chaudière-Appalaches,2021-07-01,COMMERCIAL,93382488.2
Chaudière-Appalaches,2021-08-01,AGRICOLE,33745026.0
Chaudière-Appalaches,2021-08-01,COMMERCIAL,101323810.2
Chaudière-Appalaches,2021-08-01,INDUSTRIEL,164015945.71857142
Chaudière-Appalaches,2021-09-01,INSTITUTIONNEL,23701689.0
Chaudière-Appalaches,2021-10-01,COMMERCIAL,97897750.08205128
Chaudière-Appalaches,2021-11-01,AGRICOLE,30401316.0
Chaudière-Appalaches,2021-11-01,COMMERCIAL,113471418.0
Chaudière-Appalaches,2021-11-01,RÉSIDENTIEL,326813074.0
Chaudière-Appalaches,2021-12-01,INDUSTRIEL,175657645.4134874
Chaudière-Appalaches,2022-01-01,AGRICOLE,41310397.0
Chaudière-Appalaches,2022-01-01,INSTITUTIONNEL,39659150.0
Chaudière-Appalaches,2022-02-01,COMMERCIAL,133478136.4
Chaudière-Appalaches,2022-03-01,INDUSTRIEL,189584446.38697407
Chaudière-Appalaches,2022-03-01,INSTITUTIONNEL,35150893.0
Chaudière-Appalaches,2022-03-01,RÉSIDENTIEL,419823982.0
Chaudière-Appalaches,2022-04-01,AGRICOLE,44316835.0
Chaudière-Appalaches,2022-04-01,INDUSTRIEL,167021409.2092857
Chaudière-Appalaches,2022-05-01,AGRICOLE,30669169.0
Chaudière-Appalaches,2022-06-01,AGRICOLE,28982065.0
Chaudière-Appalaches,2022-06-01,COMMERCIAL,94151668.9
Chaudière-Appalaches,2022-07-01,INSTITUTIONNEL,20572164.0
Chaudière-Appalaches,2022-07-01,RÉSIDENTIEL,204012259.0
Chaudière-Appalaches,2022-08-01,AGRICOLE,31973947.0
Chaudière-Appalaches,2022-08-01,COMMERCIAL,99580027.80000001
Chaudière-Appalaches,2022-08-01,INDUSTRIEL,162956726.41142857
Chaudière-Appalaches,2022-08-01,RÉSIDENTIEL,203536383.0
Chaudière-Appalaches,2022-09-01,COMMERCIAL,94088909.7
Chaudière-Appalaches,2022-10-01,COMMERCIAL,98630173.4
Chaudière-Appalaches,2022-10-01,INDUSTRIEL,165865670.82857144
Chaudière-Appalaches,2022-10-01,RÉSIDENTIEL,231764399.0
Chaudière-Appalaches,2022-12-01,AGRICOLE,35833388.0
Chaudière-Appalaches,2022-12-01,COMMERCIAL,131009508.0
Chaudière-Appalaches,2022-12-01,INSTITUTIONNEL,35782036.0
Chaudière-Appalaches,2023-01-01,COMMERCIAL,138841930.5
Chaudière-Appalaches,2023-01-01,INDUSTRIEL,180133385.61255413
Chaudière-Appalaches,2023-01-01,RÉSIDENTIEL,468529127.0
Chaudière-Appalaches,2023-02-01,AGRICOLE,36596633.0
Chaudière-Appalaches,2023-02-01,COMMERCIAL,133048193.6
Chaudière-Appalaches,2023-03-01,INDUSTRIEL,183998049.85907558
Chaudière-Appalaches,2023-03-01,INSTITUTIONNEL,34828718.0
Chaudière-Appalaches,2023-04-01,INSTITUTIONNEL,28953973.0
Chaudière-Appalaches,2023-04-01,RÉSIDENTIEL,303645900.0
Chaudière-Appalaches,2023-05-01,COMMERCIAL,99448336.0
Chaudière-Appalaches,2023-06-01,AGRICOLE,29166081.0
Chaudière-Appalaches,2023-06-01,RÉSIDENTIEL,207141936.0
Chaudière-Appalaches,2023-07-01,INSTITUTIONNEL,24014488.0
Chaudière-Appalaches,2023-08-01,INSTITUTIONNEL,24751050.0
Chaudière-Appalaches,2023-09-01,INDUSTRIEL,159424443.18642858
Chaudière-Appalaches,2023-10-01,RÉSIDENTIEL,223803053.0
Chaudière-Appalaches,2023-11-01,AGRICOLE,32681054.0
Chaudière-Appalaches,2023-11-01,INDUSTRIEL,175229275.27764705
Chaudière-Appalaches,2023-11-01,RÉSIDENTIEL,364406894.0
Chaudière-Appalaches,2023-12-01,AGRICOLE,35954883.0
Chaudière-Appalaches,2023-12-01,INDUSTRIEL,168695936.41071427
Chaudière-Appalaches,2023-12-01,INSTITUTIONNEL,37679980.6
Chaudière-Appalaches,2023-12-01,RÉSIDENTIEL,440340913.0
Côte-Nord,2016-02-01,AGRICOLE,400148.0
Côte-Nord,2016-02-01,INDUSTRIEL,1132863822.3857143
Côte-Nord,2016-03-01,COMMERCIAL,44875688.06034483
Côte-Nord,2016-03-01,INDUSTRIEL,1205395916.6
Côte-Nord,2016-03-01,RÉSIDENTIEL,92632479.0
Côte-Nord,2016-04-01,AGRICOLE,343685.0
Côte-Nord,2016-04-01,COMMERCIAL,38507135.31
Côte-Nord,2016-04-01,INDUSTRIEL,1160897953.1999998
Côte-Nord,2016-07-01,AGRICOLE,255748.0
Côte-Nord,2016-07-01,INDUSTRIEL,1176470627.5142858
Côte-Nord,2016-07-01,RÉSIDENTIEL,34579726.0
Côte-Nord,2016-09-01,AGRICOLE,264878.0
Côte-Nord,2016-09-01,COMMERCIAL,28130747.0
Côte-Nord,2016-09-01,RÉSIDENTIEL,35427042.0
Côte-Nord,2016-10-01,INDUSTRIEL,1200158166.4571428
Côte-Nord,2016-11-01,AGRICOLE,325507.0
Côte-Nord,2016-11-01,RÉSIDENTIEL,69311526.0
Côte-Nord,2016-12-01,AGRICOLE,400692.0
Côte-Nord,2017-01-01,RÉSIDENTIEL,107770368.0
Côte-Nord,2017-03-01,AGRICOLE,384590.0
Côte-Nord,2017-03-01,COMMERCIAL,46778466.699999996
Côte-Nord,2017-03-01,INSTITUTIONNEL,43245756.7
Côte-Nord,2017-04-01,COMMERCIAL,37689474.7
Côte-Nord,2017-04-01,INSTITUTIONNEL,33028264.335071456
Côte-Nord,2017-05-01,INSTITUTIONNEL,26417233.729444675
Côte-Nord,2017-06-01,INSTITUTIONNEL,20192686.628817204
Côte-Nord,2017-07-01,AGRICOLE,242264.0
Côte-Nord,2017-07-01,INDUSTRIEL,1144481561.183871
Côte-Nord,2017-07-01,RÉSIDENTIEL,33382740.0
Côte-Nord,2017-08-01,AGRICOLE,240554.0
Côte-Nord,2017-08-01,COMMERCIAL,27152680.599999998
Côte-Nord,2017-08-01,INDUSTRIEL,1141104932.2
Côte-Nord,2017-08-01,INSTITUTIONNEL,19338843.796774194
Côte-Nord,2017-09-01,AGRICOLE,264086.0
Côte-Nord,2017-10-01,INDUSTRIEL,1209280335.0454545
Côte-Nord,2017-11-01,INDUSTRIEL,1194123826.7545455
Côte-Nord,2017-12-01,AGRICOLE,436059.0
Côte-Nord,2017-12-01,COMMERCIAL,48256592.6
Côte-Nord,2017-12-01,RÉSIDENTIEL,110922490.0
Côte-Nord,2018-01-01,INSTITUTIONNEL,50323083.048387095
Côte-Nord,2018-02-01,AGRICOLE,405740.0
Côte-Nord,2018-04-01,COMMERCIAL,38794902.6
Côte-Nord,2018-04-01,INDUSTRIEL,1210241348.833487
Côte-Nord,2018-04-01,RÉSIDENTIEL,75794426.0
Côte-Nord,2018-05-01,COMMERCIAL,33463493.300000004
Côte-Nord,2018-05-01,INDUSTRIEL,1244528010.5222735
Côte-Nord,2018-06-01,COMMERCIAL,27254392.4
Côte-Nord,2018-09-01,INSTITUTIONNEL,22109984.758709677
Côte-Nord,2018-10-01,COMMERCIAL,34609426.3
Côte-Nord,2018-10-01,INSTITUTIONNEL,31761178.98
Côte-Nord,2018-11-01,INSTITUTIONNEL,38352156.4
Côte-Nord,2018-12-01,COMMERCIAL,49092638.099999994
Côte-Nord,2018-12-01,INDUSTRIEL,1272208716.0845776
Côte-Nord,2018-12-01,RÉSIDENTIEL,104576754.0
Côte-Nord,2019-01-01,INDUSTRIEL,1277121798.0167394
Côte-Nord,2019-01-01,RÉSIDENTIEL,117577582.0
Côte-Nord,2019-02-01,COMMERCIAL,44521311.599999994
Côte-Nord,2019-02-01,INDUSTRIEL,1149287883.1848736
Côte-Nord,2019-03-01,RÉSIDENTIEL,94279974.0
Côte-Nord,2019-04-01,AGRICOLE,334067.0
Côte-Nord,2019-04-01,COMMERCIAL,35456541.8
Côte-Nord,2019-04-01,INSTITUTIONNEL,33887438.86
Côte-Nord,2019-04-01,RÉSIDENTIEL,75168612.0
Côte-Nord,2019-05-01,INSTITUTIONNEL,29386451.56903226
Côte-Nord,2019-06-01,AGRICOLE,253576.0
Côte-Nord,2019-06-01,COMMERCIAL,25894989.4
Côte-Nord,2019-06-01,INDUSTRIEL,1200616306.1931105
Côte-Nord,2019-07-01,INDUSTRIEL,1210616464.5687642
Côte-Nord,2019-07-01,INSTITUTIONNEL,23287822.95591398
Côte-Nord,2019-08-01,RÉSIDENTIEL,32226774.0
Côte-Nord,2019-09-01,COMMERCIAL,25217031.799999997
Côte-Nord,2019-09-01,INSTITUTIONNEL,28364727.69634409
Côte-Nord,2019-09-01,RÉSIDENTIEL,39053113.0
Côte-Nord,2019-10-01,INDUSTRIEL,1255003930.8792012
Côte-Nord,2019-10-01,INSTITUTIONNEL,35453860.121662915
Côte-Nord,2019-10-01,RÉSIDENTIEL,54386989.0
Côte-Nord,2019-11-01,COMMERCIAL,45195278.3
Côte-Nord,2019-11-01,INDUSTRIEL,1248552150.1427035
Côte-Nord,2019-11-01,INSTITUTIONNEL,45455299.99167042
Côte-Nord,2019-11-01,RÉSIDENTIEL,81940671.0
Côte-Nord,2019-12-01,COMMERCIAL,48626956.599999994
Côte-Nord,2020-01-01,AGRICOLE,452016.0
Côte-Nord,2020-01-01,COMMERCIAL,50000627.3
Côte-Nord,2020-01-01,INDUSTRIEL,1304054496.4281106
Côte-Nord,2020-02-01,RÉSIDENTIEL,98028910.0
Côte-Nord,2020-03-01,COMMERCIAL,43612443.3
Côte-Nord,2020-03-01,INDUSTRIEL,1281067159.8256953
Côte-Nord,2020-03-01,INSTITUTIONNEL,48720799.28
Côte-Nord,2020-04-01,INSTITUTIONNEL,39267444.519999996
Côte-Nord,2020-06-01,INDUSTRIEL,1128462918.2806711
Côte-Nord,2020-07-01,COMMERCIAL,26289349.5
Côte-Nord,2020-07-01,INDUSTRIEL,1171598359.5386481
Côte-Nord,2020-08-01,INSTITUTIONNEL,25741834.419354837
Côte-Nord,2020-11-01,COMMERCIAL,41007388.3
Côte-Nord,2020-12-01,AGRICOLE,396666.0
Côte-Nord,2021-01-01,INSTITUTIONNEL,51245128.052280314
Côte-Nord,2021-02-01,AGRICOLE,389958.0
Côte-Nord,2021-02-01,COMMERCIAL,42742927.9
Côte-Nord,2021-03-01,AGRICOLE,426757.0
Côte-Nord,2021-03-01,INSTITUTIONNEL,46955689.78666666
Côte-Nord,2021-03-01,RÉSIDENTIEL,90115285.0
Côte-Nord,2021-04-01,AGRICOLE,341014.0
Côte-Nord,2021-04-01,INDUSTRIEL,1198036021.2952688
Côte-Nord,2021-04-01,INSTITUTIONNEL,36447933.04666667
Côte-Nord,2021-05-01,COMMERCIAL,26361214.1
Côte-Nord,2021-06-01,COMMERCIAL,22658003.599999998
Côte-Nord,2021-06-01,RÉSIDENTIEL,37409474.0
Côte-Nord,2021-07-01,INSTITUTIONNEL,24714628.55784946
Côte-Nord,2021-09-01,COMMERCIAL,26217019.599999998
Côte-Nord,2021-09-01,INDUSTRIEL,1156824432.624424
Côte-Nord,2021-10-01,AGRICOLE,292503.0
Côte-Nord,2021-11-01,COMMERCIAL,39742468.5
Côte-Nord,2021-11-01,INSTITUTIONNEL,38882731.78064516
Côte-Nord,2021-12-01,COMMERCIAL,49472626.599999994
Côte-Nord,2021-12-01,INDUSTRIEL,1250466735.18
Côte-Nord,2022-01-01,AGRICOLE,612074.0
Côte-Nord,2022-01-01,INSTITUTIONNEL,56571683.99566185
Côte-Nord,2022-01-01,RÉSIDENTIEL,127700563.0
Côte-Nord,2022-02-01,AGRICOLE,544380.0
Côte-Nord,2022-02-01,INDUSTRIEL,1142872323.1077936
Côte-Nord,2022-02-01,RÉSIDENTIEL,105129835.0
Côte-Nord,2022-03-01,COMMERCIAL,51888778.7
Côte-Nord,2022-03-01,INDUSTRIEL,1256168621.4465845
Côte-Nord,2022-04-01,AGRICOLE,433286.0
Côte-Nord,2022-05-01,AGRICOLE,364582.0
Côte-Nord,2022-05-01,RÉSIDENTIEL,52816836.0
Côte-Nord,2022-07-01,COMMERCIAL,33535603.9
Côte-Nord,2022-07-01,INSTITUTIONNEL,23352564.282258064
Côte-Nord,2022-08-01,COMMERCIAL,34501459.3
Côte-Nord,2022-09-01,INSTITUTIONNEL,25871343.39956989
Côte-Nord,2022-10-01,COMMERCIAL,39785288.2
Côte-Nord,2022-11-01,AGRICOLE,388769.0
Côte-Nord,2022-11-01,RÉSIDENTIEL,77056438.0
Côte-Nord,2022-12-01,COMMERCIAL,55482918.699999996
Côte-Nord,2022-12-01,INDUSTRIEL,1265401014.46
Côte-Nord,2022-12-01,INSTITUTIONNEL,45117455.38387097
Côte-Nord,2022-12-01,RÉSIDENTIEL,95269462.0
Côte-Nord,2023-01-01,INDUSTRIEL,1295366152.2023041
Côte-Nord,2023-02-01,INSTITUTIONNEL,46718425.176091954
Côte-Nord,2023-02-01,RÉSIDENTIEL,105860896.0
Côte-Nord,2023-03-01,AGRICOLE,449397.0
Côte-Nord,2023-03-01,COMMERCIAL,53872907.800000004
Côte-Nord,2023-04-01,AGRICOLE,365257.0
Côte-Nord,2023-05-01,INSTITUTIONNEL,28456754.413225807
Côte-Nord,2023-06-01,INDUSTRIEL,1189399937.561014
Côte-Nord,2023-06-01,RÉSIDENTIEL,37505033.0
Côte-Nord,2023-07-01,AGRICOLE,268785.0
Côte-Nord,2023-08-01,AGRICOLE,258161.0
Côte-Nord,2023-08-01,COMMERCIAL,34703086.6
Côte-Nord,2023-09-01,AGRICOLE,256795.0
Côte-Nord,2023-10-01,COMMERCIAL,42052656.5
Côte-Nord,2023-11-01,COMMERCIAL,51741508.400000006
Côte-Nord,2023-11-01,INSTITUTIONNEL,48785074.71935484
Côte-Nord,2023-12-01,AGRICOLE,464665.0
Côte-Nord,2023-12-01,INDUSTRIEL,1287535455.5714283
Estrie,2016-01-01,AGRICOLE,
Estrie,2016-02-01,COMMERCIAL,
Estrie,2016-02-01,INSTITUTIONNEL,
Estrie,2016-02-01,RÉSIDENTIEL,
Estrie,2016-03-01,AGRICOLE,
Estrie,2016-03-01,INDUSTRIEL,
Estrie,2016-03-01,INSTITUTIONNEL,
Estrie,2016-03-01,RÉSIDENTIEL,
Estrie,2016-04-01,COMMERCIAL,
Estrie,2016-04-01,RÉSIDENTIEL,
Estrie,2016-05-01,AGRICOLE,
Estrie,2016-05-01,INDUSTRIEL,
Estrie,2016-05-01,RÉSIDENTIEL,
Estrie,2016-06-01,COMMERCIAL,
Estrie,2016-06-01,INSTITUTIONNEL,
Estrie,2016-07-01,AGRICOLE,
Estrie,2016-07-01,COMMERCIAL,
Estrie,2016-08-01,AGRICOLE,
Estrie,2016-10-01,INDUSTRIEL,
Estrie,2016-11-01,COMMERCIAL,
Estrie,2016-12-01,COMMERCIAL,
Estrie,2017-01-01,AGRICOLE,
Estrie,2017-01-01,INDUSTRIEL,
Estrie,2017-01-01,INSTITUTIONNEL,
Estrie,2017-01-01,RÉSIDENTIEL,
Estrie,2017-02-01,INDUSTRIEL,
Estrie,2017-03-01,AGRICOLE,
Estrie,2017-03-01,COMMERCIAL,
Estrie,2017-03-01,INSTITUTIONNEL,
Estrie,2017-04-01,AGRICOLE,
Estrie,2017-04-01,INSTITUTIONNEL,
Estrie,2017-04-01,RÉSIDENTIEL,
Estrie,2017-05-01,COMMERCIAL,
Estrie,2017-05-01,RÉSIDENTIEL,
Estrie,2017-06-01,INDUSTRIEL,
Estrie,2017-07-01,AGRICOLE,
Estrie,2017-07-01,INDUSTRIEL,
Estrie,2017-07-01,RÉSIDENTIEL,
Estrie,2017-08-01,AGRICOLE,
Estrie,2017-08-01,COMMERCIAL,
Estrie,2017-08-01,INSTITUTIONNEL,
Estrie,2017-09-01,AGRICOLE,
Estrie,2017-09-01,INSTITUTIONNEL,
Estrie,2017-10-01,RÉSIDENTIEL,
Estrie,2017-11-01,AGRICOLE,
Estrie,2017-11-01,COMMERCIAL,
Estrie,2017-11-01,INSTITUTIONNEL,
Estrie,2017-12-01,INDUSTRIEL,
Estrie,2017-12-01,INSTITUTIONNEL,
Estrie,2018-02-01,COMMERCIAL,
Estrie,2018-02-01,RÉSIDENTIEL,
Estrie,2018-04-01,AGRICOLE,
Estrie,2018-04-01,COMMERCIAL,
Estrie,2018-06-01,AGRICOLE,
Estrie,2018-06-01,COMMERCIAL,
Estrie,2018-06-01,RÉSIDENTIEL,
Estrie,2018-07-01,AGRICOLE,
Estrie,2018-08-01,INSTITUTIONNEL,
Estrie,2018-09-01,COMMERCIAL,
Estrie,2018-09-01,INDUSTRIEL,
Estrie,2018-10-01,AGRICOLE,
Estrie,2018-10-01,COMMERCIAL,
Estrie,2018-10-01,INDUSTRIEL,
Estrie,2018-11-01,INDUSTRIEL,
Estrie,2018-12-01,AGRICOLE,
Estrie,2018-12-01,COMMERCIAL,
Estrie,2018-12-01,INDUSTRIEL,
Estrie,2018-12-01,INSTITUTIONNEL,
Estrie,2019-01-01,COMMERCIAL,
Estrie,2019-01-01,INSTITUTIONNEL,
Estrie,2019-01-01,RÉSIDENTIEL,
Estrie,2019-03-01,AGRICOLE,
Estrie,2019-04-01,INSTITUTIONNEL,
Estrie,2019-05-01,INDUSTRIEL,
Estrie,2019-05-01,RÉSIDENTIEL,
Estrie,2019-07-01,INSTITUTIONNEL,
Estrie,2019-08-01,INDUSTRIEL,
Estrie,2019-09-01,COMMERCIAL,
Estrie,2019-10-01,AGRICOLE,
Estrie,2019-10-01,COMMERCIAL,
Estrie,2019-10-01,INSTITUTIONNEL,
Estrie,2019-11-01,INDUSTRIEL,
Estrie,2019-11-01,INSTITUTIONNEL,
Estrie,2019-12-01,AGRICOLE,
Estrie,2019-12-01,INDUSTRIEL,
Estrie,2019-12-01,INSTITUTIONNEL,
Estrie,2020-01-01,INDUSTRIEL,
Estrie,2020-03-01,AGRICOLE,
Estrie,2020-03-01,INDUSTRIEL,
Estrie,2020-03-01,RÉSIDENTIEL,
Estrie,2020-04-01,COMMERCIAL,
Estrie,2020-04-01,INDUSTRIEL,
Estrie,2020-04-01,INSTITUTIONNEL,
Estrie,2020-04-01,RÉSIDENTIEL,
Estrie,2020-05-01,COMMERCIAL,
Estrie,2020-05-01,INDUSTRIEL,
Estrie,2020-05-01,INSTITUTIONNEL,
Estrie,2020-06-01,AGRICOLE,
Estrie,2020-06-01,INSTITUTIONNEL,
Estrie,2020-07-01,COMMERCIAL,
Estrie,2020-07-01,INDUSTRIEL,
Estrie,2020-08-01,COMMERCIAL,
Estrie,2020-08-01,INSTITUTIONNEL,
Estrie,2020-08-01,RÉSIDENTIEL,
Estrie,2020-09-01,INDUSTRIEL,
Estrie,2020-09-01,RÉSIDENTIEL,
Estrie,2020-10-01,AGRICOLE,
Estrie,2020-10-01,INSTITUTIONNEL,
Estrie,2020-10-01,RÉSIDENTIEL,
Estrie,2020-11-01,AGRICOLE,
Estrie,2020-11-01,INDUSTRIEL,
Estrie,2020-12-01,AGRICOLE,
Estrie,2021-01-01,AGRICOLE,
Estrie,2021-01-01,COMMERCIAL,
Estrie,2021-01-01,INSTITUTIONNEL,
Estrie,2021-02-01,INDUSTRIEL,
Estrie,2021-02-01,RÉSIDENTIEL,
Estrie,2021-03-01,AGRICOLE,
Estrie,2021-04-01,COMMERCIAL,
Estrie,2021-05-01,AGRICOLE,
Estrie,2021-05-01,INDUSTRIEL,
Estrie,2021-05-01,INSTITUTIONNEL,
Estrie,2021-06-01,AGRICOLE,
Estrie,2021-07-01,AGRICOLE,
Estrie,2021-08-01,COMMERCIAL,
Estrie,2021-08-01,INDUSTRIEL,
Estrie,2021-09-01,INDUSTRIEL,
Estrie,2021-09-01,INSTITUTIONNEL,
Estrie,2021-09-01,RÉSIDENTIEL,
Estrie,2021-10-01,COMMERCIAL,
Estrie,2021-10-01,INDUSTRIEL,
Estrie,2021-10-01,INSTITUTIONNEL,
Estrie,2021-11-01,AGRICOLE,
Estrie,2021-11-01,COMMERCIAL,
Estrie,2021-12-01,AGRICOLE,
Estrie,2021-12-01,INDUSTRIEL,
Estrie,2021-12-01,INSTITUTIONNEL,
Estrie,2022-01-01,INSTITUTIONNEL,
Estrie,2022-02-01,AGRICOLE,
Estrie,2022-02-01,INDUSTRIEL,
Estrie,2022-04-01,COMMERCIAL,
Estrie,2022-06-01,COMMERCIAL,
Estrie,2022-06-01,INDUSTRIEL,
Estrie,2022-08-01,AGRICOLE,
Estrie,2022-08-01,INDUSTRIEL,
Estrie,2022-09-01,COMMERCIAL,
Estrie,2022-09-01,INSTITUTIONNEL,
Estrie,2022-10-01,COMMERCIAL,
Estrie,2022-11-01,INSTITUTIONNEL,
Estrie,2022-12-01,INSTITUTIONNEL,
Estrie,2022-12-01,RÉSIDENTIEL,
Estrie,2023-01-01,COMMERCIAL,
Estrie,2023-01-01,INSTITUTIONNEL,
Estrie,2023-02-01,AGRICOLE,
Estrie,2023-02-01,COMMERCIAL,
Estrie,2023-02-01,INSTITUTIONNEL,
Estrie,2023-02-01,RÉSIDENTIEL,
Estrie,2023-03-01,RÉSIDENTIEL,
Estrie,2023-04-01,AGRICOLE,
Estrie,2023-04-01,INDUSTRIEL,
Estrie,2023-04-01,INSTITUTIONNEL,
Estrie,2023-05-01,AGRICOLE,
Estrie,2023-05-01,COMMERCIAL,
Estrie,2023-06-01,INDUSTRIEL,
Estrie,2023-07-01,AGRICOLE,
Estrie,2023-08-01,COMMERCIAL,
Estrie,2023-09-01,AGRICOLE,
Estrie,2023-10-01,INDUSTRIEL,
Estrie,2023-12-01,AGRICOLE,
Gaspésie--Îles-de-la-Madeleine,2016-01-01,INDUSTRIEL,7670952.0
Gaspésie--Îles-de-la-Madeleine,2016-02-01,AGRICOLE,1083077.0
Gaspésie--Îles-de-la-Madeleine,2016-04-01,COMMERCIAL,28253303.0
Gaspésie--Îles-de-la-Madeleine,2016-05-01,RÉSIDENTIEL,52893250.0
Gaspésie--Îles-de-la-Madeleine,2016-06-01,INDUSTRIEL,8678667.0
Gaspésie--Îles-de-la-Madeleine,2016-07-01,COMMERCIAL,24076418.0
Gaspésie--Îles-de-la-Madeleine,2016-07-01,INDUSTRIEL,7753323.0
Gaspésie--Îles-de-la-Madeleine,2016-07-01,INSTITUTIONNEL,6552948.0
Gaspésie--Îles-de-la-Madeleine,2016-07-01,RÉSIDENTIEL,40523171.0
Gaspésie--Îles-de-la-Madeleine,2016-08-01,RÉSIDENTIEL,39936408.0
Gaspésie--Îles-de-la-Madeleine,2016-09-01,AGRICOLE,747962.0
Gaspésie--Îles-de-la-Madeleine,2016-09-01,INDUSTRIEL,9080313.0
Gaspésie--Îles-de-la-Madeleine,2016-10-01,AGRICOLE,810160.0
Gaspésie--Îles-de-la-Madeleine,2016-12-01,AGRICOLE,1127069.0
Gaspésie--Îles-de-la-Madeleine,2016-12-01,RÉSIDENTIEL,101255999.0
Gaspésie--Îles-de-la-Madeleine,2017-01-01,AGRICOLE,1198371.0
Gaspésie--Îles-de-la-Madeleine,2017-01-01,RÉSIDENTIEL,104324909.0
Gaspésie--Îles-de-la-Madeleine,2017-02-01,RÉSIDENTIEL,91019184.0
Gaspésie--Îles-de-la-Madeleine,2017-03-01,RÉSIDENTIEL,101322778.0
Gaspésie--Îles-de-la-Madeleine,2017-04-01,COMMERCIAL,27064351.0
Gaspésie--Îles-de-la-Madeleine,2017-04-01,INDUSTRIEL,10842736.0
Gaspésie--Îles-de-la-Madeleine,2017-04-01,RÉSIDENTIEL,71404840.0
Gaspésie--Îles-de-la-Madeleine,2017-06-01,AGRICOLE,722625.0
Gaspésie--Îles-de-la-Madeleine,2017-07-01,AGRICOLE,719435.0
Gaspésie--Îles-de-la-Madeleine,2017-07-01,INDUSTRIEL,17214616.700000003
Gaspésie--Îles-de-la-Madeleine,2017-07-01,INSTITUTIONNEL,6292976.0
Gaspésie--Îles-de-la-Madeleine,2017-07-01,RÉSIDENTIEL,38287768.0
Gaspésie--Îles-de-la-Madeleine,2017-09-01,COMMERCIAL,22189270.0
Gaspésie--Îles-de-la-Madeleine,2017-09-01,RÉSIDENTIEL,38000732.0
Gaspésie--Îles-de-la-Madeleine,2017-10-01,COMMERCIAL,22473148.0
Gaspésie--Îles-de-la-Madeleine,2017-11-01,AGRICOLE,945035.0
Gaspésie--Îles-de-la-Madeleine,2017-11-01,INSTITUTIONNEL,11939907.0
Gaspésie--Îles-de-la-Madeleine,2017-11-01,RÉSIDENTIEL,76729592.0
Gaspésie--Îles-de-la-Madeleine,2017-12-01,AGRICOLE,1180067.0
Gaspésie--Îles-de-la-Madeleine,2017-12-01,RÉSIDENTIEL,107486704.0
Gaspésie--Îles-de-la-Madeleine,2018-01-01,AGRICOLE,1247085.0
Gaspésie--Îles-de-la-Madeleine,2018-01-01,COMMERCIAL,37530612.0
Gaspésie--Îles-de-la-Madeleine,2018-02-01,INSTITUTIONNEL,13628279.0
Gaspésie--Îles-de-la-Madeleine,2018-03-01,RÉSIDENTIEL,88978651.0
Gaspésie--Îles-de-la-Madeleine,2018-04-01,AGRICOLE,1145993.0
Gaspésie--Îles-de-la-Madeleine,2018-04-01,RÉSIDENTIEL,76331859.0
Gaspésie--Îles-de-la-Madeleine,2018-05-01,AGRICOLE,881764.0
Gaspésie--Îles-de-la-Madeleine,2018-05-01,COMMERCIAL,24656334.0
Gaspésie--Îles-de-la-Madeleine,2018-06-01,INDUSTRIEL,23416207.9
Gaspésie--Îles-de-la-Madeleine,2018-06-01,INSTITUTIONNEL,7363463.0
Gaspésie--Îles-de-la-Madeleine,2018-06-01,RÉSIDENTIEL,44569445.0
Gaspésie--Îles-de-la-Madeleine,2018-07-01,COMMERCIAL,24339908.0
Gaspésie--Îles-de-la-Madeleine,2018-07-01,INDUSTRIEL,22300189.4
Gaspésie--Îles-de-la-Madeleine,2018-08-01,AGRICOLE,748574.0
Gaspésie--Îles-de-la-Madeleine,2018-08-01,COMMERCIAL,23988299.0
Gaspésie--Îles-de-la-Madeleine,2018-08-01,RÉSIDENTIEL,38067513.0
Gaspésie--Îles-de-la-Madeleine,2018-10-01,AGRICOLE,853467.0
Gaspésie--Îles-de-la-Madeleine,2018-10-01,INDUSTRIEL,25783825.2
Gaspésie--Îles-de-la-Madeleine,2018-11-01,AGRICOLE,992566.0
Gaspésie--Îles-de-la-Madeleine,2018-11-01,COMMERCIAL,29692561.0
Gaspésie--Îles-de-la-Madeleine,2018-11-01,RÉSIDENTIEL,83921683.0
Gaspésie--Îles-de-la-Madeleine,2018-12-01,INDUSTRIEL,19708389.200000003
Gaspésie--Îles-de-la-Madeleine,2019-01-01,COMMERCIAL,37135975.0
Gaspésie--Îles-de-la-Madeleine,2019-01-01,INSTITUTIONNEL,15736176.0
Gaspésie--Îles-de-la-Madeleine,2019-02-01,AGRICOLE,1165209.0
Gaspésie--Îles-de-la-Madeleine,2019-02-01,COMMERCIAL,34319495.0
Gaspésie--Îles-de-la-Madeleine,2019-02-01,INDUSTRIEL,16884297.2
Gaspésie--Îles-de-la-Madeleine,2019-02-01,RÉSIDENTIEL,103876774.0
Gaspésie--Îles-de-la-Madeleine,2019-03-01,AGRICOLE,1221151.0
Gaspésie--Îles-de-la-Madeleine,2019-03-01,COMMERCIAL,32358224.0
Gaspésie--Îles-de-la-Madeleine,2019-03-01,INSTITUTIONNEL,13712904.0
Gaspésie--Îles-de-la-Madeleine,2019-04-01,INDUSTRIEL,24573693.1
Gaspésie--Îles-de-la-Madeleine,2019-04-01,RÉSIDENTIEL,78837690.0
Gaspésie--Îles-de-la-Madeleine,2019-05-01,COMMERCIAL,25906672.0
Gaspésie--Îles-de-la-Madeleine,2019-05-01,INDUSTRIEL,26576656.3
Gaspésie--Îles-de-la-Madeleine,2019-05-01,INSTITUTIONNEL,9777544.0
Gaspésie--Îles-de-la-Madeleine,2019-06-01,COMMERCIAL,23744427.0
Gaspésie--Îles-de-la-Madeleine,2019-06-01,INDUSTRIEL,25959346.3
Gaspésie--Îles-de-la-Madeleine,2019-07-01,AGRICOLE,698767.0
Gaspésie--Îles-de-la-Madeleine,2019-08-01,AGRICOLE,711081.0
Gaspésie--Îles-de-la-Madeleine,2019-09-01,COMMERCIAL,21885558.0
Gaspésie--Îles-de-la-Madeleine,2019-09-01,INSTITUTIONNEL,7833432.0
Gaspésie--Îles-de-la-Madeleine,2019-10-01,AGRICOLE,794484.0
Gaspésie--Îles-de-la-Madeleine,2019-10-01,RÉSIDENTIEL,56195427.0
Gaspésie--Îles-de-la-Madeleine,2019-12-01,AGRICOLE,1125546.0
Gaspésie--Îles-de-la-Madeleine,2019-12-01,RÉSIDENTIEL,104023289.0
Gaspésie--Îles-de-la-Madeleine,2020-01-01,COMMERCIAL,36548851.0
Gaspésie--Îles-de-la-Madeleine,2020-01-01,INSTITUTIONNEL,14828529.0
Gaspésie--Îles-de-la-Madeleine,2020-01-01,RÉSIDENTIEL,107890802.0
Gaspésie--Îles-de-la-Madeleine,2020-02-01,INDUSTRIEL,15285062.100000001
Gaspésie--Îles-de-la-Madeleine,2020-03-01,INDUSTRIEL,22906360.7
Gaspésie--Îles-de-la-Madeleine,2020-03-01,INSTITUTIONNEL,12782313.0
Gaspésie--Îles-de-la-Madeleine,2020-03-01,RÉSIDENTIEL,93346954.0
Gaspésie--Îles-de-la-Madeleine,2020-04-01,INDUSTRIEL,25030163.0
Gaspésie--Îles-de-la-Madeleine,2020-04-01,INSTITUTIONNEL,9706823.0
Gaspésie--Îles-de-la-Madeleine,2020-05-01,COMMERCIAL,23462754.0
Gaspésie--Îles-de-la-Madeleine,2020-05-01,RÉSIDENTIEL,60197330.0
Gaspésie--Îles-de-la-Madeleine,2020-06-01,RÉSIDENTIEL,43180890.0
Gaspésie--Îles-de-la-Madeleine,2020-09-01,AGRICOLE,732562.0
Gaspésie--Îles-de-la-Madeleine,2020-09-01,INSTITUTIONNEL,7423950.0
Gaspésie--Îles-de-la-Madeleine,2020-10-01,AGRICOLE,819318.0
Gaspésie--Îles-de-la-Madeleine,2020-10-01,COMMERCIAL,24835846.0
Gaspésie--Îles-de-la-Madeleine,2020-11-01,AGRICOLE,897208.0
Gaspésie--Îles-de-la-Madeleine,2020-11-01,INDUSTRIEL,28130052.700000003
Gaspésie--Îles-de-la-Madeleine,2020-11-01,RÉSIDENTIEL,77829932.0
Gaspésie--Îles-de-la-Madeleine,2020-12-01,INSTITUTIONNEL,13566449.0
Gaspésie--Îles-de-la-Madeleine,2021-01-01,COMMERCIAL,35530833.0
Gaspésie--Îles-de-la-Madeleine,2021-01-01,INSTITUTIONNEL,13894949.0
Gaspésie--Îles-de-la-Madeleine,2021-02-01,INDUSTRIEL,18266914.6
Gaspésie--Îles-de-la-Madeleine,2021-02-01,RÉSIDENTIEL,95135236.0
Gaspésie--Îles-de-la-Madeleine,2021-03-01,AGRICOLE,1232319.0
Gaspésie--Îles-de-la-Madeleine,2021-03-01,INSTITUTIONNEL,13384922.0
Gaspésie--Îles-de-la-Madeleine,2021-03-01,RÉSIDENTIEL,94716307.0
Gaspésie--Îles-de-la-Madeleine,2021-04-01,RÉSIDENTIEL,72522857.0
Gaspésie--Îles-de-la-Madeleine,2021-05-01,AGRICOLE,805403.0
Gaspésie--Îles-de-la-Madeleine,2021-05-01,RÉSIDENTIEL,59548483.0
Gaspésie--Îles-de-la-Madeleine,2021-06-01,INSTITUTIONNEL,7452122.0
Gaspésie--Îles-de-la-Madeleine,2021-06-01,RÉSIDENTIEL,41748180.0
Gaspésie--Îles-de-la-Madeleine,2021-07-01,INDUSTRIEL,25484346.099999998
Gaspésie--Îles-de-la-Madeleine,2021-07-01,RÉSIDENTIEL,43212362.0
Gaspésie--Îles-de-la-Madeleine,2021-08-01,COMMERCIAL,23555659.0
Gaspésie--Îles-de-la-Madeleine,2021-08-01,INSTITUTIONNEL,7501873.0
Gaspésie--Îles-de-la-Madeleine,2021-09-01,COMMERCIAL,21176851.0
Gaspésie--Îles-de-la-Madeleine,2021-09-01,INDUSTRIEL,28631812.8
Gaspésie--Îles-de-la-Madeleine,2021-10-01,AGRICOLE,760305.0
Gaspésie--Îles-de-la-Madeleine,2021-11-01,INDUSTRIEL,30187464.8
Gaspésie--Îles-de-la-Madeleine,2021-12-01,COMMERCIAL,34290421.0
Gaspésie--Îles-de-la-Madeleine,2021-12-01,INSTITUTIONNEL,15329496.0
Gaspésie--Îles-de-la-Madeleine,2022-01-01,INSTITUTIONNEL,17094483.0
Gaspésie--Îles-de-la-Madeleine,2022-02-01,COMMERCIAL,33312852.0
Gaspésie--Îles-de-la-Madeleine,2022-02-01,INDUSTRIEL,15631965.1
Gaspésie--Îles-de-la-Madeleine,2022-03-01,AGRICOLE,1207037.0
Gaspésie--Îles-de-la-Madeleine,2022-03-01,RÉSIDENTIEL,100085457.0
Gaspésie--Îles-de-la-Madeleine,2022-05-01,INDUSTRIEL,31237826.6
Gaspésie--Îles-de-la-Madeleine,2022-08-01,INDUSTRIEL,27294399.4
Gaspésie--Îles-de-la-Madeleine,2022-08-01,INSTITUTIONNEL,7389676.0
Gaspésie--Îles-de-la-Madeleine,2022-09-01,AGRICOLE,731200.0
Gaspésie--Îles-de-la-Madeleine,2022-09-01,INDUSTRIEL,26765701.1
Gaspésie--Îles-de-la-Madeleine,2022-09-01,RÉSIDENTIEL,42348547.0
Gaspésie--Îles-de-la-Madeleine,2022-10-01,RÉSIDENTIEL,52334525.0
Gaspésie--Îles-de-la-Madeleine,2022-11-01,COMMERCIAL,29928173.0
Gaspésie--Îles-de-la-Madeleine,2022-11-01,INDUSTRIEL,30418556.400000002
Gaspésie--Îles-de-la-Madeleine,2022-12-01,COMMERCIAL,35148787.0
Gaspésie--Îles-de-la-Madeleine,2022-12-01,INDUSTRIEL,27204488.700000003
Gaspésie--Îles-de-la-Madeleine,2022-12-01,INSTITUTIONNEL,15165766.0
Gaspésie--Îles-de-la-Madeleine,2023-01-01,AGRICOLE,1172421.0
Gaspésie--Îles-de-la-Madeleine,2023-01-01,INDUSTRIEL,27641221.400000002
Gaspésie--Îles-de-la-Madeleine,2023-02-01,INSTITUTIONNEL,15193275.0
Gaspésie--Îles-de-la-Madeleine,2023-03-01,INDUSTRIEL,22177921.6
Gaspésie--Îles-de-la-Madeleine,2023-06-01,RÉSIDENTIEL,48430191.0
Gaspésie--Îles-de-la-Madeleine,2023-07-01,AGRICOLE,698182.0
Gaspésie--Îles-de-la-Madeleine,2023-07-01,INSTITUTIONNEL,7415835.0
Gaspésie--Îles-de-la-Madeleine,2023-07-01,RÉSIDENTIEL,43130168.0
Gaspésie--Îles-de-la-Madeleine,2023-08-01,AGRICOLE,675899.0
Gaspésie--Îles-de-la-Madeleine,2023-08-01,COMMERCIAL,24409447.0
Gaspésie--Îles-de-la-Madeleine,2023-08-01,INDUSTRIEL,31255472.7
Gaspésie--Îles-de-la-Madeleine,2023-09-01,INSTITUTIONNEL,8227050.0
Gaspésie--Îles-de-la-Madeleine,2023-10-01,INSTITUTIONNEL,9964907.0
Gaspésie--Îles-de-la-Madeleine,2023-11-01,AGRICOLE,951389.0
Gaspésie--Îles-de-la-Madeleine,2023-11-01,RÉSIDENTIEL,86495568.0
Gaspésie--Îles-de-la-Madeleine,2023-12-01,AGRICOLE,1125226.0
Lanaudière,2016-01-01,AGRICOLE,12890094.0
Lanaudière,2016-01-01,INSTITUTIONNEL,65002241.924155116
Lanaudière,2016-02-01,AGRICOLE,11894288.0
Lanaudière,2016-02-01,COMMERCIAL,104160416.2
Lanaudière,2016-03-01,INSTITUTIONNEL,57901434.77271119
Lanaudière,2016-04-01,AGRICOLE,10224767.0
Lanaudière,2016-04-01,COMMERCIAL,88499179.0
Lanaudière,2016-05-01,AGRICOLE,9216116.0
Lanaudière,2016-05-01,COMMERCIAL,83541657.2
Lanaudière,2016-05-01,RÉSIDENTIEL,253832857.0
Lanaudière,2016-06-01,AGRICOLE,8761497.0
Lanaudière,2016-06-01,INSTITUTIONNEL,39064791.26516129
Lanaudière,2016-07-01,RÉSIDENTIEL,233675962.0
Lanaudière,2016-10-01,INDUSTRIEL,69902812.4580705
Lanaudière,2016-11-01,AGRICOLE,11306200.0
Lanaudière,2016-11-01,COMMERCIAL,90431936.8
Lanaudière,2016-11-01,INSTITUTIONNEL,50333221.38709678
Lanaudière,2016-12-01,AGRICOLE,12819561.0
Lanaudière,2016-12-01,INSTITUTIONNEL,64111466.606451616
Lanaudière,2017-01-01,COMMERCIAL,110695976.2
Lanaudière,2017-01-01,INDUSTRIEL,68084941.27142857
Lanaudière,2017-01-01,INSTITUTIONNEL,65915228.1
Lanaudière,2017-01-01,RÉSIDENTIEL,572152666.0
Lanaudière,2017-02-01,AGRICOLE,11472702.0
Lanaudière,2017-03-01,INSTITUTIONNEL,62627003.807142854
Lanaudière,2017-04-01,AGRICOLE,9950007.0
Lanaudière,2017-04-01,COMMERCIAL,83769130.0
Lanaudière,2017-05-01,AGRICOLE,9128115.0
Lanaudière,2017-05-01,COMMERCIAL,82555764.4
Lanaudière,2017-05-01,INSTITUTIONNEL,43273949.44419355
Lanaudière,2017-06-01,INDUSTRIEL,66285195.34285715
Lanaudière,2017-08-01,AGRICOLE,9423499.0
Lanaudière,2017-08-01,COMMERCIAL,87598265.8
Lanaudière,2017-08-01,INDUSTRIEL,70337458.1
Lanaudière,2017-09-01,COMMERCIAL,82329371.0
Lanaudière,2017-09-01,INSTITUTIONNEL,39385109.91645162
Lanaudière,2017-10-01,COMMERCIAL,81515307.4
Lanaudière,2017-10-01,INSTITUTIONNEL,43099013.370645165
Lanaudière,2017-10-01,RÉSIDENTIEL,231666176.0
Lanaudière,2017-11-01,AGRICOLE,12311729.0
Lanaudière,2017-12-01,COMMERCIAL,120624685.0
Lanaudière,2018-01-01,COMMERCIAL,125649608.6
Lanaudière,2018-01-01,INDUSTRIEL,71491817.89999999
Lanaudière,2018-01-01,RÉSIDENTIEL,691754032.0
Lanaudière,2018-02-01,COMMERCIAL,104536497.4
Lanaudière,2018-03-01,AGRICOLE,11972620.0
Lanaudière,2018-03-01,INDUSTRIEL,71503974.22857143
Lanaudière,2018-04-01,COMMERCIAL,92754075.8
Lanaudière,2018-04-01,INDUSTRIEL,67774515.92857143
Lanaudière,2018-04-01,RÉSIDENTIEL,391954375.0
Lanaudière,2018-05-01,AGRICOLE,9392545.0
Lanaudière,2018-05-01,INDUSTRIEL,72448741.78571428
Lanaudière,2018-06-01,INSTITUTIONNEL,41280680.01612903
Lanaudière,2018-07-01,AGRICOLE,10261973.0
Lanaudière,2018-07-01,INDUSTRIEL,67543952.22857143
Lanaudière,2018-09-01,AGRICOLE,9692028.0
Lanaudière,2018-09-01,INSTITUTIONNEL,43037257.72387096
Lanaudière,2018-09-01,RÉSIDENTIEL,224982074.0
Lanaudière,2018-10-01,INSTITUTIONNEL,51344209.90193549
Lanaudière,2018-10-01,RÉSIDENTIEL,318717485.0
Lanaudière,2018-11-01,INSTITUTIONNEL,60885665.758064516
Lanaudière,2018-11-01,RÉSIDENTIEL,468435288.0
Lanaudière,2018-12-01,COMMERCIAL,117694393.8
Lanaudière,2019-01-01,AGRICOLE,14830119.0
Lanaudière,2019-01-01,COMMERCIAL,128462913.6
Lanaudière,2019-02-01,AGRICOLE,12989844.0
Lanaudière,2019-02-01,RÉSIDENTIEL,586851995.0
Lanaudière,2019-03-01,INSTITUTIONNEL,64461270.407142855
Lanaudière,2019-05-01,COMMERCIAL,86299785.8
Lanaudière,2019-06-01,INDUSTRIEL,70643085.60000001
Lanaudière,2019-06-01,INSTITUTIONNEL,42614208.077741936
Lanaudière,2019-08-01,INSTITUTIONNEL,44449652.119354844
Lanaudière,2019-09-01,AGRICOLE,9416018.0
Lanaudière,2019-09-01,RÉSIDENTIEL,215297076.0
Lanaudière,2019-10-01,COMMERCIAL,87647876.0
Lanaudière,2019-10-01,INDUSTRIEL,74549652.99999999
Lanaudière,2019-10-01,INSTITUTIONNEL,49372748.67516129
Lanaudière,2019-10-01,RÉSIDENTIEL,277672812.0
Lanaudière,2019-11-01,AGRICOLE,13811947.0
Lanaudière,2019-11-01,INSTITUTIONNEL,60249167.05483871
Lanaudière,2019-12-01,INDUSTRIEL,69910095.9
Lanaudière,2019-12-01,INSTITUTIONNEL,69001715.40967742
Lanaudière,2020-01-01,COMMERCIAL,120350342.8
Lanaudière,2020-01-01,RÉSIDENTIEL,611472646.0
Lanaudière,2020-02-01,COMMERCIAL,111119020.0
Lanaudière,2020-02-01,INDUSTRIEL,69399115.69999999
Lanaudière,2020-02-01,RÉSIDENTIEL,562840203.0
Lanaudière,2020-03-01,COMMERCIAL,101120890.0
Lanaudière,2020-03-01,INDUSTRIEL,67578789.6
Lanaudière,2020-03-01,RÉSIDENTIEL,486281144.0
Lanaudière,2020-05-01,RÉSIDENTIEL,301505795.0
Lanaudière,2020-06-01,AGRICOLE,10147657.0
Lanaudière,2020-06-01,COMMERCIAL,82307505.2
Lanaudière,2020-06-01,INDUSTRIEL,69024146.5
Lanaudière,2020-06-01,RÉSIDENTIEL,262532688.0
Lanaudière,2020-07-01,COMMERCIAL,92638374.6
Lanaudière,2020-08-01,AGRICOLE,10571638.0
Lanaudière,2020-08-01,COMMERCIAL,89029276.4
Lanaudière,2020-08-01,INDUSTRIEL,71518858.5
Lanaudière,2020-08-01,RÉSIDENTIEL,261293897.0
Lanaudière,2020-09-01,INDUSTRIEL,67617366.2
Lanaudière,2020-09-01,RÉSIDENTIEL,236809857.0
Lanaudière,2020-10-01,INSTITUTIONNEL,50641759.19193549
Lanaudière,2020-11-01,COMMERCIAL,96062922.3
Lanaudière,2020-11-01,INDUSTRIEL,71103856.6
Lanaudière,2020-12-01,AGRICOLE,14058588.0
Lanaudière,2020-12-01,COMMERCIAL,112805636.1
Lanaudière,2021-02-01,AGRICOLE,13770291.0
Lanaudière,2021-02-01,COMMERCIAL,109726130.5
Lanaudière,2021-02-01,INDUSTRIEL,66716035.099999994
Lanaudière,2021-03-01,AGRICOLE,13944515.0
Lanaudière,2021-03-01,COMMERCIAL,107415455.4
Lanaudière,2021-03-01,INDUSTRIEL,73874849.89999999
Lanaudière,2021-03-01,RÉSIDENTIEL,500310096.0
Lanaudière,2021-04-01,AGRICOLE,11251426.0
Lanaudière,2021-04-01,INDUSTRIEL,69755790.9
Lanaudière,2021-04-01,RÉSIDENTIEL,329350294.0
Lanaudière,2021-05-01,INSTITUTIONNEL,47869530.98838709
Lanaudière,2021-05-01,RÉSIDENTIEL,277197415.0
Lanaudière,2021-06-01,AGRICOLE,
Lanaudière,2021-07-01,COMMERCIAL,90378788.9
Lanaudière,2021-07-01,INSTITUTIONNEL,48394815.909677416
Lanaudière,2021-08-01,AGRICOLE,
Lanaudière,2021-08-01,INDUSTRIEL,
Lanaudière,2021-09-01,AGRICOLE,11163751.0
Lanaudière,2021-09-01,COMMERCIAL,84789087.5
Lanaudière,2021-09-01,RÉSIDENTIEL,232516289.0
Lanaudière,2021-10-01,COMMERCIAL,87514873.6
Lanaudière,2021-10-01,INDUSTRIEL,61715347.8
Lanaudière,2021-11-01,AGRICOLE,13411263.0
Lanaudière,2021-11-01,COMMERCIAL,102624168.8
Lanaudière,2021-11-01,RÉSIDENTIEL,414191039.0
Lanaudière,2021-12-01,AGRICOLE,15005146.0
Lanaudière,2021-12-01,COMMERCIAL,123076077.8
Lanaudière,2022-01-01,AGRICOLE,17143926.0
Lanaudière,2022-01-01,COMMERCIAL,139724018.0
Lanaudière,2022-01-01,INSTITUTIONNEL,84987075.26129033
Lanaudière,2022-02-01,RÉSIDENTIEL,623741650.0
Lanaudière,2022-03-01,AGRICOLE,14535519.0
Lanaudière,2022-04-01,RÉSIDENTIEL,383965400.0
Lanaudière,2022-05-01,AGRICOLE,
Lanaudière,2022-05-01,INSTITUTIONNEL,
Lanaudière,2022-06-01,AGRICOLE,10521098.0
Lanaudière,2022-06-01,INDUSTRIEL,59944042.1
Lanaudière,2022-06-01,INSTITUTIONNEL,49564000.61
Lanaudière,2022-06-01,RÉSIDENTIEL,252122188.0
Lanaudière,2022-07-01,RÉSIDENTIEL,272594098.0
Lanaudière,2022-08-01,COMMERCIAL,
Lanaudière,2022-08-01,INSTITUTIONNEL,
Lanaudière,2022-09-01,INSTITUTIONNEL,56889852.04258065
Lanaudière,2022-10-01,INDUSTRIEL,61668700.59999999
Lanaudière,2022-11-01,INDUSTRIEL,63587040.39999999
Lanaudière,2022-12-01,AGRICOLE,14999919.0
Lanaudière,2022-12-01,COMMERCIAL,119348290.7
Lanaudière,2023-01-01,RÉSIDENTIEL,611834429.0
Lanaudière,2023-02-01,COMMERCIAL,119632435.8
Lanaudière,2023-02-01,INDUSTRIEL,65257038.400000006
Lanaudière,2023-02-01,RÉSIDENTIEL,600818558.0
Lanaudière,2023-03-01,INDUSTRIEL,73468590.60000001
Lanaudière,2023-03-01,RÉSIDENTIEL,502730752.0
Lanaudière,2023-04-01,INDUSTRIEL,67752331.0
Lanaudière,2023-04-01,INSTITUTIONNEL,66142320.86
Lanaudière,2023-05-01,INDUSTRIEL,68979106.8
Lanaudière,2023-06-01,COMMERCIAL,89898459.9
Lanaudière,2023-06-01,INDUSTRIEL,68060868.7
Lanaudière,2023-06-01,INSTITUTIONNEL,58158566.746129036
Lanaudière,2023-07-01,AGRICOLE,11437693.0
Lanaudière,2023-07-01,INDUSTRIEL,67503807.1
Lanaudière,2023-07-01,INSTITUTIONNEL,60047134.44419355
Lanaudière,2023-07-01,RÉSIDENTIEL,280392844.0
Lanaudière,2023-08-01,INSTITUTIONNEL,59685664.5032258
Lanaudière,2023-08-01,RÉSIDENTIEL,265259847.0
Lanaudière,2023-09-01,AGRICOLE,11272011.0
Lanaudière,2023-09-01,COMMERCIAL,91003103.8
Lanaudière,2023-09-01,INDUSTRIEL,67464484.69999999
Lanaudière,2023-09-01,INSTITUTIONNEL,57577769.772580646
Lanaudière,2023-11-01,AGRICOLE,14792421.0
Lanaudière,2023-11-01,INSTITUTIONNEL,71474853.31290323
Lanaudière,2023-11-01,RÉSIDENTIEL,455348480.0
Lanaudière,2023-12-01,AGRICOLE,14804415.0
Lanaudière,2023-12-01,INDUSTRIEL,66159143.800000004
Laurentides,2016-01-01,INDUSTRIEL,65557894.758455135
Laurentides,2016-01-01,RÉSIDENTIEL,830004260.0
Laurentides,2016-03-01,COMMERCIAL,151154230.9
Laurentides,2016-03-01,INDUSTRIEL,66783973.97142858
Laurentides,2016-03-01,INSTITUTIONNEL,44825709.4
Laurentides,2016-04-01,INSTITUTIONNEL,39897010.8
Laurentides,2016-06-01,COMMERCIAL,125051400.3
Laurentides,2016-06-01,INDUSTRIEL,60862621.21428572
Laurentides,2016-07-01,INSTITUTIONNEL,30628982.7
Laurentides,2016-10-01,AGRICOLE,7410855.0
Laurentides,2016-10-01,INSTITUTIONNEL,36351274.0
Laurentides,2016-10-01,RÉSIDENTIEL,376945592.0
Laurentides,2016-11-01,AGRICOLE,7916841.0
Laurentides,2016-12-01,COMMERCIAL,169762149.5
Laurentides,2016-12-01,INDUSTRIEL,63875831.8
Laurentides,2016-12-01,RÉSIDENTIEL,769000277.0
Laurentides,2017-01-01,INDUSTRIEL,65860531.46285714
Laurentides,2017-01-01,RÉSIDENTIEL,781207826.0
Laurentides,2017-03-01,AGRICOLE,10288545.0
Laurentides,2017-03-01,COMMERCIAL,165283476.8
Laurentides,2017-03-01,RÉSIDENTIEL,740271236.0
Laurentides,2017-04-01,AGRICOLE,8230384.0
Laurentides,2017-04-01,COMMERCIAL,127549910.2
Laurentides,2017-04-01,INDUSTRIEL,62507560.65428571
Laurentides,2017-04-01,INSTITUTIONNEL,37846956.7
Laurentides,2017-06-01,COMMERCIAL,123803383.9
Laurentides,2017-06-01,INSTITUTIONNEL,31017071.3
Laurentides,2017-07-01,COMMERCIAL,129860335.8
Laurentides,2017-08-01,AGRICOLE,6124882.0
Laurentides,2017-08-01,INDUSTRIEL,66775263.51428572
Laurentides,2017-08-01,INSTITUTIONNEL,31619473.1
Laurentides,2017-08-01,RÉSIDENTIEL,304029236.0
Laurentides,2017-09-01,AGRICOLE,6323422.0
Laurentides,2017-09-01,RÉSIDENTIEL,287296598.0
Laurentides,2017-10-01,COMMERCIAL,124540340.4
Laurentides,2017-10-01,INDUSTRIEL,64565991.23142856
Laurentides,2017-11-01,AGRICOLE,8807722.0
Laurentides,2017-12-01,COMMERCIAL,186101036.8548387
Laurentides,2018-01-01,COMMERCIAL,190437700.86280835
Laurentides,2018-02-01,COMMERCIAL,158983580.08235294
Laurentides,2018-02-01,INSTITUTIONNEL,44950511.0
Laurentides,2018-02-01,RÉSIDENTIEL,721267096.0
Laurentides,2018-03-01,INDUSTRIEL,66760431.4
Laurentides,2018-03-01,INSTITUTIONNEL,45396014.6
Laurentides,2018-04-01,AGRICOLE,9031449.0
Laurentides,2018-04-01,COMMERCIAL,139787215.8
Laurentides,2018-04-01,INSTITUTIONNEL,40806100.7
Laurentides,2018-05-01,INSTITUTIONNEL,33873279.9
Laurentides,2018-06-01,AGRICOLE,5926583.0
Laurentides,2018-06-01,INDUSTRIEL,60931422.5
Laurentides,2018-06-01,INSTITUTIONNEL,31028904.3
Laurentides,2018-06-01,RÉSIDENTIEL,300880685.0
Laurentides,2018-07-01,AGRICOLE,6609877.0
Laurentides,2018-07-01,INDUSTRIEL,63614528.5
Laurentides,2018-08-01,AGRICOLE,6834369.0
Laurentides,2018-09-01,INSTITUTIONNEL,32252261.8
Laurentides,2018-10-01,AGRICOLE,8549132.0
Laurentides,2018-10-01,RÉSIDENTIEL,441491319.0
Laurentides,2018-11-01,COMMERCIAL,186176366.7
Laurentides,2018-11-01,RÉSIDENTIEL,645096540.0
Laurentides,2019-01-01,AGRICOLE,12331596.0
Laurentides,2019-01-01,COMMERCIAL,222357504.9
Laurentides,2019-01-01,RÉSIDENTIEL,967042766.0
Laurentides,2019-03-01,AGRICOLE,11249925.0
Laurentides,2019-03-01,COMMERCIAL,194482031.3
Laurentides,2019-03-01,RÉSIDENTIEL,733664318.0
Laurentides,2019-04-01,INSTITUTIONNEL,40038355.0
Laurentides,2019-04-01,RÉSIDENTIEL,525982001.0
Laurentides,2019-05-01,AGRICOLE,7231628.0
Laurentides,2019-05-01,RÉSIDENTIEL,379906713.0
Laurentides,2019-06-01,AGRICOLE,6322501.0
Laurentides,2019-06-01,RÉSIDENTIEL,312375389.0
Laurentides,2019-07-01,RÉSIDENTIEL,331906300.0
Laurentides,2019-08-01,INDUSTRIEL,63110457.599999994
Laurentides,2019-08-01,RÉSIDENTIEL,315770584.0
Laurentides,2019-09-01,INSTITUTIONNEL,31839271.0
Laurentides,2019-10-01,AGRICOLE,7894725.0
Laurentides,2019-11-01,AGRICOLE,9782476.0
Laurentides,2019-11-01,INDUSTRIEL,63935214.800000004
Laurentides,2019-11-01,INSTITUTIONNEL,44175251.4
Laurentides,2019-12-01,COMMERCIAL,207550624.9
Laurentides,2019-12-01,INSTITUTIONNEL,48488385.1
Laurentides,2019-12-01,RÉSIDENTIEL,813769436.0
Laurentides,2020-01-01,COMMERCIAL,208447159.0
Laurentides,2020-01-01,INDUSTRIEL,65778388.0
Laurentides,2020-02-01,INDUSTRIEL,63874967.1
Laurentides,2020-02-01,RÉSIDENTIEL,776505551.0
Laurentides,2020-04-01,COMMERCIAL,140423961.9
Laurentides,2020-06-01,AGRICOLE,7126488.0
Laurentides,2020-06-01,INSTITUTIONNEL,29645191.2
Laurentides,2020-07-01,AGRICOLE,7826590.0
Laurentides,2020-07-01,COMMERCIAL,148113604.5
Laurentides,2020-07-01,INDUSTRIEL,59894263.3
Laurentides,2020-08-01,AGRICOLE,7667517.0
Laurentides,2020-08-01,INDUSTRIEL,60194198.3
Laurentides,2020-09-01,INSTITUTIONNEL,32706100.0
Laurentides,2020-10-01,AGRICOLE,8905487.0
Laurentides,2020-10-01,INDUSTRIEL,59261181.00000001
Laurentides,2020-12-01,INDUSTRIEL,57123724.50000001
Laurentides,2020-12-01,RÉSIDENTIEL,793063821.0
Laurentides,2021-01-01,AGRICOLE,12326237.0
Laurentides,2021-01-01,COMMERCIAL,198720655.2
Laurentides,2021-01-01,RÉSIDENTIEL,865719496.0
Laurentides,2021-02-01,INSTITUTIONNEL,44843334.9
Laurentides,2021-03-01,COMMERCIAL,178046717.6
Laurentides,2021-03-01,RÉSIDENTIEL,692943201.0
Laurentides,2021-04-01,AGRICOLE,9172701.0
Laurentides,2021-05-01,RÉSIDENTIEL,377437713.0
Laurentides,2021-06-01,AGRICOLE,7297635.0
Laurentides,2021-06-01,COMMERCIAL,153142958.4
Laurentides,2021-06-01,INDUSTRIEL,61383331.7
Laurentides,2021-07-01,AGRICOLE,7666441.0
Laurentides,2021-07-01,COMMERCIAL,157750430.0
Laurentides,2021-07-01,INSTITUTIONNEL,31590515.2
Laurentides,2021-07-01,RÉSIDENTIEL,346949216.0
Laurentides,2021-09-01,AGRICOLE,7656991.0
Laurentides,2021-09-01,INDUSTRIEL,59254791.7
Laurentides,2021-10-01,AGRICOLE,8461368.0
Laurentides,2021-10-01,INDUSTRIEL,60396416.699999996
Laurentides,2021-10-01,INSTITUTIONNEL,35506558.9
Laurentides,2021-11-01,AGRICOLE,9835885.0
Laurentides,2021-11-01,COMMERCIAL,185055095.5
Laurentides,2021-11-01,RÉSIDENTIEL,580153531.0
Laurentides,2021-12-01,INDUSTRIEL,61860903.300000004
Laurentides,2022-01-01,AGRICOLE,15995029.0
Laurentides,2022-01-01,COMMERCIAL,235938862.2
Laurentides,2022-01-01,INSTITUTIONNEL,54069732.4
Laurentides,2022-01-01,RÉSIDENTIEL,1102208557.0
Laurentides,2022-02-01,RÉSIDENTIEL,862161441.0
Laurentides,2022-03-01,AGRICOLE,14040210.0
Laurentides,2022-03-01,INSTITUTIONNEL,47972557.2
Laurentides,2022-04-01,AGRICOLE,11765610.0
Laurentides,2022-05-01,INDUSTRIEL,62798094.6
Laurentides,2022-05-01,RÉSIDENTIEL,349344776.0
Laurentides,2022-06-01,AGRICOLE,6703818.0
Laurentides,2022-06-01,INDUSTRIEL,61485389.7
Laurentides,2022-08-01,COMMERCIAL,160498849.8
Laurentides,2022-08-01,INSTITUTIONNEL,33546192.4
Laurentides,2022-08-01,RÉSIDENTIEL,350903554.0
Laurentides,2022-09-01,AGRICOLE,7343911.0
Laurentides,2022-09-01,COMMERCIAL,148956347.1
Laurentides,2022-09-01,RÉSIDENTIEL,329863973.0
Laurentides,2022-10-01,AGRICOLE,8827170.0
Laurentides,2022-11-01,COMMERCIAL,181237971.2
Laurentides,2022-11-01,INDUSTRIEL,63676020.699999996
Laurentides,2022-11-01,INSTITUTIONNEL,41303991.4
Laurentides,2022-12-01,AGRICOLE,13854380.0
Laurentides,2022-12-01,INSTITUTIONNEL,47482788.4
Laurentides,2023-01-01,AGRICOLE,14798484.0
Laurentides,2023-01-01,INSTITUTIONNEL,49364685.9
Laurentides,2023-01-01,RÉSIDENTIEL,848801816.0
Laurentides,2023-02-01,COMMERCIAL,202584005.7
Laurentides,2023-03-01,AGRICOLE,13626802.0
Laurentides,2023-03-01,COMMERCIAL,199404178.9
Laurentides,2023-04-01,RÉSIDENTIEL,497544278.0
Laurentides,2023-05-01,INDUSTRIEL,57021664.199999996
Laurentides,2023-05-01,INSTITUTIONNEL,35093966.7
Laurentides,2023-06-01,INSTITUTIONNEL,31176160.3
Laurentides,2023-07-01,COMMERCIAL,172847939.1
Laurentides,2023-07-01,INDUSTRIEL,53393438.900000006
Laurentides,2023-08-01,INDUSTRIEL,57097613.6
Laurentides,2023-09-01,AGRICOLE,7558591.0
Laurentides,2023-09-01,RÉSIDENTIEL,324846180.0
Laurentides,2023-10-01,INSTITUTIONNEL,34832371.4
Laurentides,2023-12-01,AGRICOLE,13822676.0
Laurentides,2023-12-01,COMMERCIAL,221227138.70000002
Laurentides,2023-12-01,INDUSTRIEL,53974281.60000001
Laurentides,2023-12-01,RÉSIDENTIEL,772270426.0
Laval,2016-01-01,INDUSTRIEL,32295784.6
Laval,2016-01-01,RÉSIDENTIEL,461176738.0
Laval,2016-02-01,RÉSIDENTIEL,428709571.0
Laval,2016-03-01,AGRICOLE,938907.0
Laval,2016-04-01,COMMERCIAL,107856759.6
Laval,2016-05-01,INSTITUTIONNEL,19806356.0
Laval,2016-06-01,RÉSIDENTIEL,169981380.0
Laval,2016-07-01,COMMERCIAL,108459459.3
Laval,2016-08-01,COMMERCIAL,113290862.3
Laval,2016-08-01,INSTITUTIONNEL,19167284.8
Laval,2016-09-01,COMMERCIAL,102579041.1
Laval,2016-09-01,INDUSTRIEL,31655348.506451614
Laval,2016-10-01,INSTITUTIONNEL,20012257.4
Laval,2016-10-01,RÉSIDENTIEL,196327007.0
Laval,2016-11-01,INSTITUTIONNEL,21375895.6
Laval,2016-12-01,AGRICOLE,841115.0
Laval,2016-12-01,COMMERCIAL,129226313.0
Laval,2016-12-01,INDUSTRIEL,33878649.451612905
Laval,2017-01-01,COMMERCIAL,131599177.45
Laval,2017-01-01,INDUSTRIEL,34445627.41612903
Laval,2017-01-01,INSTITUTIONNEL,25506313.8
Laval,2017-03-01,INSTITUTIONNEL,25771857.0
Laval,2017-04-01,AGRICOLE,806882.0
Laval,2017-05-01,INDUSTRIEL,36111463.04677419
Laval,2017-05-01,INSTITUTIONNEL,21045364.6
Laval,2017-06-01,INSTITUTIONNEL,18904755.2
Laval,2017-06-01,RÉSIDENTIEL,168002580.0
Laval,2017-07-01,AGRICOLE,794184.0
Laval,2017-08-01,AGRICOLE,868473.0
Laval,2017-08-01,INDUSTRIEL,36430508.77096774
Laval,2017-09-01,AGRICOLE,844056.0
Laval,2017-09-01,INDUSTRIEL,34703775.99516129
Laval,2017-10-01,RÉSIDENTIEL,166163736.0
Laval,2017-11-01,COMMERCIAL,114626233.9
Laval,2017-11-01,RÉSIDENTIEL,312543207.0
Laval,2017-12-01,AGRICOLE,938110.0
Laval,2018-01-01,INDUSTRIEL,37407655.64516129
Laval,2018-02-01,COMMERCIAL,121514113.9
Laval,2018-02-01,RÉSIDENTIEL,397219553.0
Laval,2018-03-01,INSTITUTIONNEL,24381283.6
Laval,2018-03-01,RÉSIDENTIEL,363398891.0
Laval,2018-07-01,INSTITUTIONNEL,19239999.4
Laval,2018-08-01,INDUSTRIEL,36780753.98709677
Laval,2018-09-01,INSTITUTIONNEL,19037361.8
Laval,2018-09-01,RÉSIDENTIEL,161402064.0
Laval,2018-10-01,COMMERCIAL,107650685.7
Laval,2018-10-01,INSTITUTIONNEL,21523911.4
Laval,2018-11-01,INDUSTRIEL,37320226.66774194
Laval,2018-11-01,INSTITUTIONNEL,23845861.2
Laval,2018-11-01,RÉSIDENTIEL,350621804.0
Laval,2019-03-01,COMMERCIAL,127229002.9
Laval,2019-04-01,INDUSTRIEL,33709660.85
Laval,2019-05-01,INSTITUTIONNEL,21081554.6
Laval,2019-06-01,INDUSTRIEL,32283330.333870966
Laval,2019-07-01,AGRICOLE,948399.0
Laval,2019-07-01,RÉSIDENTIEL,189320621.0
Laval,2019-08-01,AGRICOLE,1021796.0
Laval,2019-08-01,INSTITUTIONNEL,19361793.1
Laval,2019-09-01,COMMERCIAL,97866347.9
Laval,2019-09-01,INDUSTRIEL,32441773.008064516
Laval,2019-09-01,INSTITUTIONNEL,18724864.7
Laval,2019-10-01,COMMERCIAL,102763314.5
Laval,2019-10-01,INSTITUTIONNEL,21153051.8
Laval,2019-12-01,INDUSTRIEL,33275321.238709677
Laval,2020-01-01,INDUSTRIEL,35254428.190322585
Laval,2020-01-01,RÉSIDENTIEL,465801886.0
Laval,2020-02-01,INSTITUTIONNEL,24692980.3
Laval,2020-03-01,INSTITUTIONNEL,24432174.1
Laval,2020-03-01,RÉSIDENTIEL,363893871.0
Laval,2020-04-01,COMMERCIAL,90605533.8
Laval,2020-05-01,COMMERCIAL,89474384.2
Laval,2020-05-01,INSTITUTIONNEL,18576155.6
Laval,2020-06-01,AGRICOLE,708213.0
Laval,2020-06-01,COMMERCIAL,95617136.0
Laval,2020-06-01,INSTITUTIONNEL,17837244.8
Laval,2020-07-01,AGRICOLE,977458.0
Laval,2020-07-01,COMMERCIAL,109676609.5
Laval,2020-07-01,INSTITUTIONNEL,19143473.9
Laval,2020-07-01,RÉSIDENTIEL,207715689.0
Laval,2020-08-01,AGRICOLE,907839.0
Laval,2020-08-01,COMMERCIAL,103267830.2
Laval,2020-08-01,INSTITUTIONNEL,19530737.3
Laval,2020-09-01,COMMERCIAL,93205469.5
Laval,2020-09-01,INDUSTRIEL,32662038.3516129
Laval,2020-10-01,COMMERCIAL,97294031.4
Laval,2020-10-01,RÉSIDENTIEL,215556340.0
Laval,2020-11-01,INSTITUTIONNEL,21621359.2
Laval,2020-12-01,COMMERCIAL,123511532.7
Laval,2021-01-01,AGRICOLE,1011768.0
Laval,2021-02-01,INDUSTRIEL,32844913.54792627
Laval,2021-02-01,INSTITUTIONNEL,23397204.6
Laval,2021-04-01,INSTITUTIONNEL,20001098.6
Laval,2021-04-01,RÉSIDENTIEL,232518795.0
Laval,2021-06-01,AGRICOLE,764633.0
Laval,2021-07-01,COMMERCIAL,102777648.1
Laval,2021-07-01,INSTITUTIONNEL,18269476.4
Laval,2021-08-01,COMMERCIAL,110616113.7
Laval,2021-08-01,INSTITUTIONNEL,19505327.4
Laval,2021-08-01,RÉSIDENTIEL,202456026.0
Laval,2021-09-01,COMMERCIAL,95807802.9
Laval,2021-09-01,INDUSTRIEL,31848999.374193545
Laval,2021-10-01,COMMERCIAL,97469940.8
Laval,2021-12-01,INSTITUTIONNEL,25745814.6
Laval,2021-12-01,RÉSIDENTIEL,437497119.0
Laval,2022-01-01,AGRICOLE,1086815.0
Laval,2022-01-01,COMMERCIAL,150102715.1
Laval,2022-03-01,INDUSTRIEL,34774350.53928571
Laval,2022-03-01,INSTITUTIONNEL,25662223.8
Laval,2022-03-01,RÉSIDENTIEL,391851948.0
Laval,2022-04-01,AGRICOLE,832746.0
Laval,2022-04-01,INDUSTRIEL,31279275.349999998
Laval,2022-04-01,RÉSIDENTIEL,268102276.0
Laval,2022-05-01,INDUSTRIEL,32110463.79516129
Laval,2022-06-01,AGRICOLE,580382.0
Laval,2022-06-01,COMMERCIAL,98103634.0
Laval,2022-08-01,INDUSTRIEL,31596943.851612903
Laval,2022-08-01,INSTITUTIONNEL,19133760.0
Laval,2022-09-01,COMMERCIAL,95339461.9
Laval,2022-09-01,INDUSTRIEL,29951149.858064517
Laval,2022-09-01,INSTITUTIONNEL,18447534.5
Laval,2022-09-01,RÉSIDENTIEL,166770952.0
Laval,2022-11-01,INDUSTRIEL,31834511.764516126
Laval,2023-01-01,AGRICOLE,979284.0
Laval,2023-01-01,INDUSTRIEL,31207005.958064515
Laval,2023-01-01,RÉSIDENTIEL,450778425.0
Laval,2023-02-01,COMMERCIAL,127148216.0
Laval,2023-02-01,INDUSTRIEL,30076756.34631336
Laval,2023-02-01,INSTITUTIONNEL,24728347.5
Laval,2023-03-01,AGRICOLE,981198.0
Laval,2023-03-01,COMMERCIAL,123652073.4
Laval,2023-03-01,INSTITUTIONNEL,24930061.7
Laval,2023-04-01,AGRICOLE,778144.0
Laval,2023-04-01,INSTITUTIONNEL,20659296.3
Laval,2023-06-01,COMMERCIAL,99051016.0
Laval,2023-06-01,INDUSTRIEL,29312499.482258063
Laval,2023-07-01,AGRICOLE,843902.0
Laval,2023-07-01,INSTITUTIONNEL,18469902.8
Laval,2023-07-01,RÉSIDENTIEL,200625714.0
Laval,2023-08-01,AGRICOLE,848502.0
Laval,2023-08-01,INSTITUTIONNEL,18746237.6
Laval,2023-09-01,INSTITUTIONNEL,18615686.2
Laval,2023-09-01,RÉSIDENTIEL,168914943.0
Laval,2023-11-01,RÉSIDENTIEL,317281825.0
Laval,2023-12-01,INDUSTRIEL,28496287.845161293
Laval,2023-12-01,INSTITUTIONNEL,24099520.4
Mauricie,2016-01-01,RÉSIDENTIEL,326339102.0
Mauricie,2016-02-01,AGRICOLE,7838499.0
Mauricie,2016-02-01,COMMERCIAL,81278227.0
Mauricie,2016-02-01,INDUSTRIEL,200798160.93196428
Mauricie,2016-02-01,INSTITUTIONNEL,24120291.0
Mauricie,2016-02-01,RÉSIDENTIEL,284757505.0
Mauricie,2016-03-01,AGRICOLE,7331719.0
Mauricie,2016-03-01,COMMERCIAL,78387510.8
Mauricie,2016-03-01,INSTITUTIONNEL,24084818.0
Mauricie,2016-03-01,RÉSIDENTIEL,254747019.0
Mauricie,2016-04-01,AGRICOLE,6008370.0
Mauricie,2016-04-01,COMMERCIAL,68895002.4
Mauricie,2016-05-01,AGRICOLE,5092206.0
Mauricie,2016-07-01,COMMERCIAL,64591043.4
Mauricie,2016-07-01,INSTITUTIONNEL,16914580.0
Mauricie,2016-08-01,AGRICOLE,5416134.0
Mauricie,2016-08-01,INDUSTRIEL,197786319.44133118
Mauricie,2016-09-01,INSTITUTIONNEL,18579751.0
Mauricie,2016-09-01,RÉSIDENTIEL,106313163.0
Mauricie,2016-10-01,AGRICOLE,6978714.0
Mauricie,2016-11-01,INDUSTRIEL,197076084.23348933
Mauricie,2016-11-01,RÉSIDENTIEL,196133573.0
Mauricie,2016-12-01,COMMERCIAL,83065919.2
Mauricie,2016-12-01,INSTITUTIONNEL,25031391.0
Mauricie,2016-12-01,RÉSIDENTIEL,303700397.0
Mauricie,2017-01-01,COMMERCIAL,84432848.8
Mauricie,2017-01-01,INDUSTRIEL,210206696.33617422
Mauricie,2017-02-01,INDUSTRIEL,186607339.30461645
Mauricie,2017-03-01,INDUSTRIEL,165502099.659074
Mauricie,2017-04-01,RÉSIDENTIEL,186600821.0
Mauricie,2017-05-01,RÉSIDENTIEL,139420459.0
Mauricie,2017-06-01,AGRICOLE,5043496.0
Mauricie,2017-06-01,COMMERCIAL,61176660.0
Mauricie,2017-06-01,RÉSIDENTIEL,114265975.0
Mauricie,2017-08-01,AGRICOLE,5416434.0
Mauricie,2017-08-01,INDUSTRIEL,166988123.94531673
Mauricie,2017-09-01,COMMERCIAL,61597531.8
Mauricie,2017-09-01,INDUSTRIEL,165686241.07638547
Mauricie,2017-10-01,COMMERCIAL,60906107.6
Mauricie,2017-10-01,RÉSIDENTIEL,126225177.0
Mauricie,2017-11-01,INDUSTRIEL,172979719.40444684
Mauricie,2017-11-01,INSTITUTIONNEL,23317371.0
Mauricie,2018-01-01,COMMERCIAL,94990752.6
Mauricie,2018-01-01,INDUSTRIEL,182409578.99623916
Mauricie,2018-02-01,COMMERCIAL,79359594.2
Mauricie,2018-02-01,INSTITUTIONNEL,23668255.0
Mauricie,2018-03-01,INDUSTRIEL,178197155.06529954
Mauricie,2018-04-01,COMMERCIAL,69206210.0
Mauricie,2018-06-01,AGRICOLE,4939295.0
Mauricie,2018-06-01,RÉSIDENTIEL,114048272.0
Mauricie,2018-07-01,AGRICOLE,5504575.0
Mauricie,2018-07-01,RÉSIDENTIEL,123657718.0
Mauricie,2018-08-01,INDUSTRIEL,169304918.56098983
Mauricie,2018-09-01,RÉSIDENTIEL,114135848.0
Mauricie,2018-10-01,INDUSTRIEL,172020957.51160172
Mauricie,2018-11-01,INSTITUTIONNEL,23356686.0
Mauricie,2019-02-01,AGRICOLE,8784645.0
Mauricie,2019-02-01,INDUSTRIEL,173724574.75200146
Mauricie,2019-04-01,AGRICOLE,6727441.0
Mauricie,2019-04-01,INDUSTRIEL,169564499.7122312
Mauricie,2019-04-01,INSTITUTIONNEL,21736147.0
Mauricie,2019-04-01,RÉSIDENTIEL,209433710.0
Mauricie,2019-05-01,AGRICOLE,5574415.0
Mauricie,2019-05-01,COMMERCIAL,63561589.0
Mauricie,2019-05-01,INSTITUTIONNEL,19322876.0
Mauricie,2019-06-01,INSTITUTIONNEL,17398829.0
Mauricie,2019-07-01,INSTITUTIONNEL,18306310.0
Mauricie,2019-07-01,RÉSIDENTIEL,125448446.0
Mauricie,2019-08-01,COMMERCIAL,66107690.4
Mauricie,2019-08-01,INDUSTRIEL,184232691.56692684
Mauricie,2019-08-01,RÉSIDENTIEL,118254011.0
Mauricie,2019-09-01,AGRICOLE,4831792.0
Mauricie,2019-09-01,COMMERCIAL,60520500.4
Mauricie,2019-09-01,INDUSTRIEL,180511525.25464478
Mauricie,2019-10-01,RÉSIDENTIEL,151153913.0
Mauricie,2019-12-01,AGRICOLE,9932497.0
Mauricie,2019-12-01,INSTITUTIONNEL,25560831.0
Mauricie,2020-02-01,COMMERCIAL,84588291.2
Mauricie,2020-02-01,RÉSIDENTIEL,299238491.0
Mauricie,2020-03-01,AGRICOLE,8197619.0
Mauricie,2020-03-01,RÉSIDENTIEL,260898086.0
Mauricie,2020-04-01,COMMERCIAL,58688861.4
Mauricie,2020-05-01,INDUSTRIEL,155041430.06578806
Mauricie,2020-05-01,INSTITUTIONNEL,17877512.0
Mauricie,2020-07-01,INSTITUTIONNEL,17737654.0
Mauricie,2020-07-01,RÉSIDENTIEL,134274793.0
Mauricie,2020-08-01,COMMERCIAL,63904750.8
Mauricie,2020-08-01,INSTITUTIONNEL,17636258.0
Mauricie,2020-08-01,RÉSIDENTIEL,125695558.0
Mauricie,2020-09-01,INSTITUTIONNEL,17830456.0
Mauricie,2020-09-01,RÉSIDENTIEL,118443535.0
Mauricie,2020-10-01,AGRICOLE,7641572.0
Mauricie,2020-10-01,RÉSIDENTIEL,169664472.0
Mauricie,2020-11-01,RÉSIDENTIEL,220138054.0
Mauricie,2020-12-01,AGRICOLE,9732385.0
Mauricie,2020-12-01,COMMERCIAL,82098794.0
Mauricie,2021-01-01,AGRICOLE,9953089.0
Mauricie,2021-02-01,COMMERCIAL,79760014.6
Mauricie,2021-03-01,COMMERCIAL,79247123.2
Mauricie,2021-03-01,INDUSTRIEL,188596184.9455946
Mauricie,2021-03-01,RÉSIDENTIEL,264484857.0
Mauricie,2021-04-01,AGRICOLE,5941441.0
Mauricie,2021-04-01,INSTITUTIONNEL,19363704.0
Mauricie,2021-05-01,AGRICOLE,5288172.0
Mauricie,2021-06-01,AGRICOLE,5437228.0
Mauricie,2021-07-01,RÉSIDENTIEL,128062718.0
Mauricie,2021-08-01,AGRICOLE,6234240.0
Mauricie,2021-09-01,AGRICOLE,5311869.0
Mauricie,2021-09-01,INDUSTRIEL,173290148.75687695
Mauricie,2021-09-01,RÉSIDENTIEL,112893201.0
Mauricie,2021-10-01,INDUSTRIEL,177456821.02258736
Mauricie,2021-11-01,AGRICOLE,8704596.0
Mauricie,2021-11-01,COMMERCIAL,73715337.6
Mauricie,2021-12-01,COMMERCIAL,87855219.2
Mauricie,2021-12-01,INDUSTRIEL,182437741.7442523
Mauricie,2022-01-01,INDUSTRIEL,185839297.15650117
Mauricie,2022-01-01,RÉSIDENTIEL,412436749.0
Mauricie,2022-02-01,COMMERCIAL,87303825.0
Mauricie,2022-02-01,INDUSTRIEL,165174993.45162588
Mauricie,2022-02-01,INSTITUTIONNEL,25138620.0
Mauricie,2022-02-01,RÉSIDENTIEL,328789014.0
Mauricie,2022-03-01,COMMERCIAL,84499607.2
Mauricie,2022-03-01,INDUSTRIEL,184199213.68955612
Mauricie,2022-05-01,AGRICOLE,5365977.0
Mauricie,2022-05-01,INDUSTRIEL,166403335.43997982
Mauricie,2022-06-01,INDUSTRIEL,172215249.19119817
Mauricie,2022-08-01,COMMERCIAL,67412091.0
Mauricie,2022-08-01,INSTITUTIONNEL,18748360.0
Mauricie,2022-09-01,AGRICOLE,6390140.0
Mauricie,2022-09-01,RÉSIDENTIEL,121727443.0
Mauricie,2022-11-01,AGRICOLE,8828852.0
Mauricie,2022-11-01,COMMERCIAL,73836820.4
Mauricie,2022-12-01,COMMERCIAL,85355018.1
Mauricie,2023-01-01,AGRICOLE,10026065.0
Mauricie,2023-01-01,COMMERCIAL,89738506.7
Mauricie,2023-01-01,RÉSIDENTIEL,323221252.0
Mauricie,2023-02-01,COMMERCIAL,86668165.6
Mauricie,2023-02-01,RÉSIDENTIEL,316379081.0
Mauricie,2023-04-01,AGRICOLE,6378507.0
Mauricie,2023-04-01,COMMERCIAL,68086415.4
Mauricie,2023-04-01,INSTITUTIONNEL,21368927.0
Mauricie,2023-05-01,AGRICOLE,5441879.0
Mauricie,2023-05-01,COMMERCIAL,64687377.6
Mauricie,2023-06-01,INDUSTRIEL,131127760.14649805
Mauricie,2023-06-01,INSTITUTIONNEL,17821080.0
Mauricie,2023-07-01,AGRICOLE,6013424.0
Mauricie,2023-07-01,INSTITUTIONNEL,18892154.0
Mauricie,2023-08-01,RÉSIDENTIEL,127067685.0
Mauricie,2023-09-01,AGRICOLE,5967139.0
Mauricie,2023-09-01,INDUSTRIEL,173070766.5530626
Mauricie,2023-09-01,INSTITUTIONNEL,18931906.0
Mauricie,2023-10-01,AGRICOLE,7732162.0
Mauricie,2023-10-01,COMMERCIAL,64410432.7
Mauricie,2023-11-01,INDUSTRIEL,177329879.24376345
Mauricie,2023-11-01,INSTITUTIONNEL,23568235.0
Mauricie,2023-12-01,RÉSIDENTIEL,298831258.0
Montréal,2016-01-01,INSTITUTIONNEL,275766527.84193546
Montréal,2016-02-01,COMMERCIAL,928411010.9721303
Montréal,2016-02-01,RÉSIDENTIEL,1727897923.0
Montréal,2016-03-01,AGRICOLE,778484.0
Montréal,2016-03-01,COMMERCIAL,898803273.0300204
Montréal,2016-05-01,INSTITUTIONNEL,220258558.70000002
Montréal,2016-06-01,AGRICOLE,547184.0
Montréal,2016-06-01,COMMERCIAL,775422284.304126
Montréal,2016-06-01,INSTITUTIONNEL,213052439.6
Montréal,2016-07-01,COMMERCIAL,817282501.7397809
Montréal,2016-07-01,INDUSTRIEL,334232110.1182612
Montréal,2016-08-01,INSTITUTIONNEL,228261204.1
Montréal,2016-09-01,AGRICOLE,568041.0
Montréal,2016-10-01,COMMERCIAL,766447190.8251615
Montréal,2016-11-01,INDUSTRIEL,329915741.32506114
Montréal,2016-11-01,RÉSIDENTIEL,1131629132.0
Montréal,2016-12-01,INSTITUTIONNEL,264520585.2
Montréal,2017-01-01,AGRICOLE,882968.0
Montréal,2017-01-01,COMMERCIAL,972619058.2096775
Montréal,2017-01-01,INDUSTRIEL,343308834.9917128
Montréal,2017-01-01,INSTITUTIONNEL,271015969.1
Montréal,2017-02-01,AGRICOLE,798833.0
Montréal,2017-03-01,INSTITUTIONNEL,270299495.1
Montréal,2017-03-01,RÉSIDENTIEL,1716181905.0
Montréal,2017-05-01,COMMERCIAL,769265154.6032257
Montréal,2017-05-01,RÉSIDENTIEL,731390750.0
Montréal,2017-06-01,INDUSTRIEL,322542157.5478605
Montréal,2017-07-01,INSTITUTIONNEL,211531396.60000002
Montréal,2017-09-01,INSTITUTIONNEL,212490107.09999996
Montréal,2017-10-01,COMMERCIAL,760483832.6831919
Montréal,2017-10-01,INSTITUTIONNEL,215370764.8
Montréal,2017-11-01,AGRICOLE,713672.0
Montréal,2017-11-01,COMMERCIAL,852605649.0168082
Montréal,2017-12-01,AGRICOLE,910959.0
Montréal,2017-12-01,COMMERCIAL,1017661075.4763619
Montréal,2017-12-01,INDUSTRIEL,331142366.8531414
Montréal,2017-12-01,INSTITUTIONNEL,269267934.79999995
Montréal,2018-01-01,AGRICOLE,963671.0
Montréal,2018-01-01,INDUSTRIEL,353612615.841743
Montréal,2018-02-01,AGRICOLE,769837.0
Montréal,2018-02-01,COMMERCIAL,902781961.2210112
Montréal,2018-03-01,COMMERCIAL,915488156.7178571
Montréal,2018-03-01,INDUSTRIEL,342084385.6042303
Montréal,2018-04-01,COMMERCIAL,830346669.6000001
Montréal,2018-04-01,RÉSIDENTIEL,1182804833.0
Montréal,2018-07-01,AGRICOLE,583619.0
Montréal,2018-09-01,INSTITUTIONNEL,209252650.43243244
Montréal,2018-10-01,INSTITUTIONNEL,224466390.26756755
Montréal,2018-11-01,INDUSTRIEL,340428026.5150768
Montréal,2018-12-01,AGRICOLE,894224.0
Montréal,2018-12-01,COMMERCIAL,995883018.4548388
Montréal,2019-02-01,COMMERCIAL,978074539.9209679
Montréal,2019-02-01,INSTITUTIONNEL,254874961.8
Montréal,2019-02-01,RÉSIDENTIEL,1879855614.0
Montréal,2019-03-01,INSTITUTIONNEL,261542207.99999997
Montréal,2019-04-01,COMMERCIAL,824222961.1333333
Montréal,2019-05-01,COMMERCIAL,784904474.9795699
Montréal,2019-06-01,COMMERCIAL,774832085.6870968
Montréal,2019-07-01,AGRICOLE,597892.0
Montréal,2019-07-01,INSTITUTIONNEL,212850275.9
Montréal,2019-08-01,AGRICOLE,594100.0
Montréal,2019-08-01,RÉSIDENTIEL,635863573.0
Montréal,2019-09-01,INSTITUTIONNEL,199725116.5
Montréal,2019-10-01,COMMERCIAL,787698028.8107526
Montréal,2019-10-01,INDUSTRIEL,315933097.1338625
Montréal,2019-11-01,AGRICOLE,922232.0
Montréal,2019-11-01,INDUSTRIEL,327991057.0253708
Montréal,2019-11-01,INSTITUTIONNEL,241542974.6
Montréal,2020-02-01,AGRICOLE,1002074.0
Montréal,2020-04-01,AGRICOLE,776170.0
Montréal,2020-04-01,COMMERCIAL,708035493.9000001
Montréal,2020-05-01,INDUSTRIEL,286802910.1792341
Montréal,2020-06-01,AGRICOLE,735229.0
Montréal,2020-07-01,AGRICOLE,814435.0
Montréal,2020-08-01,INDUSTRIEL,324190904.93360794
Montréal,2020-09-01,COMMERCIAL,712856874.280645
Montréal,2020-09-01,RÉSIDENTIEL,598212858.0
Montréal,2020-10-01,INSTITUTIONNEL,201746549.3
Montréal,2020-11-01,INSTITUTIONNEL,211068091.39999998
Montréal,2020-12-01,INDUSTRIEL,324581803.80173486
Montréal,2020-12-01,RÉSIDENTIEL,1722756082.0
Montréal,2021-01-01,INDUSTRIEL,335591875.9346591
Montréal,2021-02-01,RÉSIDENTIEL,1782937130.0
Montréal,2021-03-01,COMMERCIAL,891519569.5
Montréal,2021-04-01,AGRICOLE,1013506.0
Montréal,2021-04-01,RÉSIDENTIEL,914470710.0
Montréal,2021-06-01,COMMERCIAL,780509164.5422428
Montréal,2021-06-01,INDUSTRIEL,322543467.61939555
Montréal,2021-07-01,AGRICOLE,1120671.0
Montréal,2021-07-01,INSTITUTIONNEL,192168164.79999998
Montréal,2021-07-01,RÉSIDENTIEL,664727733.0
Montréal,2021-08-01,COMMERCIAL,857573968.7064518
Montréal,2021-08-01,INSTITUTIONNEL,205127763.5
Montréal,2021-08-01,RÉSIDENTIEL,733875658.0
Montréal,2021-09-01,INDUSTRIEL,316646150.34341055
Montréal,2021-10-01,AGRICOLE,1133069.0
Montréal,2021-10-01,INDUSTRIEL,308031934.6077336
Montréal,2021-11-01,RÉSIDENTIEL,1218305167.0
Montréal,2022-01-01,COMMERCIAL,1095688729.2136626
Montréal,2022-01-01,INSTITUTIONNEL,274146537.59999996
Montréal,2022-02-01,INSTITUTIONNEL,244702844.60000002
Montréal,2022-03-01,COMMERCIAL,944863632.5428574
Montréal,2022-03-01,RÉSIDENTIEL,1593490384.0
Montréal,2022-05-01,COMMERCIAL,779948662.2698925
Montréal,2022-05-01,INDUSTRIEL,300988727.21754616
Montréal,2022-06-01,INSTITUTIONNEL,189744844.20000002
Montréal,2022-07-01,RÉSIDENTIEL,685972444.0
Montréal,2022-08-01,INSTITUTIONNEL,202108345.1
Montréal,2022-08-01,RÉSIDENTIEL,670551546.0
Montréal,2022-09-01,AGRICOLE,1133008.0
Montréal,2022-10-01,RÉSIDENTIEL,748370794.0
Montréal,2022-11-01,RÉSIDENTIEL,1150738067.0
Montréal,2022-12-01,COMMERCIAL,946339460.7193549
Montréal,2022-12-01,INSTITUTIONNEL,249627292.3
Montréal,2023-01-01,INSTITUTIONNEL,256786057.5
Montréal,2023-02-01,COMMERCIAL,934906187.5592165
Montréal,2023-02-01,RÉSIDENTIEL,1798335102.0
Montréal,2023-05-01,COMMERCIAL,765590235.0553764
Montréal,2023-05-01,RÉSIDENTIEL,705454755.0
Montréal,2023-06-01,COMMERCIAL,768728322.5612903
Montréal,2023-07-01,INSTITUTIONNEL,201661817.5
Montréal,2023-08-01,COMMERCIAL,800772746.532258
Montréal,2023-08-01,RÉSIDENTIEL,630559002.0
Montréal,2023-09-01,AGRICOLE,1291951.0
Montréal,2023-09-01,COMMERCIAL,763597667.2623655
Montréal,2023-10-01,COMMERCIAL,766533727.9892472
Montréal,2023-10-01,RÉSIDENTIEL,728408668.0
Montréal,2023-11-01,AGRICOLE,1556642.0
Montréal,2023-11-01,INSTITUTIONNEL,223246940.9
Montréal,2023-12-01,AGRICOLE,1726212.0
Montréal,2023-12-01,COMMERCIAL,933058917.6258065
Montréal,2023-12-01,INDUSTRIEL,319886199.4681113
Montréal,2023-12-01,INSTITUTIONNEL,242174265.09999996
Montérégie,2016-01-01,AGRICOLE,45808674.0
Montérégie,2016-01-01,COMMERCIAL,387680497.4
Montérégie,2016-02-01,INSTITUTIONNEL,130694830.76106785
Montérégie,2016-03-01,RÉSIDENTIEL,1186962396.0
Montérégie,2016-04-01,AGRICOLE,34617870.0
Montérégie,2016-04-01,INDUSTRIEL,912637501.7399782
Montérégie,2016-06-01,COMMERCIAL,295346667.3
Montérégie,2016-06-01,INSTITUTIONNEL,95146255.94382802
Montérégie,2016-07-01,AGRICOLE,33660167.0
Montérégie,2016-07-01,INDUSTRIEL,733612315.6604762
Montérégie,2016-08-01,AGRICOLE,35808618.0
Montérégie,2016-08-01,RÉSIDENTIEL,647928505.0
Montérégie,2016-09-01,INSTITUTIONNEL,97781076.81410706
Montérégie,2016-09-01,RÉSIDENTIEL,548951676.0
Montérégie,2016-10-01,RÉSIDENTIEL,678096028.0
Montérégie,2016-11-01,AGRICOLE,42647914.0
Montérégie,2016-11-01,COMMERCIAL,316715204.9
Montérégie,2016-11-01,INDUSTRIEL,766735978.1799976
Montérégie,2016-12-01,INDUSTRIEL,721412600.7934347
Montérégie,2017-01-01,INSTITUTIONNEL,135859462.39148113
Montérégie,2017-02-01,INDUSTRIEL,722520614.2737635
Montérégie,2017-03-01,INDUSTRIEL,790072301.0525323
Montérégie,2017-03-01,INSTITUTIONNEL,133917294.6
Montérégie,2017-04-01,COMMERCIAL,298421075.1
Montérégie,2017-04-01,INSTITUTIONNEL,106809605.54
Montérégie,2017-05-01,INDUSTRIEL,775672527.6429468
Montérégie,2017-06-01,COMMERCIAL,295929848.6
Montérégie,2017-07-01,INDUSTRIEL,760751608.07452
Montérégie,2017-07-01,INSTITUTIONNEL,95500940.26881722
Montérégie,2017-07-01,RÉSIDENTIEL,621647642.0
Montérégie,2017-08-01,COMMERCIAL,315611733.7
Montérégie,2017-09-01,COMMERCIAL,299293783.7
Montérégie,2017-09-01,INSTITUTIONNEL,98196540.90946236
Montérégie,2017-10-01,COMMERCIAL,294867844.5
Montérégie,2017-10-01,INSTITUTIONNEL,102475279.27574289
Montérégie,2017-11-01,AGRICOLE,49629002.0
Montérégie,2017-11-01,COMMERCIAL,339384506.79999995
Montérégie,2017-11-01,INDUSTRIEL,778854548.5526484
Montérégie,2017-12-01,INDUSTRIEL,764478277.7997223
Montérégie,2018-01-01,INDUSTRIEL,778130927.517229
Montérégie,2018-01-01,RÉSIDENTIEL,1734731055.0
Montérégie,2018-02-01,COMMERCIAL,361084562.1
Montérégie,2018-02-01,INDUSTRIEL,738866840.6583985
Montérégie,2018-03-01,COMMERCIAL,366591710.99999994
Montérégie,2018-04-01,AGRICOLE,39573805.0
Montérégie,2018-04-01,COMMERCIAL,331072477.1999999
Montérégie,2018-04-01,INSTITUTIONNEL,115252055.74896608
Montérégie,2018-05-01,AGRICOLE,32686788.0
Montérégie,2018-05-01,INDUSTRIEL,647912190.6237942
Montérégie,2018-06-01,AGRICOLE,32954347.0
Montérégie,2018-07-01,AGRICOLE,38175029.0
Montérégie,2018-08-01,COMMERCIAL,345207148.4
Montérégie,2018-08-01,INDUSTRIEL,729939466.3951614
Montérégie,2018-09-01,AGRICOLE,35291544.0
Montérégie,2018-09-01,INSTITUTIONNEL,100794941.2399015
Montérégie,2018-09-01,RÉSIDENTIEL,581565416.0
Montérégie,2018-11-01,AGRICOLE,50649043.0
Montérégie,2018-11-01,COMMERCIAL,367059490.90000004
Montérégie,2018-12-01,INDUSTRIEL,740805314.912931
Montérégie,2018-12-01,RÉSIDENTIEL,1497582926.0
Montérégie,2019-01-01,COMMERCIAL,444949374.59999996
Montérégie,2019-01-01,INDUSTRIEL,759425389.9388417
Montérégie,2019-01-01,RÉSIDENTIEL,1776399687.0
Montérégie,2019-02-01,INSTITUTIONNEL,139893126.64995563
Montérégie,2019-02-01,RÉSIDENTIEL,1503303118.0
Montérégie,2019-05-01,COMMERCIAL,309436544.70000005
Montérégie,2019-05-01,RÉSIDENTIEL,677965123.0
Montérégie,2019-06-01,AGRICOLE,32874017.0
Montérégie,2019-06-01,RÉSIDENTIEL,603329357.0
Montérégie,2019-07-01,INDUSTRIEL,770945705.2377139
Montérégie,2019-07-01,INSTITUTIONNEL,107375226.39666666
Montérégie,2019-07-01,RÉSIDENTIEL,691080810.0
Montérégie,2019-08-01,COMMERCIAL,330042849.9
Montérégie,2019-09-01,INDUSTRIEL,790567139.7004263
Montérégie,2019-10-01,INSTITUTIONNEL,113362253.4521727
Montérégie,2020-01-01,INDUSTRIEL,827091184.1129441
Montérégie,2020-01-01,INSTITUTIONNEL,148780107.34962112
Montérégie,2020-01-01,RÉSIDENTIEL,1532609254.0
Montérégie,2020-02-01,INSTITUTIONNEL,138261447.13
Montérégie,2020-03-01,AGRICOLE,46347398.0
Montérégie,2020-03-01,INDUSTRIEL,783622703.5672824
Montérégie,2020-03-01,RÉSIDENTIEL,1207767142.0
Montérégie,2020-04-01,RÉSIDENTIEL,962502127.0
Montérégie,2020-07-01,COMMERCIAL,341959921.09999996
Montérégie,2020-07-01,RÉSIDENTIEL,747897469.0
Montérégie,2020-08-01,COMMERCIAL,326241498.40000004
Montérégie,2020-08-01,INSTITUTIONNEL,100978984.84838709
Montérégie,2020-09-01,INSTITUTIONNEL,98068729.46086022
Montérégie,2020-10-01,AGRICOLE,45306757.0
Montérégie,2020-10-01,INSTITUTIONNEL,108995290.07784946
Montérégie,2020-10-01,RÉSIDENTIEL,739876501.0
Montérégie,2020-11-01,COMMERCIAL,337260075.59999996
Montérégie,2020-12-01,AGRICOLE,50553072.0
Montérégie,2020-12-01,INDUSTRIEL,744280646.2424433
Montérégie,2021-02-01,INSTITUTIONNEL,132751699.16574712
Montérégie,2021-03-01,COMMERCIAL,377775600.9
Montérégie,2021-03-01,INDUSTRIEL,798882995.6509215
Montérégie,2021-03-01,RÉSIDENTIEL,1251525116.0
Montérégie,2021-04-01,INDUSTRIEL,780852803.401575
Montérégie,2021-05-01,RÉSIDENTIEL,700087649.0
Montérégie,2021-06-01,INDUSTRIEL,725952700.7682834
Montérégie,2021-06-01,RÉSIDENTIEL,688036918.0
Montérégie,2021-07-01,AGRICOLE,38538766.0
Montérégie,2021-07-01,COMMERCIAL,334304311.29999995
Montérégie,2021-08-01,COMMERCIAL,358820610.0
Montérégie,2021-08-01,INSTITUTIONNEL,111842709.4483871
Montérégie,2021-08-01,RÉSIDENTIEL,739540317.0
Montérégie,2021-09-01,INDUSTRIEL,744893317.287048
Montérégie,2021-09-01,INSTITUTIONNEL,104005484.89354838
Montérégie,2021-09-01,RÉSIDENTIEL,591261223.0
Montérégie,2021-10-01,AGRICOLE,46359828.0
Montérégie,2021-10-01,INDUSTRIEL,704779823.387946
Montérégie,2021-11-01,INDUSTRIEL,669354882.6294458
Montérégie,2021-12-01,AGRICOLE,53065430.0
Montérégie,2021-12-01,INDUSTRIEL,743189357.0150534
Montérégie,2021-12-01,INSTITUTIONNEL,145968813.2387097
Montérégie,2021-12-01,RÉSIDENTIEL,1451984421.0
Montérégie,2022-01-01,AGRICOLE,61255964.0
Montérégie,2022-01-01,INSTITUTIONNEL,163651346.53025582
Montérégie,2022-02-01,COMMERCIAL,406873135.0
Montérégie,2022-03-01,INDUSTRIEL,768336904.4230906
Montérégie,2022-04-01,INDUSTRIEL,730408808.0154213
Montérégie,2022-04-01,RÉSIDENTIEL,926550451.0
Montérégie,2022-05-01,INSTITUTIONNEL,106484826.90075268
Montérégie,2022-05-01,RÉSIDENTIEL,679727821.0
Montérégie,2022-06-01,AGRICOLE,35890099.0
Montérégie,2022-06-01,INDUSTRIEL,728343397.3985049
Montérégie,2022-06-01,INSTITUTIONNEL,101002306.7292473
Montérégie,2022-07-01,COMMERCIAL,350899515.20000005
Montérégie,2022-08-01,AGRICOLE,40985106.0
Montérégie,2022-09-01,COMMERCIAL,320522856.1
Montérégie,2022-09-01,INSTITUTIONNEL,103935526.00215054
Montérégie,2022-09-01,RÉSIDENTIEL,616271096.0
Montérégie,2022-10-01,COMMERCIAL,326167329.7153846
Montérégie,2022-10-01,RÉSIDENTIEL,677697199.0
Montérégie,2022-11-01,AGRICOLE,50271270.0
Montérégie,2022-11-01,COMMERCIAL,360027517.4846154
Montérégie,2022-12-01,COMMERCIAL,407587872.4
Montérégie,2022-12-01,INDUSTRIEL,699981793.1881182
Montérégie,2022-12-01,RÉSIDENTIEL,1375722791.0
Montérégie,2023-01-01,AGRICOLE,55279832.0
Montérégie,2023-01-01,INDUSTRIEL,731539334.8508831
Montérégie,2023-02-01,COMMERCIAL,404294167.5
Montérégie,2023-02-01,RÉSIDENTIEL,1469268807.0
Montérégie,2023-03-01,COMMERCIAL,403343531.7000001
Montérégie,2023-04-01,INDUSTRIEL,713818749.8803241
Montérégie,2023-04-01,INSTITUTIONNEL,115704114.83
Montérégie,2023-04-01,RÉSIDENTIEL,855389168.0
Montérégie,2023-05-01,COMMERCIAL,336084805.29999995
Montérégie,2023-05-01,RÉSIDENTIEL,696188333.0
Montérégie,2023-07-01,COMMERCIAL,359408379.1
Montérégie,2023-07-01,RÉSIDENTIEL,736266699.0
Montérégie,2023-08-01,INDUSTRIEL,664379626.2961063
Montérégie,2023-08-01,INSTITUTIONNEL,108254702.65319137
Montérégie,2023-08-01,RÉSIDENTIEL,678310065.0
Montérégie,2023-09-01,COMMERCIAL,329446577.5
Montérégie,2023-11-01,INSTITUTIONNEL,133629903.1580645
Montérégie,2023-12-01,INDUSTRIEL,646109079.0401686
Montérégie,2023-12-01,RÉSIDENTIEL,1360175099.0
Nord-du-Québec,2016-01-01,COMMERCIAL,22696871.0
Nord-du-Québec,2016-02-01,INDUSTRIEL,47517564.36861472
Nord-du-Québec,2016-03-01,AGRICOLE,43240.0
Nord-du-Québec,2016-04-01,INDUSTRIEL,
Nord-du-Québec,2016-04-01,INSTITUTIONNEL,
Nord-du-Québec,2016-05-01,COMMERCIAL,
Nord-du-Québec,2016-05-01,INDUSTRIEL,
Nord-du-Québec,2016-05-01,INSTITUTIONNEL,
Nord-du-Québec,2016-05-01,RÉSIDENTIEL,
Nord-du-Québec,2016-06-01,INDUSTRIEL,39199355.94545455
Nord-du-Québec,2016-07-01,AGRICOLE,17494.0
Nord-du-Québec,2016-07-01,INDUSTRIEL,38754848.019999996
Nord-du-Québec,2016-07-01,RÉSIDENTIEL,15019751.0
Nord-du-Québec,2016-08-01,COMMERCIAL,12343578.0
Nord-du-Québec,2016-08-01,INDUSTRIEL,39284444.78
Nord-du-Québec,2016-08-01,INSTITUTIONNEL,18181559.1
Nord-du-Québec,2016-09-01,RÉSIDENTIEL,14162871.0
Nord-du-Québec,2016-10-01,COMMERCIAL,14753561.0
Nord-du-Québec,2016-10-01,INDUSTRIEL,40717169.6
Nord-du-Québec,2016-12-01,INSTITUTIONNEL,27417195.9
Nord-du-Québec,2017-01-01,AGRICOLE,46105.0
Nord-du-Québec,2017-01-01,COMMERCIAL,22155067.0
Nord-du-Québec,2017-02-01,RÉSIDENTIEL,34348483.0
Nord-du-Québec,2017-03-01,COMMERCIAL,22346326.0
Nord-du-Québec,2017-03-01,RÉSIDENTIEL,37519751.0
Nord-du-Québec,2017-04-01,AGRICOLE,32840.0
Nord-du-Québec,2017-05-01,INSTITUTIONNEL,23153975.4
Nord-du-Québec,2017-06-01,COMMERCIAL,12338189.0
Nord-du-Québec,2017-06-01,RÉSIDENTIEL,14879167.0
Nord-du-Québec,2017-08-01,AGRICOLE,14427.0
Nord-du-Québec,2017-08-01,COMMERCIAL,12420248.0
Nord-du-Québec,2017-08-01,INDUSTRIEL,41110398.6
Nord-du-Québec,2017-08-01,INSTITUTIONNEL,18424592.9
Nord-du-Québec,2017-10-01,INDUSTRIEL,43859211.0
Nord-du-Québec,2017-10-01,INSTITUTIONNEL,22053085.5
Nord-du-Québec,2017-11-01,AGRICOLE,
Nord-du-Québec,2017-11-01,RÉSIDENTIEL,
Nord-du-Québec,2017-12-01,COMMERCIAL,
Nord-du-Québec,2017-12-01,INDUSTRIEL,
Nord-du-Québec,2017-12-01,RÉSIDENTIEL,
Nord-du-Québec,2018-01-01,INDUSTRIEL,
Nord-du-Québec,2018-01-01,INSTITUTIONNEL,
Nord-du-Québec,2018-01-01,RÉSIDENTIEL,
Nord-du-Québec,2018-02-01,AGRICOLE,
Nord-du-Québec,2018-03-01,AGRICOLE,
Nord-du-Québec,2018-03-01,INDUSTRIEL,
Nord-du-Québec,2018-03-01,INSTITUTIONNEL,
Nord-du-Québec,2018-04-01,AGRICOLE,
Nord-du-Québec,2018-05-01,RÉSIDENTIEL,
Nord-du-Québec,2018-06-01,AGRICOLE,
Nord-du-Québec,2018-06-01,COMMERCIAL,
Nord-du-Québec,2018-06-01,INDUSTRIEL,
Nord-du-Québec,2018-06-01,INSTITUTIONNEL,
Nord-du-Québec,2018-06-01,RÉSIDENTIEL,
Nord-du-Québec,2018-07-01,AGRICOLE,
Nord-du-Québec,2018-07-01,COMMERCIAL,
Nord-du-Québec,2018-07-01,INSTITUTIONNEL,
Nord-du-Québec,2018-08-01,AGRICOLE,
Nord-du-Québec,2018-08-01,INDUSTRIEL,
Nord-du-Québec,2018-08-01,RÉSIDENTIEL,
Nord-du-Québec,2018-09-01,INDUSTRIEL,
Nord-du-Québec,2018-10-01,AGRICOLE,
Nord-du-Québec,2018-10-01,INDUSTRIEL,
Nord-du-Québec,2018-10-01,INSTITUTIONNEL,
Nord-du-Québec,2018-11-01,COMMERCIAL,
Nord-du-Québec,2018-11-01,INDUSTRIEL,
Nord-du-Québec,2018-11-01,INSTITUTIONNEL,
Nord-du-Québec,2018-12-01,AGRICOLE,
Nord-du-Québec,2018-12-01,INDUSTRIEL,
Nord-du-Québec,2018-12-01,INSTITUTIONNEL,
Nord-du-Québec,2018-12-01,RÉSIDENTIEL,
Nord-du-Québec,2019-01-01,INSTITUTIONNEL,
Nord-du-Québec,2019-02-01,AGRICOLE,
Nord-du-Québec,2019-02-01,INDUSTRIEL,
Nord-du-Québec,2019-03-01,RÉSIDENTIEL,
Nord-du-Québec,2019-04-01,AGRICOLE,
Nord-du-Québec,2019-04-01,COMMERCIAL,
Nord-du-Québec,2019-05-01,AGRICOLE,24136.0
Nord-du-Québec,2019-05-01,RÉSIDENTIEL,22437263.0
Nord-du-Québec,2019-06-01,INDUSTRIEL,43479546.599999994
Nord-du-Québec,2019-06-01,INSTITUTIONNEL,19380235.7
Nord-du-Québec,2019-07-01,COMMERCIAL,12221935.0
Nord-du-Québec,2019-07-01,INSTITUTIONNEL,17634520.0
Nord-du-Québec,2019-07-01,RÉSIDENTIEL,15074165.0
Nord-du-Québec,2019-09-01,INDUSTRIEL,44140174.900000006
Nord-du-Québec,2019-09-01,INSTITUTIONNEL,18598404.2
Nord-du-Québec,2019-09-01,RÉSIDENTIEL,15555176.0
Nord-du-Québec,2019-10-01,AGRICOLE,19293.0
Nord-du-Québec,2019-10-01,RÉSIDENTIEL,21501855.0
Nord-du-Québec,2019-12-01,AGRICOLE,
Nord-du-Québec,2020-01-01,COMMERCIAL,
Nord-du-Québec,2020-02-01,INDUSTRIEL,
Nord-du-Québec,2020-02-01,RÉSIDENTIEL,
Nord-du-Québec,2020-03-01,AGRICOLE,44719.0
Nord-du-Québec,2020-03-01,INDUSTRIEL,46074879.0
Nord-du-Québec,2020-04-01,AGRICOLE,33619.0
Nord-du-Québec,2020-04-01,COMMERCIAL,16335431.0
Nord-du-Québec,2020-05-01,AGRICOLE,22771.0
Nord-du-Québec,2020-05-01,INSTITUTIONNEL,20980787.8
Nord-du-Québec,2020-06-01,INDUSTRIEL,34817273.199999996
Nord-du-Québec,2020-07-01,RÉSIDENTIEL,15946789.0
Nord-du-Québec,2020-08-01,COMMERCIAL,11706822.0
Nord-du-Québec,2020-08-01,INDUSTRIEL,39147313.2
Nord-du-Québec,2020-09-01,INDUSTRIEL,
Nord-du-Québec,2020-09-01,RÉSIDENTIEL,
Nord-du-Québec,2020-10-01,AGRICOLE,478680.0
Nord-du-Québec,2020-10-01,COMMERCIAL,16174771.0
Nord-du-Québec,2020-11-01,AGRICOLE,707872.0
Nord-du-Québec,2020-11-01,INSTITUTIONNEL,23732532.9
Nord-du-Québec,2020-12-01,AGRICOLE,
Nord-du-Québec,2021-01-01,AGRICOLE,739332.0
Nord-du-Québec,2021-01-01,INSTITUTIONNEL,27359504.1
Nord-du-Québec,2021-01-01,RÉSIDENTIEL,38460670.0
Nord-du-Québec,2021-02-01,INSTITUTIONNEL,25600394.6
Nord-du-Québec,2021-03-01,INDUSTRIEL,64820231.6
Nord-du-Québec,2021-03-01,RÉSIDENTIEL,37028449.0
Nord-du-Québec,2021-04-01,COMMERCIAL,16222827.0
Nord-du-Québec,2021-06-01,COMMERCIAL,11864049.0
Nord-du-Québec,2021-06-01,RÉSIDENTIEL,15697746.0
Nord-du-Québec,2021-07-01,COMMERCIAL,11590847.0
Nord-du-Québec,2021-07-01,INSTITUTIONNEL,17419381.5
Nord-du-Québec,2021-07-01,RÉSIDENTIEL,14975036.0
Nord-du-Québec,2021-08-01,COMMERCIAL,12446925.0
Nord-du-Québec,2021-08-01,INSTITUTIONNEL,17834110.5
Nord-du-Québec,2021-08-01,RÉSIDENTIEL,14321760.0
Nord-du-Québec,2021-10-01,COMMERCIAL,13906202.0
Nord-du-Québec,2021-11-01,AGRICOLE,78538.0
Nord-du-Québec,2022-01-01,AGRICOLE,117413.0
Nord-du-Québec,2022-01-01,RÉSIDENTIEL,48191411.0
Nord-du-Québec,2022-02-01,AGRICOLE,
Nord-du-Québec,2022-02-01,COMMERCIAL,
Nord-du-Québec,2022-02-01,INDUSTRIEL,
Nord-du-Québec,2022-03-01,AGRICOLE,91661.0
Nord-du-Québec,2022-03-01,COMMERCIAL,22608015.0
Nord-du-Québec,2022-03-01,INDUSTRIEL,73743523.7
Nord-du-Québec,2022-03-01,INSTITUTIONNEL,28168065.3
Nord-du-Québec,2022-05-01,AGRICOLE,54751.0
Nord-du-Québec,2022-05-01,INDUSTRIEL,65041151.4
Nord-du-Québec,2022-05-01,RÉSIDENTIEL,19540994.0
Nord-du-Québec,2022-06-01,COMMERCIAL,12312551.0
Nord-du-Québec,2022-06-01,INSTITUTIONNEL,18842924.4
Nord-du-Québec,2022-07-01,AGRICOLE,
Nord-du-Québec,2022-07-01,RÉSIDENTIEL,
Nord-du-Québec,2022-08-01,COMMERCIAL,12165278.0
Nord-du-Québec,2022-08-01,INDUSTRIEL,48669974.9
Nord-du-Québec,2022-09-01,AGRICOLE,
Nord-du-Québec,2022-09-01,COMMERCIAL,
Nord-du-Québec,2022-09-01,INDUSTRIEL,
Nord-du-Québec,2022-09-01,INSTITUTIONNEL,
Nord-du-Québec,2022-10-01,AGRICOLE,
Nord-du-Québec,2022-10-01,COMMERCIAL,
Nord-du-Québec,2022-10-01,INDUSTRIEL,
Nord-du-Québec,2022-10-01,INSTITUTIONNEL,
Nord-du-Québec,2022-10-01,RÉSIDENTIEL,
Nord-du-Québec,2022-11-01,AGRICOLE,76743.0
Nord-du-Québec,2022-11-01,COMMERCIAL,19357290.0
Nord-du-Québec,2022-11-01,INDUSTRIEL,60014386.39999999
Nord-du-Québec,2022-11-01,INSTITUTIONNEL,24606885.1
Nord-du-Québec,2022-11-01,RÉSIDENTIEL,29340436.0
Nord-du-Québec,2022-12-01,COMMERCIAL,22587379.0
Nord-du-Québec,2022-12-01,RÉSIDENTIEL,37381750.0
Nord-du-Québec,2023-01-01,INSTITUTIONNEL,28890305.8
Nord-du-Québec,2023-01-01,RÉSIDENTIEL,40793745.0
Nord-du-Québec,2023-03-01,INDUSTRIEL,61256449.4
Nord-du-Québec,2023-03-01,INSTITUTIONNEL,27475591.3
Nord-du-Québec,2023-05-01,AGRICOLE,
Nord-du-Québec,2023-05-01,INSTITUTIONNEL,
Nord-du-Québec,2023-05-01,RÉSIDENTIEL,
Nord-du-Québec,2023-06-01,COMMERCIAL,
Nord-du-Québec,2023-07-01,COMMERCIAL,11861934.0
Nord-du-Québec,2023-07-01,INSTITUTIONNEL,18336861.3
Nord-du-Québec,2023-08-01,INSTITUTIONNEL,
Nord-du-Québec,2023-10-01,COMMERCIAL,14939433.0
Nord-du-Québec,2023-10-01,INDUSTRIEL,56548260.49999999
Nord-du-Québec,2023-11-01,COMMERCIAL,21239457.0
Nord-du-Québec,2023-11-01,RÉSIDENTIEL,32010057.0
Nord-du-Québec,2023-12-01,COMMERCIAL,22902224.0
Outaouais,2016-01-01,AGRICOLE,
Outaouais,2016-01-01,INDUSTRIEL,
Outaouais,2016-02-01,RÉSIDENTIEL,
Outaouais,2016-06-01,INSTITUTIONNEL,
Outaouais,2016-07-01,COMMERCIAL,
Outaouais,2016-08-01,COMMERCIAL,
Outaouais,2016-09-01,AGRICOLE,
Outaouais,2016-09-01,COMMERCIAL,
Outaouais,2016-10-01,COMMERCIAL,
Outaouais,2016-10-01,INSTITUTIONNEL,
Outaouais,2016-12-01,COMMERCIAL,
Outaouais,2016-12-01,INDUSTRIEL,
Outaouais,2016-12-01,INSTITUTIONNEL,
Outaouais,2017-01-01,COMMERCIAL,
Outaouais,2017-01-01,INSTITUTIONNEL,
Outaouais,2017-01-01,RÉSIDENTIEL,
Outaouais,2017-02-01,AGRICOLE,
Outaouais,2017-02-01,INDUSTRIEL,
Outaouais,2017-02-01,RÉSIDENTIEL,
Outaouais,2017-04-01,AGRICOLE,
Outaouais,2017-04-01,COMMERCIAL,
Outaouais,2017-04-01,INDUSTRIEL,
Outaouais,2017-05-01,INDUSTRIEL,
Outaouais,2017-05-01,INSTITUTIONNEL,
Outaouais,2017-05-01,RÉSIDENTIEL,
Outaouais,2017-06-01,INDUSTRIEL,
Outaouais,2017-07-01,AGRICOLE,
Outaouais,2017-08-01,COMMERCIAL,
Outaouais,2017-08-01,INSTITUTIONNEL,
Outaouais,2017-09-01,INDUSTRIEL,
Outaouais,2017-10-01,AGRICOLE,
Outaouais,2017-10-01,RÉSIDENTIEL,
Outaouais,2017-11-01,COMMERCIAL,
Outaouais,2017-12-01,RÉSIDENTIEL,
Outaouais,2018-01-01,COMMERCIAL,
Outaouais,2018-01-01,INDUSTRIEL,
Outaouais,2018-02-01,RÉSIDENTIEL,
Outaouais,2018-03-01,COMMERCIAL,
Outaouais,2018-03-01,RÉSIDENTIEL,
Outaouais,2018-04-01,INSTITUTIONNEL,
Outaouais,2018-08-01,INDUSTRIEL,
Outaouais,2018-08-01,INSTITUTIONNEL,
Outaouais,2018-09-01,AGRICOLE,
Outaouais,2018-10-01,INDUSTRIEL,
Outaouais,2018-11-01,AGRICOLE,
Outaouais,2018-11-01,COMMERCIAL,
Outaouais,2018-11-01,INSTITUTIONNEL,
Outaouais,2018-11-01,RÉSIDENTIEL,
Outaouais,2018-12-01,COMMERCIAL,
Outaouais,2018-12-01,INSTITUTIONNEL,
Outaouais,2019-01-01,AGRICOLE,
Outaouais,2019-02-01,AGRICOLE,
Outaouais,2019-03-01,AGRICOLE,
Outaouais,2019-03-01,COMMERCIAL,
Outaouais,2019-04-01,INDUSTRIEL,
Outaouais,2019-04-01,RÉSIDENTIEL,
Outaouais,2019-05-01,COMMERCIAL,
Outaouais,2019-05-01,INSTITUTIONNEL,
Outaouais,2019-05-01,RÉSIDENTIEL,
Outaouais,2019-06-01,AGRICOLE,
Outaouais,2019-06-01,COMMERCIAL,
Outaouais,2019-06-01,INDUSTRIEL,
Outaouais,2019-07-01,INSTITUTIONNEL,
Outaouais,2019-07-01,RÉSIDENTIEL,
Outaouais,2019-08-01,AGRICOLE,
Outaouais,2019-08-01,COMMERCIAL,
Outaouais,2019-08-01,INDUSTRIEL,
Outaouais,2019-10-01,COMMERCIAL,74970024.00258064
Outaouais,2019-10-01,INDUSTRIEL,204266208.99999997
Outaouais,2019-11-01,RÉSIDENTIEL,
Outaouais,2019-12-01,INSTITUTIONNEL,
Outaouais,2020-01-01,AGRICOLE,
Outaouais,2020-02-01,COMMERCIAL,
Outaouais,2020-04-01,INSTITUTIONNEL,
Outaouais,2020-05-01,INSTITUTIONNEL,
Outaouais,2020-05-01,RÉSIDENTIEL,
Outaouais,2020-06-01,COMMERCIAL,
Outaouais,2020-07-01,COMMERCIAL,
Outaouais,2020-07-01,INDUSTRIEL,
Outaouais,2020-07-01,INSTITUTIONNEL,
Outaouais,2020-07-01,RÉSIDENTIEL,
Outaouais,2020-08-01,AGRICOLE,
Outaouais,2020-08-01,COMMERCIAL,
Outaouais,2020-08-01,RÉSIDENTIEL,
Outaouais,2020-09-01,AGRICOLE,
Outaouais,2020-09-01,RÉSIDENTIEL,
Outaouais,2020-10-01,INDUSTRIEL,
Outaouais,2020-11-01,RÉSIDENTIEL,
Outaouais,2020-12-01,COMMERCIAL,
Outaouais,2020-12-01,INDUSTRIEL,
Outaouais,2021-01-01,INDUSTRIEL,
Outaouais,2021-01-01,RÉSIDENTIEL,
Outaouais,2021-02-01,INSTITUTIONNEL,
Outaouais,2021-03-01,COMMERCIAL,
Outaouais,2021-03-01,INDUSTRIEL,
Outaouais,2021-03-01,INSTITUTIONNEL,
Outaouais,2021-04-01,COMMERCIAL,
Outaouais,2021-04-01,RÉSIDENTIEL,
Outaouais,2021-05-01,INDUSTRIEL,
Outaouais,2021-05-01,RÉSIDENTIEL,
Outaouais,2021-06-01,COMMERCIAL,
Outaouais,2021-06-01,INSTITUTIONNEL,
Outaouais,2021-07-01,AGRICOLE,
Outaouais,2021-07-01,INDUSTRIEL,
Outaouais,2021-09-01,INDUSTRIEL,193659261.9
Outaouais,2021-09-01,RÉSIDENTIEL,156631097.0
Outaouais,2021-10-01,AGRICOLE,3637865.0
Outaouais,2021-11-01,INDUSTRIEL,
Outaouais,2021-11-01,INSTITUTIONNEL,
Outaouais,2021-12-01,COMMERCIAL,
Outaouais,2021-12-01,INDUSTRIEL,
Outaouais,2021-12-01,RÉSIDENTIEL,
Outaouais,2022-01-01,INDUSTRIEL,
Outaouais,2022-03-01,AGRICOLE,
Outaouais,2022-03-01,INDUSTRIEL,
Outaouais,2022-03-01,INSTITUTIONNEL,
Outaouais,2022-03-01,RÉSIDENTIEL,
Outaouais,2022-04-01,INDUSTRIEL,
Outaouais,2022-04-01,INSTITUTIONNEL,
Outaouais,2022-05-01,AGRICOLE,
Outaouais,2022-05-01,COMMERCIAL,
Outaouais,2022-05-01,INDUSTRIEL,
Outaouais,2022-06-01,INDUSTRIEL,
Outaouais,2022-06-01,INSTITUTIONNEL,
Outaouais,2022-07-01,COMMERCIAL,
Outaouais,2022-07-01,INSTITUTIONNEL,
Outaouais,2022-08-01,COMMERCIAL,
Outaouais,2022-08-01,INSTITUTIONNEL,
Outaouais,2022-08-01,RÉSIDENTIEL,
Outaouais,2022-09-01,AGRICOLE,
Outaouais,2022-09-01,COMMERCIAL,
Outaouais,2022-09-01,INDUSTRIEL,
Outaouais,2022-09-01,INSTITUTIONNEL,
Outaouais,2022-09-01,RÉSIDENTIEL,
Outaouais,2022-11-01,COMMERCIAL,
Outaouais,2023-01-01,COMMERCIAL,
Outaouais,2023-01-01,INDUSTRIEL,
Outaouais,2023-02-01,INDUSTRIEL,
Outaouais,2023-02-01,RÉSIDENTIEL,
Outaouais,2023-05-01,INDUSTRIEL,
Outaouais,2023-05-01,INSTITUTIONNEL,
Outaouais,2023-06-01,AGRICOLE,
Outaouais,2023-07-01,AGRICOLE,
Outaouais,2023-08-01,AGRICOLE,
Outaouais,2023-08-01,INDUSTRIEL,
Outaouais,2023-09-01,INSTITUTIONNEL,
Outaouais,2023-10-01,COMMERCIAL,
Outaouais,2023-11-01,INDUSTRIEL,
Outaouais,2023-12-01,AGRICOLE,
Outaouais,2023-12-01,COMMERCIAL,
Outaouais,2023-12-01,INSTITUTIONNEL,
Saguenay--Lac-Saint-Jean,2016-01-01,COMMERCIAL,70958224.0
Saguenay--Lac-Saint-Jean,2016-01-01,INSTITUTIONNEL,121562508.23115757
Saguenay--Lac-Saint-Jean,2016-02-01,INDUSTRIEL,156104877.2522156
Saguenay--Lac-Saint-Jean,2016-03-01,AGRICOLE,7909171.0
Saguenay--Lac-Saint-Jean,2016-03-01,INDUSTRIEL,291263519.93891627
Saguenay--Lac-Saint-Jean,2016-04-01,INSTITUTIONNEL,87069681.13624999
Saguenay--Lac-Saint-Jean,2016-05-01,INDUSTRIEL,175069084.6921659
Saguenay--Lac-Saint-Jean,2016-05-01,RÉSIDENTIEL,122813078.0
Saguenay--Lac-Saint-Jean,2016-06-01,AGRICOLE,5474290.0
Saguenay--Lac-Saint-Jean,2016-06-01,INSTITUTIONNEL,56349581.87883315
Saguenay--Lac-Saint-Jean,2016-07-01,COMMERCIAL,46863631.0
Saguenay--Lac-Saint-Jean,2016-08-01,AGRICOLE,6153443.0
Saguenay--Lac-Saint-Jean,2016-08-01,COMMERCIAL,49528181.0
Saguenay--Lac-Saint-Jean,2016-08-01,INDUSTRIEL,167363648.89631337
Saguenay--Lac-Saint-Jean,2016-09-01,AGRICOLE,6274424.0
Saguenay--Lac-Saint-Jean,2016-09-01,COMMERCIAL,45857616.0
Saguenay--Lac-Saint-Jean,2016-09-01,INSTITUTIONNEL,58357715.51350807
Saguenay--Lac-Saint-Jean,2016-10-01,AGRICOLE,7104588.0
Saguenay--Lac-Saint-Jean,2016-10-01,INSTITUTIONNEL,73610788.1405242
Saguenay--Lac-Saint-Jean,2016-10-01,RÉSIDENTIEL,136285406.0
Saguenay--Lac-Saint-Jean,2016-11-01,INDUSTRIEL,132075312.79737902
Saguenay--Lac-Saint-Jean,2016-12-01,AGRICOLE,8656640.0
Saguenay--Lac-Saint-Jean,2016-12-01,INDUSTRIEL,157405152.80967742
Saguenay--Lac-Saint-Jean,2016-12-01,INSTITUTIONNEL,118661294.96990207
Saguenay--Lac-Saint-Jean,2016-12-01,RÉSIDENTIEL,265150996.0
Saguenay--Lac-Saint-Jean,2017-01-01,COMMERCIAL,76059697.7
Saguenay--Lac-Saint-Jean,2017-01-01,INDUSTRIEL,159911775.3672811
Saguenay--Lac-Saint-Jean,2017-02-01,AGRICOLE,8163434.0
Saguenay--Lac-Saint-Jean,2017-02-01,INDUSTRIEL,129068173.95161292
Saguenay--Lac-Saint-Jean,2017-02-01,INSTITUTIONNEL,106902932.42677131
Saguenay--Lac-Saint-Jean,2017-03-01,INSTITUTIONNEL,111078401.31919642
Saguenay--Lac-Saint-Jean,2017-04-01,INDUSTRIEL,192952075.344375
Saguenay--Lac-Saint-Jean,2017-06-01,AGRICOLE,5595683.0
Saguenay--Lac-Saint-Jean,2017-06-01,RÉSIDENTIEL,100545935.0
Saguenay--Lac-Saint-Jean,2017-08-01,AGRICOLE,6002689.0
Saguenay--Lac-Saint-Jean,2017-08-01,INDUSTRIEL,195668261.65557602
Saguenay--Lac-Saint-Jean,2017-09-01,COMMERCIAL,47510616.5
Saguenay--Lac-Saint-Jean,2017-10-01,AGRICOLE,7263654.0
Saguenay--Lac-Saint-Jean,2017-10-01,COMMERCIAL,50616393.8
Saguenay--Lac-Saint-Jean,2017-11-01,INDUSTRIEL,140192926.75835776
Saguenay--Lac-Saint-Jean,2017-12-01,COMMERCIAL,79396953.6
Saguenay--Lac-Saint-Jean,2017-12-01,INDUSTRIEL,130223614.38754356
Saguenay--Lac-Saint-Jean,2018-01-01,COMMERCIAL,84168314.3
Saguenay--Lac-Saint-Jean,2018-01-01,INDUSTRIEL,136827257.99457625
Saguenay--Lac-Saint-Jean,2018-03-01,COMMERCIAL,64662244.8
Saguenay--Lac-Saint-Jean,2018-03-01,INSTITUTIONNEL,103403680.58526786
Saguenay--Lac-Saint-Jean,2018-03-01,RÉSIDENTIEL,211754310.0
Saguenay--Lac-Saint-Jean,2018-04-01,RÉSIDENTIEL,182019782.0
Saguenay--Lac-Saint-Jean,2018-05-01,AGRICOLE,6266203.0
Saguenay--Lac-Saint-Jean,2018-05-01,COMMERCIAL,51377996.3
Saguenay--Lac-Saint-Jean,2018-05-01,INSTITUTIONNEL,69363158.07629032
Saguenay--Lac-Saint-Jean,2018-07-01,COMMERCIAL,52943367.0
Saguenay--Lac-Saint-Jean,2018-08-01,AGRICOLE,6187032.0
Saguenay--Lac-Saint-Jean,2018-08-01,INSTITUTIONNEL,59594648.505665414
Saguenay--Lac-Saint-Jean,2018-08-01,RÉSIDENTIEL,99170043.0
Saguenay--Lac-Saint-Jean,2018-09-01,AGRICOLE,6477528.0
Saguenay--Lac-Saint-Jean,2018-09-01,INSTITUTIONNEL,62475094.4783871
Saguenay--Lac-Saint-Jean,2018-10-01,INDUSTRIEL,103152752.7634472
Saguenay--Lac-Saint-Jean,2018-11-01,AGRICOLE,8363684.0
Saguenay--Lac-Saint-Jean,2018-11-01,COMMERCIAL,70968380.1
Saguenay--Lac-Saint-Jean,2018-11-01,RÉSIDENTIEL,215950769.0
Saguenay--Lac-Saint-Jean,2019-01-01,AGRICOLE,10357303.0
Saguenay--Lac-Saint-Jean,2019-01-01,INSTITUTIONNEL,135521830.4223347
Saguenay--Lac-Saint-Jean,2019-02-01,INSTITUTIONNEL,119171085.20164283
Saguenay--Lac-Saint-Jean,2019-02-01,RÉSIDENTIEL,267757704.0
Saguenay--Lac-Saint-Jean,2019-03-01,RÉSIDENTIEL,237041372.0
Saguenay--Lac-Saint-Jean,2019-04-01,AGRICOLE,7127389.0
Saguenay--Lac-Saint-Jean,2019-04-01,INSTITUTIONNEL,87648664.6825
Saguenay--Lac-Saint-Jean,2019-05-01,INDUSTRIEL,214987092.38274688
Saguenay--Lac-Saint-Jean,2019-05-01,RÉSIDENTIEL,136424507.0
Saguenay--Lac-Saint-Jean,2019-06-01,INSTITUTIONNEL,57572444.49442204
Saguenay--Lac-Saint-Jean,2019-07-01,AGRICOLE,6268188.0
Saguenay--Lac-Saint-Jean,2019-08-01,AGRICOLE,6022593.0
Saguenay--Lac-Saint-Jean,2019-09-01,AGRICOLE,6531229.0
Saguenay--Lac-Saint-Jean,2019-09-01,INDUSTRIEL,214097142.5040332
Saguenay--Lac-Saint-Jean,2019-10-01,AGRICOLE,7953715.0
Saguenay--Lac-Saint-Jean,2019-10-01,COMMERCIAL,57021742.9
Saguenay--Lac-Saint-Jean,2019-10-01,RÉSIDENTIEL,141450834.0
Saguenay--Lac-Saint-Jean,2019-11-01,COMMERCIAL,69740232.3
Saguenay--Lac-Saint-Jean,2019-11-01,INSTITUTIONNEL,96788908.29475807
Saguenay--Lac-Saint-Jean,2019-12-01,AGRICOLE,9632559.0
Saguenay--Lac-Saint-Jean,2019-12-01,RÉSIDENTIEL,275976641.0
Saguenay--Lac-Saint-Jean,2020-01-01,INSTITUTIONNEL,124465580.46008062
Saguenay--Lac-Saint-Jean,2020-02-01,AGRICOLE,9088150.0
Saguenay--Lac-Saint-Jean,2020-02-01,COMMERCIAL,74680304.5
Saguenay--Lac-Saint-Jean,2020-02-01,INSTITUTIONNEL,113152571.19368742
Saguenay--Lac-Saint-Jean,2020-02-01,RÉSIDENTIEL,255228455.0
Saguenay--Lac-Saint-Jean,2020-03-01,RÉSIDENTIEL,231114879.0
Saguenay--Lac-Saint-Jean,2020-04-01,INSTITUTIONNEL,80503456.565
Saguenay--Lac-Saint-Jean,2020-04-01,RÉSIDENTIEL,182121274.0
Saguenay--Lac-Saint-Jean,2020-05-01,COMMERCIAL,47362645.3
Saguenay--Lac-Saint-Jean,2020-06-01,AGRICOLE,5887117.0
Saguenay--Lac-Saint-Jean,2020-06-01,COMMERCIAL,46957874.2
Saguenay--Lac-Saint-Jean,2020-07-01,AGRICOLE,6164581.0
Saguenay--Lac-Saint-Jean,2020-07-01,INDUSTRIEL,277200054.07859445
Saguenay--Lac-Saint-Jean,2020-08-01,INDUSTRIEL,172127110.9110599
Saguenay--Lac-Saint-Jean,2020-08-01,INSTITUTIONNEL,56950303.2546115
Saguenay--Lac-Saint-Jean,2020-09-01,AGRICOLE,6806115.0
Saguenay--Lac-Saint-Jean,2020-09-01,RÉSIDENTIEL,108153472.0
Saguenay--Lac-Saint-Jean,2020-11-01,AGRICOLE,8187543.0
Saguenay--Lac-Saint-Jean,2020-11-01,INDUSTRIEL,102965832.17380565
Saguenay--Lac-Saint-Jean,2020-12-01,AGRICOLE,9192463.0
Saguenay--Lac-Saint-Jean,2021-02-01,RÉSIDENTIEL,254718477.0
Saguenay--Lac-Saint-Jean,2021-03-01,RÉSIDENTIEL,235856185.0
Saguenay--Lac-Saint-Jean,2021-04-01,INDUSTRIEL,264628592.22817206
Saguenay--Lac-Saint-Jean,2021-04-01,INSTITUTIONNEL,74745034.33083335
Saguenay--Lac-Saint-Jean,2021-05-01,COMMERCIAL,51604466.3
Saguenay--Lac-Saint-Jean,2021-05-01,INDUSTRIEL,339983578.31228876
Saguenay--Lac-Saint-Jean,2021-09-01,COMMERCIAL,55107790.7
Saguenay--Lac-Saint-Jean,2021-09-01,INDUSTRIEL,503929462.14869434
Saguenay--Lac-Saint-Jean,2021-10-01,COMMERCIAL,60891005.4
Saguenay--Lac-Saint-Jean,2021-11-01,INDUSTRIEL,494636652.3493548
Saguenay--Lac-Saint-Jean,2021-12-01,AGRICOLE,9767414.0
Saguenay--Lac-Saint-Jean,2022-01-01,AGRICOLE,11200232.0
Saguenay--Lac-Saint-Jean,2022-01-01,INSTITUTIONNEL,143419146.76629588
Saguenay--Lac-Saint-Jean,2022-02-01,COMMERCIAL,90967810.5
Saguenay--Lac-Saint-Jean,2022-03-01,COMMERCIAL,85540341.1
Saguenay--Lac-Saint-Jean,2022-04-01,COMMERCIAL,64989996.0
Saguenay--Lac-Saint-Jean,2022-04-01,INDUSTRIEL,386592364.724086
Saguenay--Lac-Saint-Jean,2022-05-01,AGRICOLE,6572056.0
Saguenay--Lac-Saint-Jean,2022-05-01,INDUSTRIEL,313279060.1506606
Saguenay--Lac-Saint-Jean,2022-07-01,INDUSTRIEL,139821269.03539938
Saguenay--Lac-Saint-Jean,2022-08-01,INDUSTRIEL,201420874.62085253
Saguenay--Lac-Saint-Jean,2022-08-01,INSTITUTIONNEL,57992848.29354838
Saguenay--Lac-Saint-Jean,2022-08-01,RÉSIDENTIEL,107856352.0
Saguenay--Lac-Saint-Jean,2022-09-01,COMMERCIAL,60644091.0
Saguenay--Lac-Saint-Jean,2022-09-01,INSTITUTIONNEL,58291895.31924731
Saguenay--Lac-Saint-Jean,2022-09-01,RÉSIDENTIEL,105329719.0
Saguenay--Lac-Saint-Jean,2022-10-01,AGRICOLE,7563198.0
Saguenay--Lac-Saint-Jean,2022-11-01,COMMERCIAL,83045857.6
Saguenay--Lac-Saint-Jean,2022-11-01,INSTITUTIONNEL,88847839.21935484
Saguenay--Lac-Saint-Jean,2022-11-01,RÉSIDENTIEL,192215031.0
Saguenay--Lac-Saint-Jean,2022-12-01,COMMERCIAL,96095682.7
Saguenay--Lac-Saint-Jean,2022-12-01,INDUSTRIEL,260012285.2651613
Saguenay--Lac-Saint-Jean,2022-12-01,INSTITUTIONNEL,116300525.4935484
Saguenay--Lac-Saint-Jean,2023-01-01,AGRICOLE,10067173.0
Saguenay--Lac-Saint-Jean,2023-02-01,COMMERCIAL,93901399.3
Saguenay--Lac-Saint-Jean,2023-02-01,INSTITUTIONNEL,119229224.45149425
Saguenay--Lac-Saint-Jean,2023-03-01,RÉSIDENTIEL,232653506.0
Saguenay--Lac-Saint-Jean,2023-05-01,AGRICOLE,6301740.0
Saguenay--Lac-Saint-Jean,2023-05-01,INDUSTRIEL,328511378.5919549
Saguenay--Lac-Saint-Jean,2023-05-01,INSTITUTIONNEL,65740695.94215053
Saguenay--Lac-Saint-Jean,2023-05-01,RÉSIDENTIEL,131167171.0
Saguenay--Lac-Saint-Jean,2023-06-01,COMMERCIAL,52944725.1
Saguenay--Lac-Saint-Jean,2023-06-01,RÉSIDENTIEL,109733393.0
Saguenay--Lac-Saint-Jean,2023-07-01,AGRICOLE,6367040.0
Saguenay--Lac-Saint-Jean,2023-07-01,INDUSTRIEL,414039650.64734256
Saguenay--Lac-Saint-Jean,2023-07-01,INSTITUTIONNEL,57509566.13496454
Saguenay--Lac-Saint-Jean,2023-08-01,AGRICOLE,6266360.0
Saguenay--Lac-Saint-Jean,2023-08-01,COMMERCIAL,60525253.3
Saguenay--Lac-Saint-Jean,2023-08-01,INSTITUTIONNEL,56083012.56774193
Saguenay--Lac-Saint-Jean,2023-09-01,INDUSTRIEL,303867034.1515591
Saguenay--Lac-Saint-Jean,2023-09-01,INSTITUTIONNEL,57084276.96462366
Saguenay--Lac-Saint-Jean,2023-09-01,RÉSIDENTIEL,102441987.0
Saguenay--Lac-Saint-Jean,2023-10-01,COMMERCIAL,72358802.1
Saguenay--Lac-Saint-Jean,2023-11-01,AGRICOLE,8850062.0
Saguenay--Lac-Saint-Jean,2023-11-01,RÉSIDENTIEL,216377384.0
Saguenay--Lac-Saint-Jean,2023-12-01,AGRICOLE,9462980.0
Saguenay--Lac-Saint-Jean,2023-12-01,INDUSTRIEL,317194565.2779108
Saguenay--Lac-Saint-Jean,2023-12-01,INSTITUTIONNEL,113525801.93548386
Abitibi-Témiscamingue,2016-01-01,AGRICOLE,3704146.0
Abitibi-Témiscamingue,2016-02-01,INSTITUTIONNEL,29884468.62602892
Abitibi-Témiscamingue,2016-02-01,RÉSIDENTIEL,152990551.0
Abitibi-Témiscamingue,2016-03-01,AGRICOLE,3350531.0
Abitibi-Témiscamingue,2016-04-01,AGRICOLE,2821701.0
Abitibi-Témiscamingue,2016-04-01,COMMERCIAL,42075410.0
Abitibi-Témiscamingue,2016-05-01,COMMERCIAL,36060577.0
Abitibi-Témiscamingue,2016-06-01,COMMERCIAL,33732583.0
Abitibi-Témiscamingue,2016-06-01,INDUSTRIEL,296950481.7714847
Abitibi-Témiscamingue,2016-06-01,INSTITUTIONNEL,15513585.981935484
Abitibi-Témiscamingue,2016-06-01,RÉSIDENTIEL,59226024.0
Abitibi-Témiscamingue,2016-07-01,RÉSIDENTIEL,56079334.0
Abitibi-Témiscamingue,2016-09-01,COMMERCIAL,34740522.0
Abitibi-Témiscamingue,2016-09-01,INDUSTRIEL,298770726.7247001
Abitibi-Témiscamingue,2016-10-01,AGRICOLE,2544848.0
Abitibi-Témiscamingue,2016-10-01,COMMERCIAL,38559039.0
Abitibi-Témiscamingue,2016-10-01,INDUSTRIEL,312329887.875877
Abitibi-Témiscamingue,2016-11-01,AGRICOLE,2784895.0
Abitibi-Témiscamingue,2016-11-01,INDUSTRIEL,311647689.5217368
Abitibi-Témiscamingue,2016-12-01,COMMERCIAL,53826192.0
Abitibi-Témiscamingue,2016-12-01,RÉSIDENTIEL,156982958.0
Abitibi-Témiscamingue,2017-01-01,COMMERCIAL,54935963.0
Abitibi-Témiscamingue,2017-02-01,AGRICOLE,3362131.0
Abitibi-Témiscamingue,2017-02-01,COMMERCIAL,51371971.0
Abitibi-Témiscamingue,2017-02-01,INDUSTRIEL,303361330.38642687
Abitibi-Témiscamingue,2017-02-01,RÉSIDENTIEL,140063764.0
Abitibi-Témiscamingue,2017-03-01,COMMERCIAL,54514431.0
Abitibi-Témiscamingue,2017-03-01,INSTITUTIONNEL,28857429.589285716
Abitibi-Témiscamingue,2017-03-01,RÉSIDENTIEL,153753605.0
Abitibi-Témiscamingue,2017-04-01,COMMERCIAL,41622709.0
Abitibi-Témiscamingue,2017-04-01,INDUSTRIEL,318895220.4557663
Abitibi-Témiscamingue,2017-04-01,INSTITUTIONNEL,21912863.976666667
Abitibi-Témiscamingue,2017-06-01,AGRICOLE,2251966.0
Abitibi-Témiscamingue,2017-06-01,COMMERCIAL,34478358.0
Abitibi-Témiscamingue,2017-07-01,AGRICOLE,2250126.0
Abitibi-Témiscamingue,2017-07-01,INSTITUTIONNEL,15267651.769784946
Abitibi-Témiscamingue,2017-07-01,RÉSIDENTIEL,56866334.0
Abitibi-Témiscamingue,2017-08-01,AGRICOLE,2325010.0
Abitibi-Témiscamingue,2017-08-01,RÉSIDENTIEL,59356918.0
Abitibi-Témiscamingue,2017-09-01,INSTITUTIONNEL,16593936.518602151
Abitibi-Témiscamingue,2017-10-01,INDUSTRIEL,328399853.73502463
Abitibi-Témiscamingue,2017-11-01,INDUSTRIEL,318346974.16878486
Abitibi-Témiscamingue,2017-11-01,INSTITUTIONNEL,26356000.493548386
Abitibi-Témiscamingue,2017-11-01,RÉSIDENTIEL,127760782.0
Abitibi-Témiscamingue,2017-12-01,COMMERCIAL,60511106.0
Abitibi-Témiscamingue,2018-01-01,AGRICOLE,4383374.0
Abitibi-Témiscamingue,2018-01-01,COMMERCIAL,63761863.0
Abitibi-Témiscamingue,2018-01-01,INDUSTRIEL,337612093.2071724
Abitibi-Témiscamingue,2018-02-01,INDUSTRIEL,307866163.10272694
Abitibi-Témiscamingue,2018-02-01,INSTITUTIONNEL,28985281.146829814
Abitibi-Témiscamingue,2018-03-01,AGRICOLE,3560661.0
Abitibi-Témiscamingue,2018-04-01,INDUSTRIEL,326040604.60011023
Abitibi-Témiscamingue,2018-06-01,COMMERCIAL,35505407.0
Abitibi-Témiscamingue,2018-07-01,AGRICOLE,2348381.0
Abitibi-Témiscamingue,2018-07-01,INDUSTRIEL,311252298.6107143
Abitibi-Témiscamingue,2018-08-01,AGRICOLE,2376910.0
Abitibi-Témiscamingue,2018-08-01,COMMERCIAL,35602351.0
Abitibi-Témiscamingue,2018-08-01,INDUSTRIEL,318965220.90386903
Abitibi-Témiscamingue,2018-08-01,INSTITUTIONNEL,16391051.868494622
Abitibi-Témiscamingue,2018-09-01,INDUSTRIEL,309431222.4491133
Abitibi-Témiscamingue,2018-10-01,AGRICOLE,2838052.0
Abitibi-Témiscamingue,2018-10-01,COMMERCIAL,43465251.0
Abitibi-Témiscamingue,2018-10-01,RÉSIDENTIEL,103141189.0
Abitibi-Témiscamingue,2018-11-01,COMMERCIAL,51271338.0
Abitibi-Témiscamingue,2018-11-01,INDUSTRIEL,319925097.64162564
Abitibi-Témiscamingue,2018-12-01,AGRICOLE,3735486.0
Abitibi-Témiscamingue,2018-12-01,RÉSIDENTIEL,162691456.0
Abitibi-Témiscamingue,2019-01-01,AGRICOLE,4360811.0
Abitibi-Témiscamingue,2019-03-01,AGRICOLE,3729760.0
Abitibi-Témiscamingue,2019-03-01,INDUSTRIEL,327702514.22258687
Abitibi-Témiscamingue,2019-03-01,INSTITUTIONNEL,28598912.380000003
Abitibi-Témiscamingue,2019-04-01,COMMERCIAL,44243980.0
Abitibi-Témiscamingue,2019-04-01,INSTITUTIONNEL,23242135.84
Abitibi-Témiscamingue,2019-04-01,RÉSIDENTIEL,113013641.0
Abitibi-Témiscamingue,2019-05-01,AGRICOLE,2674712.0
Abitibi-Témiscamingue,2019-05-01,RÉSIDENTIEL,85818485.0
Abitibi-Témiscamingue,2019-06-01,RÉSIDENTIEL,62080747.0
Abitibi-Témiscamingue,2019-07-01,INDUSTRIEL,308265976.9423214
Abitibi-Témiscamingue,2019-08-01,AGRICOLE,2364909.0
Abitibi-Témiscamingue,2019-09-01,COMMERCIAL,34111246.0
Abitibi-Témiscamingue,2019-09-01,INDUSTRIEL,303446180.84476113
Abitibi-Témiscamingue,2019-09-01,RÉSIDENTIEL,62411176.0
Abitibi-Témiscamingue,2019-10-01,AGRICOLE,2870196.0
Abitibi-Témiscamingue,2019-10-01,COMMERCIAL,39920809.0
Abitibi-Témiscamingue,2019-10-01,RÉSIDENTIEL,87023289.0
Abitibi-Témiscamingue,2019-11-01,AGRICOLE,3424083.0
Abitibi-Témiscamingue,2019-12-01,INSTITUTIONNEL,30437488.07096774
Abitibi-Témiscamingue,2020-01-01,INDUSTRIEL,336220965.9074544
Abitibi-Témiscamingue,2020-02-01,INDUSTRIEL,311553883.3452542
Abitibi-Témiscamingue,2020-02-01,RÉSIDENTIEL,153031915.0
Abitibi-Témiscamingue,2020-03-01,AGRICOLE,3595382.0
Abitibi-Témiscamingue,2020-03-01,INSTITUTIONNEL,25478260.263333336
Abitibi-Témiscamingue,2020-04-01,COMMERCIAL,37205385.0
Abitibi-Témiscamingue,2020-05-01,AGRICOLE,2815716.0
Abitibi-Témiscamingue,2020-05-01,COMMERCIAL,36234333.0
Abitibi-Témiscamingue,2020-05-01,RÉSIDENTIEL,89961481.0
Abitibi-Témiscamingue,2020-06-01,COMMERCIAL,33806415.0
Abitibi-Témiscamingue,2020-06-01,INSTITUTIONNEL,14814260.11139785
Abitibi-Témiscamingue,2020-06-01,RÉSIDENTIEL,66691090.0
Abitibi-Témiscamingue,2020-08-01,INDUSTRIEL,268683147.4327381
Abitibi-Témiscamingue,2020-08-01,INSTITUTIONNEL,15108202.380645161
Abitibi-Témiscamingue,2020-10-01,AGRICOLE,2961726.0
Abitibi-Témiscamingue,2020-10-01,COMMERCIAL,41810871.0
Abitibi-Témiscamingue,2020-10-01,INDUSTRIEL,264317641.04381698
Abitibi-Témiscamingue,2020-12-01,COMMERCIAL,56051032.0
Abitibi-Témiscamingue,2020-12-01,INSTITUTIONNEL,29636923.896774195
Abitibi-Témiscamingue,2021-02-01,INDUSTRIEL,259974568.27015316
Abitibi-Témiscamingue,2021-03-01,INSTITUTIONNEL,26599725.71666667
Abitibi-Témiscamingue,2021-03-01,RÉSIDENTIEL,140646417.0
Abitibi-Témiscamingue,2021-04-01,AGRICOLE,2896143.0
Abitibi-Témiscamingue,2021-04-01,INDUSTRIEL,269330858.6455252
Abitibi-Témiscamingue,2021-04-01,INSTITUTIONNEL,19665847.009999998
Abitibi-Témiscamingue,2021-05-01,INSTITUTIONNEL,17283684.996451613
Abitibi-Témiscamingue,2021-06-01,COMMERCIAL,32933706.0
Abitibi-Témiscamingue,2021-06-01,RÉSIDENTIEL,61366794.0
Abitibi-Témiscamingue,2021-08-01,INDUSTRIEL,272451630.32820684
Abitibi-Témiscamingue,2021-10-01,INSTITUTIONNEL,18921251.22204301
Abitibi-Témiscamingue,2021-11-01,COMMERCIAL,45958671.0
Abitibi-Témiscamingue,2021-11-01,INSTITUTIONNEL,24245038.36129032
Abitibi-Témiscamingue,2021-12-01,AGRICOLE,4174835.0
Abitibi-Témiscamingue,2022-01-01,INDUSTRIEL,292658262.4675795
Abitibi-Témiscamingue,2022-01-01,INSTITUTIONNEL,35743581.1727475
Abitibi-Témiscamingue,2022-01-01,RÉSIDENTIEL,216178309.0
Abitibi-Témiscamingue,2022-02-01,COMMERCIAL,56203294.0
Abitibi-Témiscamingue,2022-02-01,INDUSTRIEL,262201990.4328137
Abitibi-Témiscamingue,2022-02-01,INSTITUTIONNEL,30529220.402413793
Abitibi-Témiscamingue,2022-03-01,AGRICOLE,4028302.0
Abitibi-Témiscamingue,2022-03-01,RÉSIDENTIEL,149547310.0
Abitibi-Témiscamingue,2022-04-01,INSTITUTIONNEL,22715744.28333333
Abitibi-Témiscamingue,2022-05-01,AGRICOLE,2763068.0
Abitibi-Témiscamingue,2022-05-01,COMMERCIAL,35264881.0
Abitibi-Témiscamingue,2022-05-01,RÉSIDENTIEL,74078521.0
Abitibi-Témiscamingue,2022-06-01,INDUSTRIEL,248974765.3700682
Abitibi-Témiscamingue,2022-06-01,INSTITUTIONNEL,14669709.816344086
Abitibi-Témiscamingue,2022-06-01,RÉSIDENTIEL,62834339.0
Abitibi-Témiscamingue,2022-07-01,COMMERCIAL,32187058.0
Abitibi-Témiscamingue,2022-08-01,INDUSTRIEL,271892543.585937
Abitibi-Témiscamingue,2022-09-01,RÉSIDENTIEL,65068908.0
Abitibi-Témiscamingue,2022-12-01,INDUSTRIEL,282419070.6959524
Abitibi-Témiscamingue,2023-01-01,INSTITUTIONNEL,31189635.045717463
Abitibi-Témiscamingue,2023-02-01,RÉSIDENTIEL,166219317.0
Abitibi-Témiscamingue,2023-05-01,INSTITUTIONNEL,17696510.131290324
Abitibi-Témiscamingue,2023-06-01,RÉSIDENTIEL,62231112.0
Abitibi-Témiscamingue,2023-07-01,INSTITUTIONNEL,14900197.447634408
Abitibi-Témiscamingue,2023-07-01,RÉSIDENTIEL,62178146.0
Abitibi-Témiscamingue,2023-08-01,AGRICOLE,2727552.0
Abitibi-Témiscamingue,2023-08-01,COMMERCIAL,31261705.0
Abitibi-Témiscamingue,2023-09-01,COMMERCIAL,30344343.0
Abitibi-Témiscamingue,2023-11-01,AGRICOLE,3847120.0
Abitibi-Témiscamingue,2023-11-01,INSTITUTIONNEL,26468256.841935486
Abitibi-Témiscamingue,2023-12-01,INDUSTRIEL,296139218.96832585
Bas-Saint-Laurent,2016-01-01,AGRICOLE,
Bas-Saint-Laurent,2016-01-01,COMMERCIAL,
Bas-Saint-Laurent,2016-01-01,RÉSIDENTIEL,
Bas-Saint-Laurent,2016-02-01,AGRICOLE,
Bas-Saint-Laurent,2016-02-01,COMMERCIAL,
Bas-Saint-Laurent,2016-04-01,AGRICOLE,
Bas-Saint-Laurent,2016-04-01,INSTITUTIONNEL,
Bas-Saint-Laurent,2016-05-01,INDUSTRIEL,
Bas-Saint-Laurent,2016-06-01,AGRICOLE,
Bas-Saint-Laurent,2016-07-01,INDUSTRIEL,
Bas-Saint-Laurent,2016-08-01,COMMERCIAL,
Bas-Saint-Laurent,2016-08-01,INSTITUTIONNEL,
Bas-Saint-Laurent,2016-10-01,INDUSTRIEL,
Bas-Saint-Laurent,2016-11-01,COMMERCIAL,
Bas-Saint-Laurent,2016-11-01,INSTITUTIONNEL,
Bas-Saint-Laurent,2016-12-01,INSTITUTIONNEL,
Bas-Saint-Laurent,2016-12-01,RÉSIDENTIEL,
Bas-Saint-Laurent,2017-01-01,COMMERCIAL,
Bas-Saint-Laurent,2017-01-01,INDUSTRIEL,
Bas-Saint-Laurent,2017-01-01,RÉSIDENTIEL,
Bas-Saint-Laurent,2017-02-01,RÉSIDENTIEL,
Bas-Saint-Laurent,2017-03-01,INSTITUTIONNEL,
Bas-Saint-Laurent,2017-04-01,COMMERCIAL,
Bas-Saint-Laurent,2017-04-01,INDUSTRIEL,
Bas-Saint-Laurent,2017-05-01,AGRICOLE,
Bas-Saint-Laurent,2017-05-01,INSTITUTIONNEL,
Bas-Saint-Laurent,2017-05-01,RÉSIDENTIEL,
Bas-Saint-Laurent,2017-06-01,RÉSIDENTIEL,
Bas-Saint-Laurent,2017-07-01,COMMERCIAL,
Bas-Saint-Laurent,2017-08-01,COMMERCIAL,
Bas-Saint-Laurent,2017-08-01,INDUSTRIEL,
Bas-Saint-Laurent,2017-08-01,RÉSIDENTIEL,
Bas-Saint-Laurent,2017-09-01,INSTITUTIONNEL,
Bas-Saint-Laurent,2017-10-01,INDUSTRIEL,
Bas-Saint-Laurent,2017-10-01,INSTITUTIONNEL,
Bas-Saint-Laurent,2017-11-01,AGRICOLE,
Bas-Saint-Laurent,2017-11-01,RÉSIDENTIEL,
Bas-Saint-Laurent,2017-12-01,AGRICOLE,
Bas-Saint-Laurent,2017-12-01,INSTITUTIONNEL,
Bas-Saint-Laurent,2018-01-01,AGRICOLE,
Bas-Saint-Laurent,2018-01-01,COMMERCIAL,
Bas-Saint-Laurent,2018-01-01,INDUSTRIEL,
Bas-Saint-Laurent,2018-02-01,INSTITUTIONNEL,
Bas-Saint-Laurent,2018-03-01,INDUSTRIEL,
Bas-Saint-Laurent,2018-04-01,AGRICOLE,
Bas-Saint-Laurent,2018-04-01,RÉSIDENTIEL,
Bas-Saint-Laurent,2018-05-01,RÉSIDENTIEL,
Bas-Saint-Laurent,2018-06-01,AGRICOLE,
Bas-Saint-Laurent,2018-07-01,AGRICOLE,
Bas-Saint-Laurent,2018-07-01,INSTITUTIONNEL,
Bas-Saint-Laurent,2018-08-01,AGRICOLE,
Bas-Saint-Laurent,2018-08-01,INSTITUTIONNEL,
Bas-Saint-Laurent,2018-09-01,RÉSIDENTIEL,
Bas-Saint-Laurent,2018-10-01,COMMERCIAL,
Bas-Saint-Laurent,2018-10-01,INDUSTRIEL,
Bas-Saint-Laurent,2018-10-01,RÉSIDENTIEL,
Bas-Saint-Laurent,2018-11-01,COMMERCIAL,
Bas-Saint-Laurent,2018-11-01,RÉSIDENTIEL,
Bas-Saint-Laurent,2019-01-01,AGRICOLE,
Bas-Saint-Laurent,2019-02-01,INDUSTRIEL,
Bas-Saint-Laurent,2019-02-01,INSTITUTIONNEL,
Bas-Saint-Laurent,2019-02-01,RÉSIDENTIEL,
Bas-Saint-Laurent,2019-03-01,AGRICOLE,
Bas-Saint-Laurent,2019-03-01,RÉSIDENTIEL,
Bas-Saint-Laurent,2019-04-01,RÉSIDENTIEL,
Bas-Saint-Laurent,2019-05-01,AGRICOLE,
Bas-Saint-Laurent,2019-05-01,INDUSTRIEL,
Bas-Saint-Laurent,2019-05-01,INSTITUTIONNEL,
Bas-Saint-Laurent,2019-05-01,RÉSIDENTIEL,
Bas-Saint-Laurent,2019-07-01,INDUSTRIEL,
Bas-Saint-Laurent,2019-08-01,RÉSIDENTIEL,
Bas-Saint-Laurent,2019-09-01,COMMERCIAL,
Bas-Saint-Laurent,2019-09-01,INDUSTRIEL,
Bas-Saint-Laurent,2019-09-01,INSTITUTIONNEL,
Bas-Saint-Laurent,2019-09-01,RÉSIDENTIEL,
Bas-Saint-Laurent,2019-10-01,COMMERCIAL,
Bas-Saint-Laurent,2019-10-01,INDUSTRIEL,
Bas-Saint-Laurent,2019-11-01,INSTITUTIONNEL,
Bas-Saint-Laurent,2019-12-01,AGRICOLE,
Bas-Saint-Laurent,2019-12-01,INDUSTRIEL,
Bas-Saint-Laurent,2019-12-01,RÉSIDENTIEL,
Bas-Saint-Laurent,2020-01-01,INDUSTRIEL,
Bas-Saint-Laurent,2020-02-01,RÉSIDENTIEL,
Bas-Saint-Laurent,2020-03-01,AGRICOLE,
Bas-Saint-Laurent,2020-03-01,INDUSTRIEL,
Bas-Saint-Laurent,2020-04-01,AGRICOLE,
Bas-Saint-Laurent,2020-04-01,INDUSTRIEL,
Bas-Saint-Laurent,2020-05-01,COMMERCIAL,
Bas-Saint-Laurent,2020-05-01,INDUSTRIEL,
Bas-Saint-Laurent,2020-06-01,AGRICOLE,
Bas-Saint-Laurent,2020-06-01,INDUSTRIEL,
Bas-Saint-Laurent,2020-06-01,INSTITUTIONNEL,
Bas-Saint-Laurent,2020-07-01,INSTITUTIONNEL,
Bas-Saint-Laurent,2020-09-01,AGRICOLE,
Bas-Saint-Laurent,2020-09-01,INSTITUTIONNEL,
Bas-Saint-Laurent,2020-10-01,AGRICOLE,
Bas-Saint-Laurent,2020-10-01,COMMERCIAL,
Bas-Saint-Laurent,2020-10-01,RÉSIDENTIEL,
Bas-Saint-Laurent,2020-11-01,COMMERCIAL,
Bas-Saint-Laurent,2020-11-01,RÉSIDENTIEL,
Bas-Saint-Laurent,2020-12-01,AGRICOLE,
Bas-Saint-Laurent,2020-12-01,INSTITUTIONNEL,
Bas-Saint-Laurent,2021-02-01,COMMERCIAL,
Bas-Saint-Laurent,2021-02-01,RÉSIDENTIEL,
Bas-Saint-Laurent,2021-03-01,AGRICOLE,
Bas-Saint-Laurent,2021-03-01,RÉSIDENTIEL,
Bas-Saint-Laurent,2021-04-01,AGRICOLE,
Bas-Saint-Laurent,2021-04-01,INSTITUTIONNEL,
Bas-Saint-Laurent,2021-05-01,RÉSIDENTIEL,
Bas-Saint-Laurent,2021-06-01,COMMERCIAL,
Bas-Saint-Laurent,2021-06-01,RÉSIDENTIEL,
Bas-Saint-Laurent,2021-07-01,AGRICOLE,
Bas-Saint-Laurent,2021-07-01,INSTITUTIONNEL,
Bas-Saint-Laurent,2021-08-01,INDUSTRIEL,
Bas-Saint-Laurent,2021-08-01,INSTITUTIONNEL,
Bas-Saint-Laurent,2021-10-01,COMMERCIAL,
Bas-Saint-Laurent,2021-11-01,COMMERCIAL,
Bas-Saint-Laurent,2021-11-01,INDUSTRIEL,
Bas-Saint-Laurent,2021-11-01,INSTITUTIONNEL,
Bas-Saint-Laurent,2021-11-01,RÉSIDENTIEL,
Bas-Saint-Laurent,2021-12-01,COMMERCIAL,
Bas-Saint-Laurent,2021-12-01,INSTITUTIONNEL,
Bas-Saint-Laurent,2022-01-01,RÉSIDENTIEL,
Bas-Saint-Laurent,2022-02-01,INDUSTRIEL,
Bas-Saint-Laurent,2022-03-01,AGRICOLE,
Bas-Saint-Laurent,2022-03-01,INDUSTRIEL,
Bas-Saint-Laurent,2022-03-01,RÉSIDENTIEL,
Bas-Saint-Laurent,2022-04-01,AGRICOLE,
Bas-Saint-Laurent,2022-04-01,COMMERCIAL,
Bas-Saint-Laurent,2022-04-01,RÉSIDENTIEL,
Bas-Saint-Laurent,2022-05-01,RÉSIDENTIEL,
Bas-Saint-Laurent,2022-06-01,AGRICOLE,
Bas-Saint-Laurent,2022-06-01,COMMERCIAL,
Bas-Saint-Laurent,2022-06-01,INSTITUTIONNEL,
Bas-Saint-Laurent,2022-06-01,RÉSIDENTIEL,
Bas-Saint-Laurent,2022-07-01,AGRICOLE,
Bas-Saint-Laurent,2022-07-01,COMMERCIAL,
Bas-Saint-Laurent,2022-07-01,INDUSTRIEL,
Bas-Saint-Laurent,2022-08-01,COMMERCIAL,
Bas-Saint-Laurent,2022-08-01,INDUSTRIEL,
Bas-Saint-Laurent,2022-09-01,AGRICOLE,
Bas-Saint-Laurent,2022-09-01,COMMERCIAL,
Bas-Saint-Laurent,2022-09-01,INSTITUTIONNEL,
Bas-Saint-Laurent,2022-10-01,AGRICOLE,
Bas-Saint-Laurent,2022-10-01,COMMERCIAL,
Bas-Saint-Laurent,2022-10-01,RÉSIDENTIEL,
Bas-Saint-Laurent,2022-12-01,INSTITUTIONNEL,
Bas-Saint-Laurent,2023-01-01,AGRICOLE,
Bas-Saint-Laurent,2023-01-01,INDUSTRIEL,
Bas-Saint-Laurent,2023-01-01,INSTITUTIONNEL,
Bas-Saint-Laurent,2023-01-01,RÉSIDENTIEL,
Bas-Saint-Laurent,2023-02-01,RÉSIDENTIEL,
Bas-Saint-Laurent,2023-03-01,INDUSTRIEL,
Bas-Saint-Laurent,2023-04-01,COMMERCIAL,
Bas-Saint-Laurent,2023-04-01,INDUSTRIEL,
Bas-Saint-Laurent,2023-04-01,INSTITUTIONNEL,
Bas-Saint-Laurent,2023-04-01,RÉSIDENTIEL,
Bas-Saint-Laurent,2023-05-01,COMMERCIAL,
Bas-Saint-Laurent,2023-06-01,AGRICOLE,
Bas-Saint-Laurent,2023-06-01,INDUSTRIEL,
Bas-Saint-Laurent,2023-07-01,COMMERCIAL,
Bas-Saint-Laurent,2023-07-01,INDUSTRIEL,
Bas-Saint-Laurent,2023-08-01,INDUSTRIEL,
Bas-Saint-Laurent,2023-08-01,RÉSIDENTIEL,
Bas-Saint-Laurent,2023-09-01,COMMERCIAL,
Bas-Saint-Laurent,2023-09-01,INSTITUTIONNEL,
Bas-Saint-Laurent,2023-10-01,INSTITUTIONNEL,
Bas-Saint-Laurent,2023-10-01,RÉSIDENTIEL,
Bas-Saint-Laurent,2023-12-01,COMMERCIAL,
Bas-Saint-Laurent,2023-12-01,RÉSIDENTIEL,
Capitale-Nationale,2016-01-01,COMMERCIAL,318856047.9
Capitale-Nationale,2016-03-01,INSTITUTIONNEL,83382694.5
Capitale-Nationale,2016-03-01,RÉSIDENTIEL,677762074.0
Capitale-Nationale,2016-04-01,AGRICOLE,6324310.0
Capitale-Nationale,2016-04-01,RÉSIDENTIEL,543066386.0
Capitale-Nationale,2016-05-01,RÉSIDENTIEL,368431685.0
Capitale-Nationale,2016-07-01,AGRICOLE,4883937.0
Capitale-Nationale,2016-07-01,INSTITUTIONNEL,60139945.9
Capitale-Nationale,2016-07-01,RÉSIDENTIEL,306609746.0
Capitale-Nationale,2016-08-01,AGRICOLE,5063569.0
Capitale-Nationale,2016-08-01,COMMERCIAL,249870373.0
Capitale-Nationale,2016-08-01,INDUSTRIEL,514957901.0
Capitale-Nationale,2016-09-01,COMMERCIAL,230458015.6
Capitale-Nationale,2016-09-01,INDUSTRIEL,499198255.4
Capitale-Nationale,2016-11-01,AGRICOLE,7138975.0
Capitale-Nationale,2016-11-01,COMMERCIAL,260270123.79999998
Capitale-Nationale,2016-11-01,INSTITUTIONNEL,75276556.9
Capitale-Nationale,2017-02-01,INDUSTRIEL,484679245.7
Capitale-Nationale,2017-02-01,INSTITUTIONNEL,80581812.8
Capitale-Nationale,2017-03-01,COMMERCIAL,312930609.7
Capitale-Nationale,2017-03-01,INSTITUTIONNEL,87264609.5
Capitale-Nationale,2017-04-01,COMMERCIAL,249700414.8
Capitale-Nationale,2017-04-01,INDUSTRIEL,508667070.9
Capitale-Nationale,2017-04-01,INSTITUTIONNEL,71695937.3
Capitale-Nationale,2017-05-01,COMMERCIAL,239901753.29999998
Capitale-Nationale,2017-06-01,COMMERCIAL,236853526.5
Capitale-Nationale,2017-09-01,COMMERCIAL,230655290.5
Capitale-Nationale,2017-09-01,RÉSIDENTIEL,291477489.0
Capitale-Nationale,2017-10-01,INSTITUTIONNEL,68164389.0
Capitale-Nationale,2017-12-01,RÉSIDENTIEL,897656453.0
Capitale-Nationale,2018-01-01,COMMERCIAL,347835240.3
Capitale-Nationale,2018-01-01,RÉSIDENTIEL,947903429.0
Capitale-Nationale,2018-02-01,RÉSIDENTIEL,727595619.0
Capitale-Nationale,2018-03-01,AGRICOLE,7730844.0
Capitale-Nationale,2018-03-01,COMMERCIAL,289874087.5
Capitale-Nationale,2018-03-01,RÉSIDENTIEL,666072492.0
Capitale-Nationale,2018-04-01,RÉSIDENTIEL,561438902.0
Capitale-Nationale,2018-05-01,COMMERCIAL,240366776.89999998
Capitale-Nationale,2018-06-01,INDUSTRIEL,534127341.0055914
Capitale-Nationale,2018-06-01,INSTITUTIONNEL,59187178.1
Capitale-Nationale,2018-06-01,RÉSIDENTIEL,316540582.0
Capitale-Nationale,2018-07-01,COMMERCIAL,260028352.20000002
Capitale-Nationale,2018-07-01,RÉSIDENTIEL,320093921.0
Capitale-Nationale,2018-08-01,AGRICOLE,5069823.0
Capitale-Nationale,2018-09-01,INDUSTRIEL,538476861.43957
Capitale-Nationale,2018-10-01,AGRICOLE,6089403.0
Capitale-Nationale,2018-10-01,COMMERCIAL,260660978.9
Capitale-Nationale,2018-10-01,INDUSTRIEL,551219879.3346236
Capitale-Nationale,2018-11-01,COMMERCIAL,295135443.6
Capitale-Nationale,2018-11-01,INDUSTRIEL,550554940.032043
Capitale-Nationale,2018-11-01,INSTITUTIONNEL,82858042.2
Capitale-Nationale,2018-11-01,RÉSIDENTIEL,674671715.0
Capitale-Nationale,2018-12-01,AGRICOLE,8935783.0
Capitale-Nationale,2019-01-01,COMMERCIAL,354394735.09999996
Capitale-Nationale,2019-01-01,INSTITUTIONNEL,95500481.10000001
Capitale-Nationale,2019-01-01,RÉSIDENTIEL,953362085.0
Capitale-Nationale,2019-02-01,INSTITUTIONNEL,85390959.1
Capitale-Nationale,2019-02-01,RÉSIDENTIEL,813487682.0
Capitale-Nationale,2019-03-01,RÉSIDENTIEL,733970190.0
Capitale-Nationale,2019-04-01,COMMERCIAL,260024150.7
Capitale-Nationale,2019-04-01,INSTITUTIONNEL,76946888.7
Capitale-Nationale,2019-05-01,COMMERCIAL,241638195.60000002
Capitale-Nationale,2019-05-01,RÉSIDENTIEL,399517912.0
Capitale-Nationale,2019-06-01,COMMERCIAL,231020319.1
Capitale-Nationale,2019-07-01,AGRICOLE,4957922.0
Capitale-Nationale,2019-08-01,RÉSIDENTIEL,315342756.0
Capitale-Nationale,2019-09-01,AGRICOLE,4875940.0
Capitale-Nationale,2019-09-01,RÉSIDENTIEL,310210651.0
Capitale-Nationale,2019-10-01,AGRICOLE,6613713.0
Capitale-Nationale,2019-10-01,COMMERCIAL,245649188.6
Capitale-Nationale,2019-10-01,INDUSTRIEL,521841491.04765373
Capitale-Nationale,2019-10-01,RÉSIDENTIEL,416726509.0
Capitale-Nationale,2019-11-01,AGRICOLE,7873081.0
Capitale-Nationale,2019-11-01,COMMERCIAL,289701768.2
Capitale-Nationale,2019-11-01,INSTITUTIONNEL,79945357.6
Capitale-Nationale,2019-12-01,AGRICOLE,8909567.0
Capitale-Nationale,2019-12-01,INSTITUTIONNEL,88345463.0
Capitale-Nationale,2020-01-01,AGRICOLE,9051866.0
Capitale-Nationale,2020-02-01,INSTITUTIONNEL,85213299.7
Capitale-Nationale,2020-02-01,RÉSIDENTIEL,785716801.0
Capitale-Nationale,2020-03-01,INSTITUTIONNEL,81888475.5
Capitale-Nationale,2020-03-01,RÉSIDENTIEL,703974091.0
Capitale-Nationale,2020-04-01,AGRICOLE,6983323.0
Capitale-Nationale,2020-05-01,RÉSIDENTIEL,419491556.0
Capitale-Nationale,2020-06-01,AGRICOLE,4588278.0
Capitale-Nationale,2020-06-01,COMMERCIAL,217208230.70000002
Capitale-Nationale,2020-06-01,RÉSIDENTIEL,338474190.0
Capitale-Nationale,2020-07-01,AGRICOLE,5181507.0
Capitale-Nationale,2020-07-01,COMMERCIAL,244341127.5
Capitale-Nationale,2020-07-01,INDUSTRIEL,525801127.5505376
Capitale-Nationale,2020-07-01,INSTITUTIONNEL,57321589.099999994
Capitale-Nationale,2020-08-01,AGRICOLE,5006213.0
Capitale-Nationale,2020-09-01,RÉSIDENTIEL,327518725.0
Capitale-Nationale,2020-10-01,AGRICOLE,7071178.0
Capitale-Nationale,2020-10-01,COMMERCIAL,236525196.5
Capitale-Nationale,2020-11-01,AGRICOLE,7512745.0
Capitale-Nationale,2020-11-01,COMMERCIAL,258644277.4
Capitale-Nationale,2020-11-01,INDUSTRIEL,532081583.59569895
Capitale-Nationale,2020-11-01,INSTITUTIONNEL,75261951.0
Capitale-Nationale,2020-11-01,RÉSIDENTIEL,593281386.0
Capitale-Nationale,2020-12-01,INDUSTRIEL,529551848.56559134
Capitale-Nationale,2020-12-01,RÉSIDENTIEL,785001834.0
Capitale-Nationale,2021-01-01,AGRICOLE,8025348.0
Capitale-Nationale,2021-01-01,INDUSTRIEL,547557334.2322581
Capitale-Nationale,2021-01-01,RÉSIDENTIEL,848493698.0
Capitale-Nationale,2021-02-01,COMMERCIAL,286509452.20000005
Capitale-Nationale,2021-02-01,INDUSTRIEL,504357184.5854839
Capitale-Nationale,2021-03-01,COMMERCIAL,292100250.2
Capitale-Nationale,2021-04-01,INSTITUTIONNEL,66784579.699999996
Capitale-Nationale,2021-04-01,RÉSIDENTIEL,479738402.0
Capitale-Nationale,2021-05-01,INSTITUTIONNEL,61528782.9
Capitale-Nationale,2021-06-01,INDUSTRIEL,530100331.6668817
Capitale-Nationale,2021-07-01,AGRICOLE,5039367.0
Capitale-Nationale,2021-07-01,INSTITUTIONNEL,58842434.1
Capitale-Nationale,2021-08-01,COMMERCIAL,256852971.53157896
Capitale-Nationale,2021-08-01,INSTITUTIONNEL,62155790.1
Capitale-Nationale,2021-08-01,RÉSIDENTIEL,351398607.0
Capitale-Nationale,2021-09-01,COMMERCIAL,228971501.56842107
Capitale-Nationale,2021-09-01,RÉSIDENTIEL,310247326.0
Capitale-Nationale,2021-10-01,AGRICOLE,6327618.0
Capitale-Nationale,2021-10-01,INSTITUTIONNEL,65451476.00000001
Capitale-Nationale,2021-11-01,COMMERCIAL,270735132.3
Capitale-Nationale,2021-12-01,AGRICOLE,8648656.0
Capitale-Nationale,2021-12-01,RÉSIDENTIEL,852290119.0
Capitale-Nationale,2022-01-01,COMMERCIAL,358722254.9714286
Capitale-Nationale,2022-01-01,INSTITUTIONNEL,93602185.19999999
Capitale-Nationale,2022-01-01,RÉSIDENTIEL,1046640607.0
Capitale-Nationale,2022-02-01,COMMERCIAL,312397642.8
Capitale-Nationale,2022-04-01,COMMERCIAL,254249501.0
Capitale-Nationale,2022-04-01,INSTITUTIONNEL,72061139.19999999
Capitale-Nationale,2022-04-01,RÉSIDENTIEL,540960840.0
Capitale-Nationale,2022-05-01,COMMERCIAL,239321514.9
Capitale-Nationale,2022-05-01,INSTITUTIONNEL,62859243.10000001
Capitale-Nationale,2022-06-01,AGRICOLE,5011820.0
Capitale-Nationale,2022-08-01,AGRICOLE,5481094.0
Capitale-Nationale,2022-09-01,COMMERCIAL,233760285.5
Capitale-Nationale,2022-09-01,RÉSIDENTIEL,328273893.0
Capitale-Nationale,2022-10-01,RÉSIDENTIEL,396636201.0
Capitale-Nationale,2022-11-01,INDUSTRIEL,548382189.8956989
Capitale-Nationale,2022-12-01,AGRICOLE,8133578.0
Capitale-Nationale,2022-12-01,INSTITUTIONNEL,84461356.4
Capitale-Nationale,2023-01-01,INSTITUTIONNEL,88534053.7
Capitale-Nationale,2023-01-01,RÉSIDENTIEL,854269145.0
Capitale-Nationale,2023-02-01,AGRICOLE,8157233.0
Capitale-Nationale,2023-02-01,INSTITUTIONNEL,84286699.8
Capitale-Nationale,2023-02-01,RÉSIDENTIEL,833045297.0
Capitale-Nationale,2023-03-01,INDUSTRIEL,561323552.8387096
Capitale-Nationale,2023-03-01,RÉSIDENTIEL,693107537.0
Capitale-Nationale,2023-04-01,INDUSTRIEL,503662484.30795693
Capitale-Nationale,2023-05-01,COMMERCIAL,243309172.2
Capitale-Nationale,2023-05-01,INDUSTRIEL,538638037.7952688
Capitale-Nationale,2023-06-01,INSTITUTIONNEL,57852409.5
Capitale-Nationale,2023-06-01,RÉSIDENTIEL,344530986.0
Capitale-Nationale,2023-07-01,INDUSTRIEL,523922152.62903225
Capitale-Nationale,2023-08-01,AGRICOLE,5418682.0
Capitale-Nationale,2023-08-01,INDUSTRIEL,530048526.3129033
Capitale-Nationale,2023-09-01,COMMERCIAL,242665028.5
Capitale-Nationale,2023-10-01,AGRICOLE,6394689.0
Capitale-Nationale,2023-10-01,INDUSTRIEL,532950552.3328602
Capitale-Nationale,2023-11-01,INDUSTRIEL,527111255.3471398
Capitale-Nationale,2023-12-01,INSTITUTIONNEL,83958051.60000001
Centre-du-Québec,2016-01-01,INDUSTRIEL,726814056.7602948
Centre-du-Québec,2016-02-01,INSTITUTIONNEL,22079103.165072303
Centre-du-Québec,2016-02-01,RÉSIDENTIEL,227974949.0
Centre-du-Québec,2016-03-01,AGRICOLE,25214743.0
Centre-du-Québec,2016-03-01,COMMERCIAL,68299010.4275862
Centre-du-Québec,2016-03-01,INSTITUTIONNEL,22044447.24137931
Centre-du-Québec,2016-04-01,AGRICOLE,21818342.0
Centre-du-Québec,2016-04-01,INDUSTRIEL,697079464.8349999
Centre-du-Québec,2016-05-01,AGRICOLE,19938735.0
Centre-du-Québec,2016-06-01,INDUSTRIEL,679746267.320983
Centre-du-Québec,2016-07-01,COMMERCIAL,58355050.57333334
Centre-du-Québec,2016-07-01,INDUSTRIEL,708499320.026298
Centre-du-Québec,2016-07-01,RÉSIDENTIEL,103293983.0
Centre-du-Québec,2016-08-01,AGRICOLE,21343895.0
Centre-du-Québec,2016-08-01,INDUSTRIEL,708207301.8763133
Centre-du-Québec,2016-10-01,INDUSTRIEL,710290558.4610447
Centre-du-Québec,2016-10-01,RÉSIDENTIEL,129761065.0
Centre-du-Québec,2016-11-01,AGRICOLE,23294677.0
Centre-du-Québec,2016-11-01,INDUSTRIEL,692667467.1941935
Centre-du-Québec,2016-11-01,RÉSIDENTIEL,162629096.0
Centre-du-Québec,2016-12-01,AGRICOLE,26784035.0
Centre-du-Québec,2016-12-01,INSTITUTIONNEL,23612750.193548385
Centre-du-Québec,2016-12-01,RÉSIDENTIEL,244026422.0
Centre-du-Québec,2017-01-01,AGRICOLE,27104729.0
Centre-du-Québec,2017-01-01,INSTITUTIONNEL,24060270.34516129
Centre-du-Québec,2017-01-01,RÉSIDENTIEL,247205427.0
Centre-du-Québec,2017-02-01,AGRICOLE,24559871.0
Centre-du-Québec,2017-02-01,INSTITUTIONNEL,21908235.625576034
Centre-du-Québec,2017-02-01,RÉSIDENTIEL,216476065.0
Centre-du-Québec,2017-03-01,COMMERCIAL,75255919.5
Centre-du-Québec,2017-04-01,INDUSTRIEL,701416855.6151419
Centre-du-Québec,2017-06-01,INDUSTRIEL,697406465.2635331
Centre-du-Québec,2017-06-01,INSTITUTIONNEL,15438570.40967742
Centre-du-Québec,2017-07-01,AGRICOLE,20929097.0
Centre-du-Québec,2017-07-01,COMMERCIAL,59573066.9
Centre-du-Québec,2017-07-01,INDUSTRIEL,723566566.8414438
Centre-du-Québec,2017-07-01,INSTITUTIONNEL,15288037.238709677
Centre-du-Québec,2017-08-01,AGRICOLE,20929056.0
Centre-du-Québec,2017-08-01,RÉSIDENTIEL,103768926.0
Centre-du-Québec,2017-09-01,AGRICOLE,20002302.0
Centre-du-Québec,2017-09-01,INDUSTRIEL,696851912.0087864
Centre-du-Québec,2017-09-01,RÉSIDENTIEL,98207515.0
Centre-du-Québec,2017-10-01,INDUSTRIEL,696315277.7137021
Centre-du-Québec,2017-11-01,INDUSTRIEL,670772347.3537229
Centre-du-Québec,2017-12-01,COMMERCIAL,82701285.5
Centre-du-Québec,2018-01-01,INDUSTRIEL,489800158.46718895
Centre-du-Québec,2018-02-01,INSTITUTIONNEL,21962503.973041475
Centre-du-Québec,2018-03-01,AGRICOLE,26053654.0
Centre-du-Québec,2018-03-01,COMMERCIAL,74450607.1
Centre-du-Québec,2018-03-01,INSTITUTIONNEL,22425701.37857143
Centre-du-Québec,2018-04-01,INSTITUTIONNEL,19892169.116666667
Centre-du-Québec,2018-04-01,RÉSIDENTIEL,179342889.0
Centre-du-Québec,2018-05-01,AGRICOLE,20471421.0
Centre-du-Québec,2018-05-01,INDUSTRIEL,355252366.3371109
Centre-du-Québec,2018-05-01,INSTITUTIONNEL,17112159.425268818
Centre-du-Québec,2018-06-01,INDUSTRIEL,341944872.34088707
Centre-du-Québec,2018-06-01,INSTITUTIONNEL,15760935.508064516
Centre-du-Québec,2018-07-01,RÉSIDENTIEL,111489751.0
Centre-du-Québec,2018-08-01,COMMERCIAL,68177640.1
Centre-du-Québec,2018-08-01,RÉSIDENTIEL,110268964.0
Centre-du-Québec,2018-09-01,COMMERCIAL,61885738.0
Centre-du-Québec,2018-09-01,INSTITUTIONNEL,16978673.65483871
Centre-du-Québec,2018-09-01,RÉSIDENTIEL,101844238.0
Centre-du-Québec,2018-10-01,INSTITUTIONNEL,20079674.667741936
Centre-du-Québec,2018-11-01,INSTITUTIONNEL,21902133.132258065
Centre-du-Québec,2018-12-01,COMMERCIAL,82987599.7
Centre-du-Québec,2018-12-01,INDUSTRIEL,323574196.7020055
Centre-du-Québec,2018-12-01,INSTITUTIONNEL,23813678.112903226
Centre-du-Québec,2018-12-01,RÉSIDENTIEL,258603998.0
Centre-du-Québec,2019-01-01,AGRICOLE,28539348.0
Centre-du-Québec,2019-01-01,RÉSIDENTIEL,295919123.0
Centre-du-Québec,2019-02-01,AGRICOLE,25499011.0
Centre-du-Québec,2019-02-01,COMMERCIAL,80433612.7
Centre-du-Québec,2019-02-01,RÉSIDENTIEL,253895040.0
Centre-du-Québec,2019-03-01,INSTITUTIONNEL,23267426.25
Centre-du-Québec,2019-04-01,COMMERCIAL,68495898.0
Centre-du-Québec,2019-04-01,INDUSTRIEL,268337535.6908121
Centre-du-Québec,2019-05-01,COMMERCIAL,64553358.5
Centre-du-Québec,2019-05-01,INDUSTRIEL,270497209.7027117
Centre-du-Québec,2019-05-01,INSTITUTIONNEL,17629953.46666667
Centre-du-Québec,2019-06-01,RÉSIDENTIEL,105980629.0
Centre-du-Québec,2019-07-01,COMMERCIAL,67587873.5
Centre-du-Québec,2019-08-01,AGRICOLE,22061936.0
Centre-du-Québec,2019-09-01,INDUSTRIEL,241496432.35930106
Centre-du-Québec,2019-10-01,INSTITUTIONNEL,18962964.482258063
Centre-du-Québec,2019-10-01,RÉSIDENTIEL,129936440.0
Centre-du-Québec,2019-11-01,INSTITUTIONNEL,21504318.767741937
Centre-du-Québec,2019-12-01,AGRICOLE,27981869.0
Centre-du-Québec,2019-12-01,INSTITUTIONNEL,24006007.42580645
Centre-du-Québec,2020-01-01,RÉSIDENTIEL,263348962.0
Centre-du-Québec,2020-02-01,AGRICOLE,25892755.0
Centre-du-Québec,2020-02-01,COMMERCIAL,80432222.0
Centre-du-Québec,2020-03-01,INDUSTRIEL,612889202.8874713
Centre-du-Québec,2020-03-01,INSTITUTIONNEL,21847835.275862068
Centre-du-Québec,2020-04-01,COMMERCIAL,59919836.7
Centre-du-Québec,2020-04-01,RÉSIDENTIEL,178750648.0
Centre-du-Québec,2020-07-01,COMMERCIAL,66561817.400000006
Centre-du-Québec,2020-07-01,INDUSTRIEL,673166449.6239631
Centre-du-Québec,2020-07-01,RÉSIDENTIEL,120935367.0
Centre-du-Québec,2020-08-01,COMMERCIAL,65226376.9
Centre-du-Québec,2020-08-01,INDUSTRIEL,672263719.0337328
Centre-du-Québec,2020-08-01,INSTITUTIONNEL,16217596.580645163
Centre-du-Québec,2020-10-01,AGRICOLE,23167792.0
Centre-du-Québec,2020-10-01,COMMERCIAL,68392669.4
Centre-du-Québec,2020-12-01,RÉSIDENTIEL,242134617.0
Centre-du-Québec,2021-01-01,COMMERCIAL,84373804.2
Centre-du-Québec,2021-01-01,INSTITUTIONNEL,23562147.864516128
Centre-du-Québec,2021-01-01,RÉSIDENTIEL,266555724.0
Centre-du-Québec,2021-02-01,COMMERCIAL,78722541.7
Centre-du-Québec,2021-02-01,INSTITUTIONNEL,21890938.078341015
Centre-du-Québec,2021-03-01,INSTITUTIONNEL,22389055.257142857
Centre-du-Québec,2021-04-01,AGRICOLE,22689971.0
Centre-du-Québec,2021-05-01,INDUSTRIEL,745285371.7980081
Centre-du-Québec,2021-06-01,RÉSIDENTIEL,114588777.0
Centre-du-Québec,2021-07-01,COMMERCIAL,65372518.599999994
Centre-du-Québec,2021-07-01,INDUSTRIEL,745192709.594442
Centre-du-Québec,2021-07-01,INSTITUTIONNEL,15426111.422580644
Centre-du-Québec,2021-08-01,COMMERCIAL,73392271.9
Centre-du-Québec,2021-08-01,INDUSTRIEL,755216053.9882643
Centre-du-Québec,2021-08-01,INSTITUTIONNEL,16942518.003225807
Centre-du-Québec,2021-09-01,AGRICOLE,21426726.0
Centre-du-Québec,2021-09-01,INDUSTRIEL,737258655.2311034
Centre-du-Québec,2021-09-01,RÉSIDENTIEL,103037123.0
Centre-du-Québec,2021-10-01,INDUSTRIEL,741307165.0332898
Centre-du-Québec,2021-11-01,AGRICOLE,24882660.0
Centre-du-Québec,2021-11-01,RÉSIDENTIEL,185786357.0
Centre-du-Québec,2021-12-01,AGRICOLE,28243414.0
Centre-du-Québec,2022-01-01,COMMERCIAL,97540808.3
Centre-du-Québec,2022-01-01,INDUSTRIEL,748153062.5050308
Centre-du-Québec,2022-01-01,RÉSIDENTIEL,329974223.0
Centre-du-Québec,2022-03-01,AGRICOLE,29419114.0
Centre-du-Québec,2022-03-01,RÉSIDENTIEL,236371053.0
Centre-du-Québec,2022-04-01,INSTITUTIONNEL,19958034.983333334
Centre-du-Québec,2022-05-01,AGRICOLE,22486589.0
Centre-du-Québec,2022-06-01,AGRICOLE,21913533.0
Centre-du-Québec,2022-07-01,AGRICOLE,24357969.0
Centre-du-Québec,2022-07-01,COMMERCIAL,68823448.0
Centre-du-Québec,2022-07-01,RÉSIDENTIEL,120179499.0
Centre-du-Québec,2022-08-01,AGRICOLE,24558125.0
Centre-du-Québec,2022-08-01,COMMERCIAL,70371520.6
Centre-du-Québec,2022-08-01,INSTITUTIONNEL,17362892.461290322
Centre-du-Québec,2022-09-01,AGRICOLE,21781474.0
Centre-du-Québec,2022-09-01,INDUSTRIEL,722670056.6859703
Centre-du-Québec,2022-09-01,RÉSIDENTIEL,110668513.0
Centre-du-Québec,2022-10-01,INSTITUTIONNEL,18848216.730107527
Centre-du-Québec,2022-10-01,RÉSIDENTIEL,128977905.0
Centre-du-Québec,2022-12-01,INDUSTRIEL,752813776.0340016
Centre-du-Québec,2022-12-01,RÉSIDENTIEL,246682147.0
Centre-du-Québec,2023-01-01,AGRICOLE,28546114.0
Centre-du-Québec,2023-02-01,AGRICOLE,27493544.0
Centre-du-Québec,2023-02-01,INDUSTRIEL,686817014.9730493
Centre-du-Québec,2023-03-01,AGRICOLE,29251010.0
Centre-du-Québec,2023-03-01,INSTITUTIONNEL,23346091.15714286
Centre-du-Québec,2023-04-01,AGRICOLE,25182114.0
Centre-du-Québec,2023-04-01,COMMERCIAL,69005152.9
Centre-du-Québec,2023-04-01,RÉSIDENTIEL,162756297.0
Centre-du-Québec,2023-05-01,AGRICOLE,22591825.0
Centre-du-Québec,2023-05-01,INDUSTRIEL,739180492.8112466
Centre-du-Québec,2023-07-01,INDUSTRIEL,744353503.4027393
Centre-du-Québec,2023-08-01,AGRICOLE,24160419.0
Centre-du-Québec,2023-09-01,COMMERCIAL,68154912.2
Centre-du-Québec,2023-09-01,INDUSTRIEL,723909583.2812442
Centre-du-Québec,2023-09-01,RÉSIDENTIEL,110727467.0
Centre-du-Québec,2023-10-01,AGRICOLE,24880081.0
Centre-du-Québec,2023-10-01,INSTITUTIONNEL,18502345.929569893
Centre-du-Québec,2023-11-01,AGRICOLE,27378692.0
Centre-du-Québec,2023-11-01,INDUSTRIEL,711267543.7493318
Centre-du-Québec,2023-11-01,INSTITUTIONNEL,21436077.187096775
Centre-du-Québec,2023-12-01,INDUSTRIEL,774071394.5850078
Centre-du-Québec,2023-12-01,INSTITUTIONNEL,23401800.777419355
Chaudière-Appalaches,2016-01-01,COMMERCIAL,132703404.6
Chaudière-Appalaches,2016-02-01,INSTITUTIONNEL,34435317.0
Chaudière-Appalaches,2016-03-01,AGRICOLE,37250334.0
Chaudière-Appalaches,2016-03-01,INSTITUTIONNEL,33995651.0
Chaudière-Appalaches,2016-04-01,COMMERCIAL,105353197.6
Chaudière-Appalaches,2016-04-01,INDUSTRIEL,165626879.09883755
Chaudière-Appalaches,2016-04-01,RÉSIDENTIEL,299998793.0
Chaudière-Appalaches,2016-05-01,AGRICOLE,29826140.0
Chaudière-Appalaches,2016-06-01,COMMERCIAL,
Chaudière-Appalaches,2016-06-01,RÉSIDENTIEL,
Chaudière-Appalaches,2016-07-01,AGRICOLE,
Chaudière-Appalaches,2016-07-01,COMMERCIAL,
Chaudière-Appalaches,2016-07-01,RÉSIDENTIEL,
Chaudière-Appalaches,2016-08-01,COMMERCIAL,
Chaudière-Appalaches,2016-08-01,INDUSTRIEL,
Chaudière-Appalaches,2016-09-01,AGRICOLE,
Chaudière-Appalaches,2016-09-01,INSTITUTIONNEL,
Chaudière-Appalaches,2016-10-01,INSTITUTIONNEL,27338209.0
Chaudière-Appalaches,2016-11-01,RÉSIDENTIEL,286934782.0
Chaudière-Appalaches,2016-12-01,AGRICOLE,33329538.0
Chaudière-Appalaches,2016-12-01,COMMERCIAL,128234308.0
Chaudière-Appalaches,2016-12-01,INSTITUTIONNEL,36291509.0
Chaudière-Appalaches,2017-01-01,COMMERCIAL,129460202.8
Chaudière-Appalaches,2017-01-01,RÉSIDENTIEL,434727301.0
Chaudière-Appalaches,2017-02-01,AGRICOLE,33111846.0
Chaudière-Appalaches,2017-02-01,INDUSTRIEL,168088412.9906816
Chaudière-Appalaches,2017-02-01,INSTITUTIONNEL,33782088.0
Chaudière-Appalaches,2017-03-01,COMMERCIAL,127662782.8
Chaudière-Appalaches,2017-04-01,COMMERCIAL,99066272.2
Chaudière-Appalaches,2017-04-01,INDUSTRIEL,166875193.94095236
Chaudière-Appalaches,2017-06-01,COMMERCIAL,91020041.4
Chaudière-Appalaches,2017-06-01,RÉSIDENTIEL,179650724.0
Chaudière-Appalaches,2017-07-01,INDUSTRIEL,158354631.75352946
Chaudière-Appalaches,2017-08-01,COMMERCIAL,95574436.0
Chaudière-Appalaches,2017-08-01,RÉSIDENTIEL,179978800.0
Chaudière-Appalaches,2017-10-01,AGRICOLE,27036699.0
Chaudière-Appalaches,2017-11-01,RÉSIDENTIEL,332827374.0
Chaudière-Appalaches,2017-12-01,INSTITUTIONNEL,38019829.0
Chaudière-Appalaches,2018-01-01,AGRICOLE,38736731.0
Chaudière-Appalaches,2018-02-01,RÉSIDENTIEL,385638712.0
Chaudière-Appalaches,2018-03-01,AGRICOLE,38753347.0
Chaudière-Appalaches,2018-03-01,COMMERCIAL,120808822.8
Chaudière-Appalaches,2018-03-01,INDUSTRIEL,180572710.99857143
Chaudière-Appalaches,2018-04-01,AGRICOLE,39157409.0
Chaudière-Appalaches,2018-04-01,INDUSTRIEL,139810599.9459664
Chaudière-Appalaches,2018-05-01,COMMERCIAL,96055942.2
Chaudière-Appalaches,2018-06-01,AGRICOLE,27446774.0
Chaudière-Appalaches,2018-06-01,INSTITUTIONNEL,21695726.0
Chaudière-Appalaches,2018-07-01,INDUSTRIEL,156618113.7092857
Chaudière-Appalaches,2018-07-01,INSTITUTIONNEL,21314580.0
Chaudière-Appalaches,2018-08-01,INSTITUTIONNEL,22861862.0
Chaudière-Appalaches,2018-09-01,AGRICOLE,27153111.0
Chaudière-Appalaches,2018-09-01,COMMERCIAL,91907596.2
Chaudière-Appalaches,2018-11-01,INSTITUTIONNEL,33780331.0
Chaudière-Appalaches,2018-11-01,RÉSIDENTIEL,364804110.0
Chaudière-Appalaches,2018-12-01,RÉSIDENTIEL,450495651.0
Chaudière-Appalaches,2019-02-01,AGRICOLE,34549740.0
Chaudière-Appalaches,2019-03-01,COMMERCIAL,128435587.0
Chaudière-Appalaches,2019-03-01,INSTITUTIONNEL,35741024.0
Chaudière-Appalaches,2019-04-01,COMMERCIAL,108436184.4
Chaudière-Appalaches,2019-05-01,INDUSTRIEL,170507298.11194038
Chaudière-Appalaches,2019-05-01,INSTITUTIONNEL,26014399.0
Chaudière-Appalaches,2019-06-01,COMMERCIAL,91470958.8
Chaudière-Appalaches,2019-08-01,COMMERCIAL,98098713.2
Chaudière-Appalaches,2019-08-01,INDUSTRIEL,164130197.41
Chaudière-Appalaches,2019-09-01,AGRICOLE,26641753.0
Chaudière-Appalaches,2019-09-01,COMMERCIAL,91387504.2
Chaudière-Appalaches,2019-09-01,INSTITUTIONNEL,24270888.0
Chaudière-Appalaches,2019-09-01,RÉSIDENTIEL,180688849.0
Chaudière-Appalaches,2019-10-01,COMMERCIAL,100104275.6
Chaudière-Appalaches,2019-11-01,AGRICOLE,31171563.0
Chaudière-Appalaches,2019-12-01,COMMERCIAL,133364285.2
Chaudière-Appalaches,2019-12-01,INSTITUTIONNEL,36247309.0
Chaudière-Appalaches,2020-01-01,AGRICOLE,36179245.0
Chaudière-Appalaches,2020-01-01,INDUSTRIEL,182037953.2992857
Chaudière-Appalaches,2020-02-01,INDUSTRIEL,175481602.45857143
Chaudière-Appalaches,2020-02-01,INSTITUTIONNEL,34821696.0
Chaudière-Appalaches,2020-03-01,INDUSTRIEL,175848876.65000004
Chaudière-Appalaches,2020-04-01,AGRICOLE,41473729.0
Chaudière-Appalaches,2020-04-01,COMMERCIAL,93502180.4
Chaudière-Appalaches,2020-04-01,INDUSTRIEL,138905159.40089285
Chaudière-Appalaches,2020-05-01,AGRICOLE,30531884.0
Chaudière-Appalaches,2020-05-01,RÉSIDENTIEL,244692787.0
Chaudière-Appalaches,2020-07-01,RÉSIDENTIEL,198277700.0
Chaudière-Appalaches,2020-08-01,COMMERCIAL,95177913.8
Chaudière-Appalaches,2020-08-01,INSTITUTIONNEL,21901554.0
Chaudière-Appalaches,2020-11-01,COMMERCIAL,108099524.4
Chaudière-Appalaches,2020-12-01,AGRICOLE,34441115.0
Chaudière-Appalaches,2020-12-01,COMMERCIAL,124844433.2
Chaudière-Appalaches,2020-12-01,INDUSTRIEL,171526143.31502753
Chaudière-Appalaches,2020-12-01,RÉSIDENTIEL,424520458.0
Chaudière-Appalaches,2021-01-01,RÉSIDENTIEL,461219829.0
Chaudière-Appalaches,2021-02-01,INDUSTRIEL,168759319.1864502
Chaudière-Appalaches,2021-02-01,RÉSIDENTIEL,421936217.0
Chaudière-Appalaches,2021-03-01,COMMERCIAL,124227322.3
Chaudière-Appalaches,2021-03-01,INSTITUTIONNEL,33279147.0
Chaudière-Appalaches,2021-03-01,RÉSIDENTIEL,396950280.0
Chaudière-Appalaches,2021-04-01,AGRICOLE,35498274.0
Chaudière-Appalaches,2021-04-01,INDUSTRIEL,154441522.68464288
Chaudière-Appalaches,2021-04-01,RÉSIDENTIEL,282074016.0
Chaudière-Appalaches,2021-06-01,COMMERCIAL,93281695.9
Chaudière-Appalaches,2021-06-01,RÉSIDENTIEL,197753696.0
Chaudière-Appalaches,2021-07-01,AGRICOLE,31349262.0
Chaudière-Appalaches,2021-07-01,INSTITUTIONNEL,20677463.0
Chaudière-Appalaches,2021-07-01,RÉSIDENTIEL,200222235.0
Chaudière-Appalaches,2021-08-01,INSTITUTIONNEL,22725935.0
Chaudière-Appalaches,2021-08-01,RÉSIDENTIEL,205722595.0
Chaudière-Appalaches,2021-09-01,COMMERCIAL,92505468.11794871
Chaudière-Appalaches,2021-09-01,RÉSIDENTIEL,182154835.0
Chaudière-Appalaches,2021-12-01,RÉSIDENTIEL,461488834.0
Chaudière-Appalaches,2022-01-01,COMMERCIAL,153519323.5
Chaudière-Appalaches,2022-01-01,INDUSTRIEL,188826824.12422776
Chaudière-Appalaches,2022-02-01,AGRICOLE,36788714.0
Chaudière-Appalaches,2022-02-01,INSTITUTIONNEL,35151007.0
Chaudière-Appalaches,2022-03-01,COMMERCIAL,131128422.80000001
Chaudière-Appalaches,2022-04-01,COMMERCIAL,106092010.5
Chaudière-Appalaches,2022-04-01,RÉSIDENTIEL,320483204.0
Chaudière-Appalaches,2022-05-01,COMMERCIAL,97046380.0
Chaudière-Appalaches,2022-05-01,INDUSTRIEL,166366548.2414286
Chaudière-Appalaches,2022-05-01,INSTITUTIONNEL,24126550.0
Chaudière-Appalaches,2022-05-01,RÉSIDENTIEL,223821546.0
Chaudière-Appalaches,2022-06-01,RÉSIDENTIEL,198464140.0
Chaudière-Appalaches,2022-07-01,COMMERCIAL,98118145.6
Chaudière-Appalaches,2022-07-01,INDUSTRIEL,159080952.3757143
Chaudière-Appalaches,2022-08-01,INSTITUTIONNEL,22319516.0
Chaudière-Appalaches,2022-09-01,AGRICOLE,28209496.0
Chaudière-Appalaches,2022-09-01,INDUSTRIEL,162843316.66142857
Chaudière-Appalaches,2022-09-01,INSTITUTIONNEL,23940875.0
Chaudière-Appalaches,2022-09-01,RÉSIDENTIEL,195017546.0
Chaudière-Appalaches,2022-10-01,AGRICOLE,28554859.0
Chaudière-Appalaches,2022-10-01,INSTITUTIONNEL,26614991.0
Chaudière-Appalaches,2022-11-01,AGRICOLE,31199514.0
Chaudière-Appalaches,2022-11-01,COMMERCIAL,115805421.9
Chaudière-Appalaches,2022-11-01,INDUSTRIEL,175138697.74285713
Chaudière-Appalaches,2022-11-01,INSTITUTIONNEL,31123549.0
Chaudière-Appalaches,2023-01-01,INSTITUTIONNEL,37525656.0
Chaudière-Appalaches,2023-03-01,AGRICOLE,41605254.0
Chaudière-Appalaches,2023-04-01,AGRICOLE,40286695.0
Chaudière-Appalaches,2023-04-01,COMMERCIAL,105214772.8
Chaudière-Appalaches,2023-04-01,INDUSTRIEL,166816535.0650433
Chaudière-Appalaches,2023-05-01,INDUSTRIEL,169312023.43709958
Chaudière-Appalaches,2023-05-01,INSTITUTIONNEL,24904551.0
Chaudière-Appalaches,2023-06-01,COMMERCIAL,94769049.5
Chaudière-Appalaches,2023-06-01,INDUSTRIEL,155134004.5742857
Chaudière-Appalaches,2023-06-01,INSTITUTIONNEL,21724583.0
Chaudière-Appalaches,2023-07-01,AGRICOLE,33363597.0
Chaudière-Appalaches,2023-07-01,RÉSIDENTIEL,211953278.0
Chaudière-Appalaches,2023-09-01,AGRICOLE,29588087.0
Chaudière-Appalaches,2023-09-01,COMMERCIAL,92807702.5
Chaudière-Appalaches,2023-09-01,INSTITUTIONNEL,26161228.0
Chaudière-Appalaches,2023-10-01,COMMERCIAL,97542140.0
Chaudière-Appalaches,2023-10-01,INDUSTRIEL,164645041.6052101
Chaudière-Appalaches,2023-11-01,COMMERCIAL,120661647.9
Chaudière-Appalaches,2023-11-01,INSTITUTIONNEL,35058205.2
Chaudière-Appalaches,2023-12-01,COMMERCIAL,130465222.3
Côte-Nord,2016-01-01,INSTITUTIONNEL,47346108.20645161
Côte-Nord,2016-02-01,INSTITUTIONNEL,44401217.00878754
Côte-Nord,2016-03-01,AGRICOLE,393788.0
Côte-Nord,2016-03-01,INSTITUTIONNEL,43396460.4137931
Côte-Nord,2016-04-01,RÉSIDENTIEL,75100477.0
Côte-Nord,2016-05-01,AGRICOLE,307462.0
Côte-Nord,2016-05-01,COMMERCIAL,32906426.189999998
Côte-Nord,2016-06-01,AGRICOLE,269402.0
Côte-Nord,2016-06-01,INDUSTRIEL,1131079201.6285713
Côte-Nord,2016-06-01,INSTITUTIONNEL,20692120.045161292
Côte-Nord,2016-07-01,COMMERCIAL,29880457.2
Côte-Nord,2016-08-01,INDUSTRIEL,1179951838.3571427
Côte-Nord,2016-08-01,INSTITUTIONNEL,19295031.325806454
Côte-Nord,2016-09-01,INDUSTRIEL,1153639016.0
Côte-Nord,2016-09-01,INSTITUTIONNEL,21343522.771109175
Côte-Nord,2016-10-01,COMMERCIAL,35877943.8
Côte-Nord,2016-12-01,COMMERCIAL,47452850.6
Côte-Nord,2016-12-01,RÉSIDENTIEL,105512088.0
Côte-Nord,2017-01-01,AGRICOLE,416847.0
Côte-Nord,2017-01-01,COMMERCIAL,49061412.3
Côte-Nord,2017-02-01,AGRICOLE,368462.0
Côte-Nord,2017-02-01,COMMERCIAL,46419517.5
Côte-Nord,2017-02-01,INDUSTRIEL,1119409978.3999999
Côte-Nord,2017-02-01,INSTITUTIONNEL,42104328.129032254
Côte-Nord,2017-03-01,RÉSIDENTIEL,101995018.0
Côte-Nord,2017-04-01,AGRICOLE,315936.0
Côte-Nord,2017-04-01,RÉSIDENTIEL,68942169.0
Côte-Nord,2017-05-01,COMMERCIAL,29565134.299999997
Côte-Nord,2017-06-01,COMMERCIAL,26026230.0
Côte-Nord,2017-06-01,RÉSIDENTIEL,38017319.0
Côte-Nord,2017-09-01,INDUSTRIEL,1154362822.7
Côte-Nord,2017-10-01,RÉSIDENTIEL,48860810.0
Côte-Nord,2017-11-01,COMMERCIAL,41188288.9
Côte-Nord,2017-11-01,INSTITUTIONNEL,36180715.53225806
Côte-Nord,2017-11-01,RÉSIDENTIEL,78305009.0
Côte-Nord,2017-12-01,INDUSTRIEL,1245381492.4285715
Côte-Nord,2018-01-01,COMMERCIAL,51750362.5
Côte-Nord,2018-01-01,INDUSTRIEL,1266648231.2741935
Côte-Nord,2018-01-01,RÉSIDENTIEL,117772496.0
Côte-Nord,2018-02-01,COMMERCIAL,45371960.0
Côte-Nord,2018-02-01,RÉSIDENTIEL,94301688.0
Côte-Nord,2018-03-01,AGRICOLE,381063.0
Côte-Nord,2018-03-01,INSTITUTIONNEL,39457672.55
Côte-Nord,2018-03-01,RÉSIDENTIEL,86713421.0
Côte-Nord,2018-04-01,AGRICOLE,339884.0
Côte-Nord,2018-04-01,INSTITUTIONNEL,33696436.71333333
Côte-Nord,2018-06-01,INDUSTRIEL,1187351036.0605838
Côte-Nord,2018-06-01,INSTITUTIONNEL,20748111.67425209
Côte-Nord,2018-06-01,RÉSIDENTIEL,40768545.0
Côte-Nord,2018-07-01,AGRICOLE,258885.0
Côte-Nord,2018-07-01,INDUSTRIEL,1221287657.4725962
Côte-Nord,2018-07-01,INSTITUTIONNEL,18496122.493489847
Côte-Nord,2018-07-01,RÉSIDENTIEL,33291759.0
Côte-Nord,2018-08-01,COMMERCIAL,27352673.5
Côte-Nord,2018-08-01,INDUSTRIEL,1221462327.5018435
Côte-Nord,2018-08-01,INSTITUTIONNEL,18901262.85483871
Côte-Nord,2018-09-01,COMMERCIAL,27313227.7
Côte-Nord,2018-10-01,AGRICOLE,313189.0
Côte-Nord,2018-10-01,INDUSTRIEL,1249175418.830854
Côte-Nord,2018-10-01,RÉSIDENTIEL,65724868.0
Côte-Nord,2018-11-01,AGRICOLE,358673.0
Côte-Nord,2018-11-01,INDUSTRIEL,1210835911.5558128
Côte-Nord,2018-12-01,INSTITUTIONNEL,46245961.90967742
Côte-Nord,2019-01-01,AGRICOLE,473434.0
Côte-Nord,2019-01-01,INSTITUTIONNEL,49826605.422580644
Côte-Nord,2019-02-01,RÉSIDENTIEL,102290300.0
Côte-Nord,2019-03-01,AGRICOLE,414729.0
Côte-Nord,2019-03-01,COMMERCIAL,44843611.3
Côte-Nord,2019-04-01,INDUSTRIEL,1211197638.2574809
Côte-Nord,2019-05-01,INDUSTRIEL,1241837610.702427
Côte-Nord,2019-06-01,INSTITUTIONNEL,24725111.137634408
Côte-Nord,2019-06-01,RÉSIDENTIEL,39921771.0
Côte-Nord,2019-07-01,AGRICOLE,256162.0
Côte-Nord,2019-07-01,RÉSIDENTIEL,32533412.0
Côte-Nord,2019-08-01,INDUSTRIEL,1233558217.897572
Côte-Nord,2019-08-01,INSTITUTIONNEL,24585645.367741935
Côte-Nord,2019-09-01,AGRICOLE,237739.0
Côte-Nord,2019-09-01,INDUSTRIEL,1187076230.0866973
Côte-Nord,2019-10-01,COMMERCIAL,32214667.5
Côte-Nord,2019-12-01,AGRICOLE,422266.0
Côte-Nord,2019-12-01,INDUSTRIEL,1291202709.2923195
Côte-Nord,2020-02-01,AGRICOLE,435753.0
Côte-Nord,2020-02-01,INDUSTRIEL,1237171258.1646273
Côte-Nord,2020-02-01,INSTITUTIONNEL,51530821.1
Côte-Nord,2020-03-01,AGRICOLE,416912.0
Côte-Nord,2020-04-01,AGRICOLE,344177.0
Côte-Nord,2020-04-01,COMMERCIAL,34505240.5
Côte-Nord,2020-04-01,INDUSTRIEL,1135793575.7425807
Côte-Nord,2020-04-01,RÉSIDENTIEL,70859272.0
Côte-Nord,2020-06-01,AGRICOLE,271374.0
Côte-Nord,2020-06-01,COMMERCIAL,23272513.4
Côte-Nord,2020-06-01,INSTITUTIONNEL,26815331.224731185
Côte-Nord,2020-06-01,RÉSIDENTIEL,38272009.0
Côte-Nord,2020-08-01,RÉSIDENTIEL,33659785.0
Côte-Nord,2020-09-01,INDUSTRIEL,1139588008.3564978
Côte-Nord,2020-09-01,RÉSIDENTIEL,40192975.0
Côte-Nord,2020-10-01,AGRICOLE,302088.0
Côte-Nord,2020-11-01,AGRICOLE,340302.0
Côte-Nord,2020-11-01,RÉSIDENTIEL,78068378.0
Côte-Nord,2020-12-01,INDUSTRIEL,1260005240.1647618
Côte-Nord,2020-12-01,INSTITUTIONNEL,49905892.158064514
Côte-Nord,2021-01-01,INDUSTRIEL,1261504542.0543778
Côte-Nord,2021-02-01,RÉSIDENTIEL,92673826.0
Côte-Nord,2021-04-01,COMMERCIAL,30227192.7
Côte-Nord,2021-05-01,INDUSTRIEL,1173735051.7950537
Côte-Nord,2021-05-01,INSTITUTIONNEL,32095820.204946235
Côte-Nord,2021-05-01,RÉSIDENTIEL,54105832.0
Côte-Nord,2021-06-01,INDUSTRIEL,1127717952.0849462
Côte-Nord,2021-07-01,AGRICOLE,265350.0
Côte-Nord,2021-07-01,COMMERCIAL,23769390.900000002
Côte-Nord,2021-07-01,RÉSIDENTIEL,34367380.0
Côte-Nord,2021-08-01,COMMERCIAL,26108549.0
Côte-Nord,2021-08-01,INDUSTRIEL,1190622980.8299541
Côte-Nord,2021-08-01,RÉSIDENTIEL,32490626.0
Côte-Nord,2021-09-01,INSTITUTIONNEL,26662460.37247312
Côte-Nord,2021-09-01,RÉSIDENTIEL,35911653.0
Côte-Nord,2021-10-01,COMMERCIAL,31354828.9
Côte-Nord,2021-10-01,INDUSTRIEL,1207118198.9774194
Côte-Nord,2021-10-01,RÉSIDENTIEL,48212295.0
Côte-Nord,2021-11-01,RÉSIDENTIEL,71231308.0
Côte-Nord,2021-12-01,RÉSIDENTIEL,102637743.0
Côte-Nord,2022-02-01,COMMERCIAL,50194826.3
Côte-Nord,2022-02-01,INSTITUTIONNEL,48906032.94390805
Côte-Nord,2022-04-01,RÉSIDENTIEL,70018783.0
Côte-Nord,2022-05-01,COMMERCIAL,40121351.6
Côte-Nord,2022-05-01,INDUSTRIEL,1238033470.6834717
Côte-Nord,2022-05-01,INSTITUTIONNEL,30798310.805268817
Côte-Nord,2022-06-01,INDUSTRIEL,1178934632.2689095
Côte-Nord,2022-06-01,INSTITUTIONNEL,25632574.508064516
Côte-Nord,2022-06-01,RÉSIDENTIEL,38073209.0
Côte-Nord,2022-08-01,INSTITUTIONNEL,24036890.05483871
Côte-Nord,2022-09-01,INDUSTRIEL,1189396854.817665
Côte-Nord,2022-09-01,RÉSIDENTIEL,36280246.0
Côte-Nord,2022-10-01,AGRICOLE,311895.0
Côte-Nord,2022-10-01,INDUSTRIEL,1252665832.3003073
Côte-Nord,2022-11-01,COMMERCIAL,51409456.3
Côte-Nord,2022-11-01,INDUSTRIEL,1229022408.3920736
Côte-Nord,2022-11-01,INSTITUTIONNEL,38452439.896774195
Côte-Nord,2022-12-01,AGRICOLE,472550.0
Côte-Nord,2023-01-01,COMMERCIAL,61665133.1
Côte-Nord,2023-01-01,INSTITUTIONNEL,48774434.53337041
Côte-Nord,2023-01-01,RÉSIDENTIEL,108578735.0
Côte-Nord,2023-02-01,COMMERCIAL,56848593.400000006
Côte-Nord,2023-03-01,INDUSTRIEL,1273042955.8120494
Côte-Nord,2023-04-01,COMMERCIAL,46894262.699999996
Côte-Nord,2023-04-01,INSTITUTIONNEL,34185150.19
Côte-Nord,2023-05-01,RÉSIDENTIEL,51538942.0
Côte-Nord,2023-06-01,AGRICOLE,286434.0
Côte-Nord,2023-07-01,COMMERCIAL,34201660.6
Côte-Nord,2023-07-01,INDUSTRIEL,1235770011.597742
Côte-Nord,2023-07-01,INSTITUTIONNEL,23027220.309892476
Côte-Nord,2023-07-01,RÉSIDENTIEL,33488712.0
Côte-Nord,2023-08-01,INDUSTRIEL,1228510754.3347926
Côte-Nord,2023-08-01,INSTITUTIONNEL,26736553.16129032
Côte-Nord,2023-09-01,COMMERCIAL,33256674.3
Côte-Nord,2023-10-01,AGRICOLE,295879.0
Côte-Nord,2023-10-01,INDUSTRIEL,1249883299.674908
Côte-Nord,2023-10-01,INSTITUTIONNEL,36142327.56397849
Côte-Nord,2023-10-01,RÉSIDENTIEL,48161383.0
Côte-Nord,2023-11-01,INDUSTRIEL,1235264656.565092
Côte-Nord,2023-12-01,COMMERCIAL,58579762.3
Côte-Nord,2023-12-01,RÉSIDENTIEL,95807020.0
Estrie,2016-01-01,COMMERCIAL,
Estrie,2016-01-01,INDUSTRIEL,
Estrie,2016-01-01,INSTITUTIONNEL,
Estrie,2016-01-01,RÉSIDENTIEL,
Estrie,2016-02-01,INDUSTRIEL,
Estrie,2016-04-01,INDUSTRIEL,
Estrie,2016-04-01,INSTITUTIONNEL,
Estrie,2016-05-01,INSTITUTIONNEL,
Estrie,2016-07-01,RÉSIDENTIEL,
Estrie,2016-08-01,INSTITUTIONNEL,
Estrie,2016-09-01,AGRICOLE,
Estrie,2016-09-01,COMMERCIAL,
Estrie,2016-09-01,INDUSTRIEL,
Estrie,2016-09-01,INSTITUTIONNEL,
Estrie,2016-09-01,RÉSIDENTIEL,
Estrie,2016-10-01,AGRICOLE,
Estrie,2016-10-01,RÉSIDENTIEL,
Estrie,2016-11-01,AGRICOLE,
Estrie,2016-11-01,INDUSTRIEL,
Estrie,2016-12-01,AGRICOLE,
Estrie,2017-01-01,COMMERCIAL,
Estrie,2017-02-01,INSTITUTIONNEL,
Estrie,2017-04-01,COMMERCIAL,
Estrie,2017-05-01,AGRICOLE,
Estrie,2017-05-01,INSTITUTIONNEL,
Estrie,2017-07-01,INSTITUTIONNEL,
Estrie,2017-08-01,INDUSTRIEL,
Estrie,2017-08-01,RÉSIDENTIEL,
Estrie,2017-09-01,INDUSTRIEL,
Estrie,2017-09-01,RÉSIDENTIEL,
Estrie,2017-10-01,COMMERCIAL,
Estrie,2017-10-01,INSTITUTIONNEL,
Estrie,2018-01-01,INSTITUTIONNEL,
Estrie,2018-01-01,RÉSIDENTIEL,
Estrie,2018-02-01,AGRICOLE,
Estrie,2018-03-01,COMMERCIAL,
Estrie,2018-03-01,INDUSTRIEL,
Estrie,2018-03-01,INSTITUTIONNEL,
Estrie,2018-03-01,RÉSIDENTIEL,
Estrie,2018-04-01,INDUSTRIEL,
Estrie,2018-04-01,RÉSIDENTIEL,
Estrie,2018-05-01,AGRICOLE,
Estrie,2018-05-01,INDUSTRIEL,
Estrie,2018-05-01,INSTITUTIONNEL,
Estrie,2018-05-01,RÉSIDENTIEL,
Estrie,2018-07-01,INSTITUTIONNEL,
Estrie,2018-09-01,INSTITUTIONNEL,
Estrie,2018-10-01,INSTITUTIONNEL,
Estrie,2018-10-01,RÉSIDENTIEL,
Estrie,2018-11-01,AGRICOLE,
Estrie,2018-11-01,COMMERCIAL,
Estrie,2018-11-01,RÉSIDENTIEL,
Estrie,2018-12-01,RÉSIDENTIEL,
Estrie,2019-01-01,INDUSTRIEL,
Estrie,2019-02-01,COMMERCIAL,
Estrie,2019-02-01,INSTITUTIONNEL,
Estrie,2019-03-01,INSTITUTIONNEL,
Estrie,2019-04-01,AGRICOLE,
Estrie,2019-04-01,COMMERCIAL,
Estrie,2019-04-01,INDUSTRIEL,
Estrie,2019-04-01,RÉSIDENTIEL,
Estrie,2019-05-01,AGRICOLE,
Estrie,2019-05-01,COMMERCIAL,
Estrie,2019-06-01,AGRICOLE,
Estrie,2019-06-01,RÉSIDENTIEL,
Estrie,2019-07-01,INDUSTRIEL,
Estrie,2019-07-01,RÉSIDENTIEL,
Estrie,2019-08-01,AGRICOLE,
Estrie,2019-08-01,INSTITUTIONNEL,
Estrie,2019-08-01,RÉSIDENTIEL,
Estrie,2019-09-01,INSTITUTIONNEL,
Estrie,2019-09-01,RÉSIDENTIEL,
Estrie,2019-11-01,AGRICOLE,
Estrie,2019-11-01,COMMERCIAL,
Estrie,2019-12-01,COMMERCIAL,
Estrie,2019-12-01,RÉSIDENTIEL,
Estrie,2020-01-01,AGRICOLE,
Estrie,2020-04-01,AGRICOLE,
Estrie,2020-05-01,AGRICOLE,
Estrie,2020-05-01,RÉSIDENTIEL,
Estrie,2020-06-01,COMMERCIAL,
Estrie,2020-07-01,AGRICOLE,
Estrie,2020-07-01,RÉSIDENTIEL,
Estrie,2020-08-01,INDUSTRIEL,
Estrie,2020-09-01,AGRICOLE,
Estrie,2020-09-01,COMMERCIAL,
Estrie,2020-09-01,INSTITUTIONNEL,
Estrie,2020-11-01,INSTITUTIONNEL,
Estrie,2020-12-01,COMMERCIAL,
Estrie,2020-12-01,INDUSTRIEL,
Estrie,2020-12-01,INSTITUTIONNEL,
Estrie,2020-12-01,RÉSIDENTIEL,
Estrie,2021-01-01,INDUSTRIEL,
Estrie,2021-01-01,RÉSIDENTIEL,
Estrie,2021-02-01,AGRICOLE,
Estrie,2021-02-01,COMMERCIAL,
Estrie,2021-02-01,INSTITUTIONNEL,
Estrie,2021-03-01,INDUSTRIEL,
Estrie,2021-03-01,RÉSIDENTIEL,
Estrie,2021-05-01,COMMERCIAL,
Estrie,2021-06-01,RÉSIDENTIEL,
Estrie,2021-07-01,COMMERCIAL,
Estrie,2021-07-01,INDUSTRIEL,
Estrie,2021-07-01,RÉSIDENTIEL,
Estrie,2021-08-01,AGRICOLE,
Estrie,2021-08-01,INSTITUTIONNEL,
Estrie,2021-11-01,INDUSTRIEL,
Estrie,2021-11-01,RÉSIDENTIEL,
Estrie,2021-12-01,COMMERCIAL,
Estrie,2021-12-01,RÉSIDENTIEL,
Estrie,2022-01-01,INDUSTRIEL,
Estrie,2022-01-01,RÉSIDENTIEL,
Estrie,2022-02-01,RÉSIDENTIEL,
Estrie,2022-03-01,AGRICOLE,
Estrie,2022-03-01,INSTITUTIONNEL,
Estrie,2022-04-01,AGRICOLE,
Estrie,2022-04-01,INDUSTRIEL,
Estrie,2022-04-01,INSTITUTIONNEL,
Estrie,2022-05-01,AGRICOLE,
Estrie,2022-05-01,INDUSTRIEL,
Estrie,2022-06-01,AGRICOLE,
Estrie,2022-06-01,INSTITUTIONNEL,
Estrie,2022-06-01,RÉSIDENTIEL,
Estrie,2022-07-01,INSTITUTIONNEL,
Estrie,2022-08-01,INSTITUTIONNEL,
Estrie,2022-09-01,AGRICOLE,
Estrie,2022-09-01,INDUSTRIEL,
Estrie,2022-09-01,RÉSIDENTIEL,
Estrie,2022-10-01,AGRICOLE,
Estrie,2022-11-01,AGRICOLE,
Estrie,2022-12-01,AGRICOLE,
Estrie,2022-12-01,COMMERCIAL,
Estrie,2023-01-01,INDUSTRIEL,
Estrie,2023-01-01,RÉSIDENTIEL,
Estrie,2023-03-01,INDUSTRIEL,
Estrie,2023-05-01,INDUSTRIEL,
Estrie,2023-05-01,INSTITUTIONNEL,
Estrie,2023-06-01,AGRICOLE,
Estrie,2023-06-01,RÉSIDENTIEL,
Estrie,2023-08-01,AGRICOLE,
Estrie,2023-09-01,INDUSTRIEL,
Estrie,2023-09-01,INSTITUTIONNEL,
Estrie,2023-10-01,AGRICOLE,
Estrie,2023-10-01,COMMERCIAL,
Estrie,2023-10-01,INSTITUTIONNEL,
Estrie,2023-10-01,RÉSIDENTIEL,
Estrie,2023-11-01,AGRICOLE,
Estrie,2023-12-01,COMMERCIAL,
Estrie,2023-12-01,INDUSTRIEL,
Gaspésie--Îles-de-la-Madeleine,2016-01-01,COMMERCIAL,36515432.0
Gaspésie--Îles-de-la-Madeleine,2016-01-01,INSTITUTIONNEL,15493855.0
Gaspésie--Îles-de-la-Madeleine,2016-02-01,COMMERCIAL,33432080.0
Gaspésie--Îles-de-la-Madeleine,2016-02-01,INSTITUTIONNEL,14322249.0
Gaspésie--Îles-de-la-Madeleine,2016-03-01,AGRICOLE,1153037.0
Gaspésie--Îles-de-la-Madeleine,2016-03-01,INDUSTRIEL,7689397.0
Gaspésie--Îles-de-la-Madeleine,2016-04-01,INDUSTRIEL,8314424.0
Gaspésie--Îles-de-la-Madeleine,2016-04-01,INSTITUTIONNEL,11468631.0
Gaspésie--Îles-de-la-Madeleine,2016-05-01,COMMERCIAL,25171460.0
Gaspésie--Îles-de-la-Madeleine,2016-05-01,INSTITUTIONNEL,9270470.0
Gaspésie--Îles-de-la-Madeleine,2016-06-01,AGRICOLE,711604.0
Gaspésie--Îles-de-la-Madeleine,2016-06-01,COMMERCIAL,23525975.0
Gaspésie--Îles-de-la-Madeleine,2016-06-01,RÉSIDENTIEL,43438920.0
Gaspésie--Îles-de-la-Madeleine,2016-07-01,AGRICOLE,689724.0
Gaspésie--Îles-de-la-Madeleine,2016-08-01,COMMERCIAL,24822067.0
Gaspésie--Îles-de-la-Madeleine,2016-08-01,INDUSTRIEL,7737446.0
Gaspésie--Îles-de-la-Madeleine,2016-09-01,COMMERCIAL,22917683.0
Gaspésie--Îles-de-la-Madeleine,2016-09-01,INSTITUTIONNEL,7793875.0
Gaspésie--Îles-de-la-Madeleine,2016-09-01,RÉSIDENTIEL,38222895.0
Gaspésie--Îles-de-la-Madeleine,2016-10-01,RÉSIDENTIEL,54846925.0
Gaspésie--Îles-de-la-Madeleine,2016-11-01,INDUSTRIEL,8462566.600000001
Gaspésie--Îles-de-la-Madeleine,2016-12-01,INDUSTRIEL,9060765.6
Gaspésie--Îles-de-la-Madeleine,2017-01-01,COMMERCIAL,36860609.0
Gaspésie--Îles-de-la-Madeleine,2017-01-01,INDUSTRIEL,9058356.1
Gaspésie--Îles-de-la-Madeleine,2017-01-01,INSTITUTIONNEL,14950659.0
Gaspésie--Îles-de-la-Madeleine,2017-02-01,AGRICOLE,1084852.0
Gaspésie--Îles-de-la-Madeleine,2017-03-01,AGRICOLE,1221505.0
Gaspésie--Îles-de-la-Madeleine,2017-03-01,INSTITUTIONNEL,14217806.0
Gaspésie--Îles-de-la-Madeleine,2017-04-01,AGRICOLE,1147676.0
Gaspésie--Îles-de-la-Madeleine,2017-05-01,AGRICOLE,903384.0
Gaspésie--Îles-de-la-Madeleine,2017-05-01,INDUSTRIEL,13150983.9
Gaspésie--Îles-de-la-Madeleine,2017-05-01,INSTITUTIONNEL,9406832.0
Gaspésie--Îles-de-la-Madeleine,2017-06-01,INDUSTRIEL,15310246.799999999
Gaspésie--Îles-de-la-Madeleine,2017-06-01,INSTITUTIONNEL,7267761.0
Gaspésie--Îles-de-la-Madeleine,2017-07-01,COMMERCIAL,23422816.0
Gaspésie--Îles-de-la-Madeleine,2017-08-01,AGRICOLE,735254.0
Gaspésie--Îles-de-la-Madeleine,2017-08-01,COMMERCIAL,23587773.0
Gaspésie--Îles-de-la-Madeleine,2017-08-01,INDUSTRIEL,19255476.8
Gaspésie--Îles-de-la-Madeleine,2017-08-01,INSTITUTIONNEL,6762794.0
Gaspésie--Îles-de-la-Madeleine,2017-08-01,RÉSIDENTIEL,38465888.0
Gaspésie--Îles-de-la-Madeleine,2017-09-01,INDUSTRIEL,18183062.2
Gaspésie--Îles-de-la-Madeleine,2017-11-01,COMMERCIAL,28431431.0
Gaspésie--Îles-de-la-Madeleine,2017-11-01,INDUSTRIEL,17367891.4
Gaspésie--Îles-de-la-Madeleine,2017-12-01,COMMERCIAL,34998720.0
Gaspésie--Îles-de-la-Madeleine,2018-01-01,INDUSTRIEL,15557909.2
Gaspésie--Îles-de-la-Madeleine,2018-01-01,INSTITUTIONNEL,15740901.0
Gaspésie--Îles-de-la-Madeleine,2018-01-01,RÉSIDENTIEL,113241306.0
Gaspésie--Îles-de-la-Madeleine,2018-02-01,COMMERCIAL,31323783.0
Gaspésie--Îles-de-la-Madeleine,2018-02-01,RÉSIDENTIEL,94665011.0
Gaspésie--Îles-de-la-Madeleine,2018-03-01,INDUSTRIEL,19126571.700000003
Gaspésie--Îles-de-la-Madeleine,2018-03-01,INSTITUTIONNEL,13191429.0
Gaspésie--Îles-de-la-Madeleine,2018-04-01,INDUSTRIEL,25349396.299999997
Gaspésie--Îles-de-la-Madeleine,2018-04-01,INSTITUTIONNEL,11412201.0
Gaspésie--Îles-de-la-Madeleine,2018-05-01,INDUSTRIEL,24945077.299999997
Gaspésie--Îles-de-la-Madeleine,2018-05-01,INSTITUTIONNEL,9335558.0
Gaspésie--Îles-de-la-Madeleine,2018-05-01,RÉSIDENTIEL,57093475.0
Gaspésie--Îles-de-la-Madeleine,2018-06-01,COMMERCIAL,23340155.0
Gaspésie--Îles-de-la-Madeleine,2018-07-01,INSTITUTIONNEL,6467820.0
Gaspésie--Îles-de-la-Madeleine,2018-09-01,RÉSIDENTIEL,40763351.0
Gaspésie--Îles-de-la-Madeleine,2018-10-01,COMMERCIAL,25918665.0
Gaspésie--Îles-de-la-Madeleine,2018-11-01,INSTITUTIONNEL,12746876.0
Gaspésie--Îles-de-la-Madeleine,2018-12-01,INSTITUTIONNEL,14613835.0
Gaspésie--Îles-de-la-Madeleine,2019-01-01,AGRICOLE,1281583.0
Gaspésie--Îles-de-la-Madeleine,2019-01-01,INDUSTRIEL,12506800.5
Gaspésie--Îles-de-la-Madeleine,2019-01-01,RÉSIDENTIEL,114676470.0
Gaspésie--Îles-de-la-Madeleine,2019-02-01,INSTITUTIONNEL,14383809.0
Gaspésie--Îles-de-la-Madeleine,2019-03-01,INDUSTRIEL,24278027.299999997
Gaspésie--Îles-de-la-Madeleine,2019-04-01,AGRICOLE,1202803.0
Gaspésie--Îles-de-la-Madeleine,2019-06-01,AGRICOLE,694469.0
Gaspésie--Îles-de-la-Madeleine,2019-07-01,COMMERCIAL,24191795.0
Gaspésie--Îles-de-la-Madeleine,2019-07-01,INDUSTRIEL,21216765.8
Gaspésie--Îles-de-la-Madeleine,2019-07-01,INSTITUTIONNEL,6429335.0
Gaspésie--Îles-de-la-Madeleine,2019-08-01,INDUSTRIEL,25598756.4
Gaspésie--Îles-de-la-Madeleine,2019-08-01,INSTITUTIONNEL,6598834.0
Gaspésie--Îles-de-la-Madeleine,2019-08-01,RÉSIDENTIEL,38551527.0
Gaspésie--Îles-de-la-Madeleine,2019-09-01,AGRICOLE,721837.0
Gaspésie--Îles-de-la-Madeleine,2019-09-01,INDUSTRIEL,27057444.5
Gaspésie--Îles-de-la-Madeleine,2019-10-01,COMMERCIAL,23811872.0
Gaspésie--Îles-de-la-Madeleine,2019-10-01,INDUSTRIEL,25133320.4
Gaspésie--Îles-de-la-Madeleine,2019-10-01,INSTITUTIONNEL,10001027.0
Gaspésie--Îles-de-la-Madeleine,2019-11-01,AGRICOLE,947237.0
Gaspésie--Îles-de-la-Madeleine,2019-11-01,INDUSTRIEL,26655330.200000003
Gaspésie--Îles-de-la-Madeleine,2019-11-01,INSTITUTIONNEL,12411214.0
Gaspésie--Îles-de-la-Madeleine,2020-01-01,AGRICOLE,1152229.0
Gaspésie--Îles-de-la-Madeleine,2020-01-01,INDUSTRIEL,26564771.7
Gaspésie--Îles-de-la-Madeleine,2020-02-01,AGRICOLE,1088775.0
Gaspésie--Îles-de-la-Madeleine,2020-02-01,COMMERCIAL,33280787.0
Gaspésie--Îles-de-la-Madeleine,2020-02-01,INSTITUTIONNEL,13672097.0
Gaspésie--Îles-de-la-Madeleine,2020-02-01,RÉSIDENTIEL,98510802.0
Gaspésie--Îles-de-la-Madeleine,2020-03-01,AGRICOLE,1151499.0
Gaspésie--Îles-de-la-Madeleine,2020-03-01,COMMERCIAL,31941247.0
Gaspésie--Îles-de-la-Madeleine,2020-04-01,RÉSIDENTIEL,76638060.0
Gaspésie--Îles-de-la-Madeleine,2020-05-01,AGRICOLE,841192.0
Gaspésie--Îles-de-la-Madeleine,2020-05-01,INDUSTRIEL,15050994.6
Gaspésie--Îles-de-la-Madeleine,2020-05-01,INSTITUTIONNEL,8035575.0
Gaspésie--Îles-de-la-Madeleine,2020-06-01,AGRICOLE,637622.0
Gaspésie--Îles-de-la-Madeleine,2020-06-01,COMMERCIAL,22014487.0
Gaspésie--Îles-de-la-Madeleine,2020-06-01,INSTITUTIONNEL,6024556.0
Gaspésie--Îles-de-la-Madeleine,2020-07-01,AGRICOLE,666607.0
Gaspésie--Îles-de-la-Madeleine,2020-07-01,INDUSTRIEL,25518518.700000003
Gaspésie--Îles-de-la-Madeleine,2020-07-01,RÉSIDENTIEL,40712845.0
Gaspésie--Îles-de-la-Madeleine,2020-08-01,AGRICOLE,703583.0
Gaspésie--Îles-de-la-Madeleine,2020-08-01,INDUSTRIEL,29049579.299999997
Gaspésie--Îles-de-la-Madeleine,2020-08-01,INSTITUTIONNEL,6250378.0
Gaspésie--Îles-de-la-Madeleine,2020-08-01,RÉSIDENTIEL,40625010.0
Gaspésie--Îles-de-la-Madeleine,2020-10-01,INDUSTRIEL,29548535.7
Gaspésie--Îles-de-la-Madeleine,2020-10-01,RÉSIDENTIEL,61103955.0
Gaspésie--Îles-de-la-Madeleine,2020-11-01,COMMERCIAL,28630023.0
Gaspésie--Îles-de-la-Madeleine,2020-11-01,INSTITUTIONNEL,11652852.0
Gaspésie--Îles-de-la-Madeleine,2020-12-01,AGRICOLE,1049487.0
Gaspésie--Îles-de-la-Madeleine,2020-12-01,COMMERCIAL,33963158.0
Gaspésie--Îles-de-la-Madeleine,2021-01-01,AGRICOLE,1110716.0
Gaspésie--Îles-de-la-Madeleine,2021-01-01,INDUSTRIEL,22278583.3
Gaspésie--Îles-de-la-Madeleine,2021-01-01,RÉSIDENTIEL,103132891.0
Gaspésie--Îles-de-la-Madeleine,2021-03-01,COMMERCIAL,32508507.0
Gaspésie--Îles-de-la-Madeleine,2021-04-01,AGRICOLE,1052592.0
Gaspésie--Îles-de-la-Madeleine,2021-05-01,INDUSTRIEL,29511666.4
Gaspésie--Îles-de-la-Madeleine,2021-05-01,INSTITUTIONNEL,9456292.0
Gaspésie--Îles-de-la-Madeleine,2021-06-01,COMMERCIAL,22478630.0
Gaspésie--Îles-de-la-Madeleine,2021-06-01,INDUSTRIEL,28966336.299999997
Gaspésie--Îles-de-la-Madeleine,2021-07-01,INSTITUTIONNEL,7278096.0
Gaspésie--Îles-de-la-Madeleine,2021-08-01,AGRICOLE,714244.0
Gaspésie--Îles-de-la-Madeleine,2021-09-01,AGRICOLE,717898.0
Gaspésie--Îles-de-la-Madeleine,2021-09-01,INSTITUTIONNEL,8587300.0
Gaspésie--Îles-de-la-Madeleine,2021-09-01,RÉSIDENTIEL,41433276.0
Gaspésie--Îles-de-la-Madeleine,2021-10-01,INDUSTRIEL,29954979.3
Gaspésie--Îles-de-la-Madeleine,2021-10-01,INSTITUTIONNEL,10347959.0
Gaspésie--Îles-de-la-Madeleine,2021-11-01,AGRICOLE,876945.0
Gaspésie--Îles-de-la-Madeleine,2021-11-01,COMMERCIAL,26377528.0
Gaspésie--Îles-de-la-Madeleine,2021-11-01,INSTITUTIONNEL,12614650.0
Gaspésie--Îles-de-la-Madeleine,2021-11-01,RÉSIDENTIEL,75131111.0
Gaspésie--Îles-de-la-Madeleine,2021-12-01,INDUSTRIEL,30491039.7
Gaspésie--Îles-de-la-Madeleine,2022-01-01,RÉSIDENTIEL,127148238.0
Gaspésie--Îles-de-la-Madeleine,2022-02-01,RÉSIDENTIEL,106675282.0
Gaspésie--Îles-de-la-Madeleine,2022-03-01,COMMERCIAL,33782351.0
Gaspésie--Îles-de-la-Madeleine,2022-03-01,INDUSTRIEL,22385181.1
Gaspésie--Îles-de-la-Madeleine,2022-03-01,INSTITUTIONNEL,14981481.0
Gaspésie--Îles-de-la-Madeleine,2022-04-01,AGRICOLE,1233820.0
Gaspésie--Îles-de-la-Madeleine,2022-04-01,COMMERCIAL,26863239.0
Gaspésie--Îles-de-la-Madeleine,2022-04-01,INDUSTRIEL,29241028.5
Gaspésie--Îles-de-la-Madeleine,2022-04-01,RÉSIDENTIEL,78499575.0
Gaspésie--Îles-de-la-Madeleine,2022-05-01,AGRICOLE,910175.0
Gaspésie--Îles-de-la-Madeleine,2022-05-01,COMMERCIAL,24195038.0
Gaspésie--Îles-de-la-Madeleine,2022-05-01,INSTITUTIONNEL,9942515.0
Gaspésie--Îles-de-la-Madeleine,2022-05-01,RÉSIDENTIEL,59438139.0
Gaspésie--Îles-de-la-Madeleine,2022-06-01,COMMERCIAL,23242213.0
Gaspésie--Îles-de-la-Madeleine,2022-06-01,INDUSTRIEL,29931920.5
Gaspésie--Îles-de-la-Madeleine,2022-06-01,INSTITUTIONNEL,7898451.0
Gaspésie--Îles-de-la-Madeleine,2022-06-01,RÉSIDENTIEL,44658060.0
Gaspésie--Îles-de-la-Madeleine,2022-07-01,COMMERCIAL,23834974.0
Gaspésie--Îles-de-la-Madeleine,2022-07-01,INSTITUTIONNEL,7120550.0
Gaspésie--Îles-de-la-Madeleine,2022-07-01,RÉSIDENTIEL,42288296.0
Gaspésie--Îles-de-la-Madeleine,2022-08-01,AGRICOLE,726102.0
Gaspésie--Îles-de-la-Madeleine,2022-08-01,RÉSIDENTIEL,41054853.0
Gaspésie--Îles-de-la-Madeleine,2022-09-01,INSTITUTIONNEL,8197539.0
Gaspésie--Îles-de-la-Madeleine,2022-10-01,AGRICOLE,749116.0
Gaspésie--Îles-de-la-Madeleine,2022-10-01,COMMERCIAL,22373316.0
Gaspésie--Îles-de-la-Madeleine,2022-10-01,INDUSTRIEL,29970196.7
Gaspésie--Îles-de-la-Madeleine,2022-11-01,AGRICOLE,879224.0
Gaspésie--Îles-de-la-Madeleine,2022-12-01,AGRICOLE,1091387.0
Gaspésie--Îles-de-la-Madeleine,2023-01-01,COMMERCIAL,38042380.0
Gaspésie--Îles-de-la-Madeleine,2023-01-01,RÉSIDENTIEL,111742927.0
Gaspésie--Îles-de-la-Madeleine,2023-02-01,COMMERCIAL,36644165.0
Gaspésie--Îles-de-la-Madeleine,2023-02-01,INDUSTRIEL,19550813.2
Gaspésie--Îles-de-la-Madeleine,2023-02-01,RÉSIDENTIEL,110867699.0
Gaspésie--Îles-de-la-Madeleine,2023-03-01,INSTITUTIONNEL,14207744.0
Gaspésie--Îles-de-la-Madeleine,2023-04-01,INDUSTRIEL,31369576.5
Gaspésie--Îles-de-la-Madeleine,2023-04-01,INSTITUTIONNEL,11730346.0
Gaspésie--Îles-de-la-Madeleine,2023-04-01,RÉSIDENTIEL,76716840.0
Gaspésie--Îles-de-la-Madeleine,2023-05-01,AGRICOLE,878585.0
Gaspésie--Îles-de-la-Madeleine,2023-05-01,INDUSTRIEL,28452180.3
Gaspésie--Îles-de-la-Madeleine,2023-05-01,INSTITUTIONNEL,10001484.0
Gaspésie--Îles-de-la-Madeleine,2023-05-01,RÉSIDENTIEL,61899435.0
Gaspésie--Îles-de-la-Madeleine,2023-06-01,AGRICOLE,697783.0
Gaspésie--Îles-de-la-Madeleine,2023-06-01,COMMERCIAL,24905787.0
Gaspésie--Îles-de-la-Madeleine,2023-06-01,INDUSTRIEL,31668531.900000002
Gaspésie--Îles-de-la-Madeleine,2023-06-01,INSTITUTIONNEL,8210039.0
Gaspésie--Îles-de-la-Madeleine,2023-07-01,COMMERCIAL,25990219.0
Gaspésie--Îles-de-la-Madeleine,2023-07-01,INDUSTRIEL,31979018.0
Gaspésie--Îles-de-la-Madeleine,2023-09-01,COMMERCIAL,23084833.0
Gaspésie--Îles-de-la-Madeleine,2023-10-01,AGRICOLE,741220.0
Gaspésie--Îles-de-la-Madeleine,2023-10-01,COMMERCIAL,23967084.0
Gaspésie--Îles-de-la-Madeleine,2023-10-01,RÉSIDENTIEL,53435972.0
Gaspésie--Îles-de-la-Madeleine,2023-11-01,COMMERCIAL,30716749.0
Gaspésie--Îles-de-la-Madeleine,2023-11-01,INSTITUTIONNEL,13411490.0
Gaspésie--Îles-de-la-Madeleine,2023-12-01,INDUSTRIEL,30495692.599999998
Gaspésie--Îles-de-la-Madeleine,2023-12-01,INSTITUTIONNEL,14654564.0
Gaspésie--Îles-de-la-Madeleine,2023-12-01,RÉSIDENTIEL,102157911.0
Lanaudière,2016-01-01,RÉSIDENTIEL,606612171.0
Lanaudière,2016-02-01,INDUSTRIEL,64626096.78571428
Lanaudière,2016-02-01,INSTITUTIONNEL,61863824.04019204
Lanaudière,2016-03-01,RÉSIDENTIEL,470379751.0
Lanaudière,2016-05-01,INDUSTRIEL,71005501.9020154
Lanaudière,2016-07-01,AGRICOLE,9293309.0
Lanaudière,2016-07-01,INSTITUTIONNEL,39560318.173548386
Lanaudière,2016-08-01,AGRICOLE,10165259.0
Lanaudière,2016-08-01,INSTITUTIONNEL,40944443.20967742
Lanaudière,2016-08-01,RÉSIDENTIEL,240621751.0
Lanaudière,2016-09-01,RÉSIDENTIEL,210544536.0
Lanaudière,2016-10-01,COMMERCIAL,83443271.0
Lanaudière,2016-10-01,RÉSIDENTIEL,273973637.0
Lanaudière,2016-12-01,COMMERCIAL,109207753.6
Lanaudière,2016-12-01,INDUSTRIEL,65589611.6
Lanaudière,2016-12-01,RÉSIDENTIEL,560107281.0
Lanaudière,2017-01-01,AGRICOLE,12864767.0
Lanaudière,2017-02-01,COMMERCIAL,100464907.0
Lanaudière,2017-02-01,INDUSTRIEL,62125128.67142858
Lanaudière,2017-02-01,INSTITUTIONNEL,58128011.08640553
Lanaudière,2017-03-01,AGRICOLE,12444347.0
Lanaudière,2017-03-01,COMMERCIAL,109098995.0
Lanaudière,2017-04-01,INDUSTRIEL,63993593.3
Lanaudière,2017-06-01,AGRICOLE,8707950.0
Lanaudière,2017-06-01,INSTITUTIONNEL,38807937.47580645
Lanaudière,2017-07-01,AGRICOLE,9177666.0
Lanaudière,2017-07-01,COMMERCIAL,85705075.0
Lanaudière,2017-07-01,RÉSIDENTIEL,234262956.0
Lanaudière,2017-08-01,RÉSIDENTIEL,231900436.0
Lanaudière,2017-09-01,AGRICOLE,9578737.0
Lanaudière,2017-09-01,RÉSIDENTIEL,218285677.0
Lanaudière,2017-10-01,AGRICOLE,10386638.0
Lanaudière,2017-11-01,INSTITUTIONNEL,54127552.519354835
Lanaudière,2017-11-01,RÉSIDENTIEL,420059847.0
Lanaudière,2017-12-01,AGRICOLE,14070698.0
Lanaudière,2017-12-01,INDUSTRIEL,68530149.0
Lanaudière,2017-12-01,INSTITUTIONNEL,69788688.13548388
Lanaudière,2017-12-01,RÉSIDENTIEL,645325138.0
Lanaudière,2018-01-01,AGRICOLE,14599746.0
Lanaudière,2018-01-01,INSTITUTIONNEL,72661590.83225808
Lanaudière,2018-02-01,AGRICOLE,11988386.0
Lanaudière,2018-02-01,INSTITUTIONNEL,59220630.31082949
Lanaudière,2018-02-01,RÉSIDENTIEL,522794628.0
Lanaudière,2018-03-01,INSTITUTIONNEL,58989642.12142857
Lanaudière,2018-03-01,RÉSIDENTIEL,468639501.0
Lanaudière,2018-04-01,INSTITUTIONNEL,51507856.4
Lanaudière,2018-06-01,COMMERCIAL,86083237.8
Lanaudière,2018-06-01,INDUSTRIEL,67779527.1
Lanaudière,2018-07-01,INSTITUTIONNEL,43701290.41290323
Lanaudière,2018-08-01,AGRICOLE,
Lanaudière,2018-08-01,COMMERCIAL,
Lanaudière,2018-08-01,INDUSTRIEL,
Lanaudière,2018-09-01,COMMERCIAL,85457553.8
Lanaudière,2018-09-01,INDUSTRIEL,68290724.2
Lanaudière,2018-10-01,AGRICOLE,11665199.0
Lanaudière,2018-10-01,INDUSTRIEL,72618604.14285713
Lanaudière,2018-12-01,INDUSTRIEL,68455439.5
Lanaudière,2018-12-01,INSTITUTIONNEL,68838292.94516128
Lanaudière,2018-12-01,RÉSIDENTIEL,601566610.0
Lanaudière,2019-01-01,INSTITUTIONNEL,75042338.55161291
Lanaudière,2019-02-01,INSTITUTIONNEL,66104081.69608295
Lanaudière,2019-03-01,AGRICOLE,12948273.0
Lanaudière,2019-04-01,AGRICOLE,11058243.0
Lanaudière,2019-04-01,COMMERCIAL,91228432.6
Lanaudière,2019-04-01,INDUSTRIEL,69070100.0
Lanaudière,2019-04-01,INSTITUTIONNEL,52609743.99
Lanaudière,2019-04-01,RÉSIDENTIEL,379519965.0
Lanaudière,2019-05-01,INDUSTRIEL,72711241.1
Lanaudière,2019-05-01,RÉSIDENTIEL,276121018.0
Lanaudière,2019-06-01,AGRICOLE,9075762.0
Lanaudière,2019-07-01,AGRICOLE,10460215.0
Lanaudière,2019-07-01,INDUSTRIEL,69302382.0
Lanaudière,2019-07-01,INSTITUTIONNEL,44942626.83516129
Lanaudière,2019-07-01,RÉSIDENTIEL,256223310.0
Lanaudière,2019-08-01,COMMERCIAL,90735980.4
Lanaudière,2019-08-01,INDUSTRIEL,72350671.1
Lanaudière,2019-08-01,RÉSIDENTIEL,242051063.0
Lanaudière,2019-09-01,INDUSTRIEL,68016715.1
Lanaudière,2019-11-01,COMMERCIAL,106233467.8
Lanaudière,2019-11-01,INDUSTRIEL,72179928.4
Lanaudière,2019-12-01,AGRICOLE,14166166.0
Lanaudière,2019-12-01,COMMERCIAL,118804696.0
Lanaudière,2019-12-01,RÉSIDENTIEL,587602075.0
Lanaudière,2020-01-01,AGRICOLE,13960481.0
Lanaudière,2020-01-01,INDUSTRIEL,72852938.0
Lanaudière,2020-01-01,INSTITUTIONNEL,71762538.54516129
Lanaudière,2020-02-01,AGRICOLE,13109082.0
Lanaudière,2020-03-01,INSTITUTIONNEL,62001349.2
Lanaudière,2020-04-01,AGRICOLE,11258402.0
Lanaudière,2020-04-01,COMMERCIAL,80289199.4
Lanaudière,2020-04-01,INDUSTRIEL,49578255.8
Lanaudière,2020-04-01,RÉSIDENTIEL,390760883.0
Lanaudière,2020-05-01,COMMERCIAL,78213818.2
Lanaudière,2020-05-01,INSTITUTIONNEL,45346340.90709677
Lanaudière,2020-07-01,AGRICOLE,11305180.0
Lanaudière,2020-07-01,RÉSIDENTIEL,277695585.0
Lanaudière,2020-08-01,INSTITUTIONNEL,44171515.51290323
Lanaudière,2020-09-01,COMMERCIAL,80078222.8
Lanaudière,2020-10-01,RÉSIDENTIEL,310060125.0
Lanaudière,2020-11-01,AGRICOLE,13253668.0
Lanaudière,2020-11-01,INSTITUTIONNEL,56128719.658064514
Lanaudière,2020-11-01,RÉSIDENTIEL,402756457.0
Lanaudière,2020-12-01,INDUSTRIEL,70020583.8
Lanaudière,2021-01-01,AGRICOLE,14488082.0
Lanaudière,2021-01-01,COMMERCIAL,117340958.3
Lanaudière,2021-02-01,INSTITUTIONNEL,65554734.6093318
Lanaudière,2021-04-01,INSTITUTIONNEL,50584494.06
Lanaudière,2021-05-01,AGRICOLE,10833653.0
Lanaudière,2021-06-01,COMMERCIAL,
Lanaudière,2021-06-01,INDUSTRIEL,
Lanaudière,2021-06-01,INSTITUTIONNEL,
Lanaudière,2021-08-01,COMMERCIAL,
Lanaudière,2021-08-01,INSTITUTIONNEL,
Lanaudière,2021-09-01,INDUSTRIEL,55988061.8
Lanaudière,2021-09-01,INSTITUTIONNEL,49239254.518387094
Lanaudière,2021-10-01,AGRICOLE,13257230.0
Lanaudière,2021-11-01,INDUSTRIEL,63592925.400000006
Lanaudière,2021-11-01,INSTITUTIONNEL,62632663.77419355
Lanaudière,2021-12-01,INDUSTRIEL,60437265.430769235
Lanaudière,2021-12-01,INSTITUTIONNEL,75757575.8967742
Lanaudière,2021-12-01,RÉSIDENTIEL,602568636.0
Lanaudière,2022-01-01,INDUSTRIEL,64927343.26923077
Lanaudière,2022-01-01,RÉSIDENTIEL,794666766.0
Lanaudière,2022-02-01,COMMERCIAL,119338034.7
Lanaudière,2022-02-01,INDUSTRIEL,59663556.7
Lanaudière,2022-02-01,INSTITUTIONNEL,75488752.07407834
Lanaudière,2022-03-01,INSTITUTIONNEL,74222181.46785715
Lanaudière,2022-04-01,COMMERCIAL,93944925.0
Lanaudière,2022-04-01,INDUSTRIEL,60256951.400000006
Lanaudière,2022-04-01,INSTITUTIONNEL,59327509.0
Lanaudière,2022-05-01,INDUSTRIEL,
Lanaudière,2022-06-01,COMMERCIAL,86512058.6
Lanaudière,2022-07-01,AGRICOLE,11683856.0
Lanaudière,2022-07-01,COMMERCIAL,93196843.3
Lanaudière,2022-08-01,INDUSTRIEL,
Lanaudière,2022-10-01,AGRICOLE,13049788.0
Lanaudière,2022-10-01,COMMERCIAL,89139974.6
Lanaudière,2022-11-01,COMMERCIAL,101526753.3
Lanaudière,2022-11-01,INSTITUTIONNEL,70814945.84838709
Lanaudière,2022-11-01,RÉSIDENTIEL,400030299.0
Lanaudière,2022-12-01,INDUSTRIEL,64022249.0
Lanaudière,2022-12-01,INSTITUTIONNEL,80953661.31612903
Lanaudière,2022-12-01,RÉSIDENTIEL,561793006.0
Lanaudière,2023-01-01,COMMERCIAL,125707590.0
Lanaudière,2023-03-01,AGRICOLE,14075454.0
Lanaudière,2023-03-01,INSTITUTIONNEL,79285211.88214286
Lanaudière,2023-04-01,AGRICOLE,12073366.0
Lanaudière,2023-04-01,COMMERCIAL,93469222.2
Lanaudière,2023-05-01,INSTITUTIONNEL,62253333.22387096
Lanaudière,2023-05-01,RÉSIDENTIEL,285508858.0
Lanaudière,2023-08-01,AGRICOLE,11121276.0
Lanaudière,2023-08-01,COMMERCIAL,93316071.5
Lanaudière,2023-08-01,INDUSTRIEL,70302050.0
Lanaudière,2023-09-01,RÉSIDENTIEL,247164767.0
Lanaudière,2023-10-01,RÉSIDENTIEL,269030539.0
Laurentides,2016-01-01,AGRICOLE,10107375.0
Laurentides,2016-01-01,INSTITUTIONNEL,49394291.4
Laurentides,2016-02-01,AGRICOLE,9435360.0
Laurentides,2016-02-01,COMMERCIAL,158192416.9
Laurentides,2016-02-01,INDUSTRIEL,64333396.88440202
Laurentides,2016-02-01,INSTITUTIONNEL,46154443.8
Laurentides,2016-02-01,RÉSIDENTIEL,738546668.0
Laurentides,2016-03-01,AGRICOLE,9598317.0
Laurentides,2016-04-01,AGRICOLE,8042309.0
Laurentides,2016-05-01,COMMERCIAL,125801884.2
Laurentides,2016-05-01,RÉSIDENTIEL,343026297.0
Laurentides,2016-06-01,RÉSIDENTIEL,296269590.0
Laurentides,2016-07-01,COMMERCIAL,131662105.0
Laurentides,2016-08-01,AGRICOLE,6415786.0
Laurentides,2016-08-01,COMMERCIAL,138180987.6
Laurentides,2016-08-01,INDUSTRIEL,65185357.21428572
Laurentides,2016-08-01,INSTITUTIONNEL,32885326.3
Laurentides,2016-08-01,RÉSIDENTIEL,312644613.0
Laurentides,2016-09-01,AGRICOLE,6227998.0
Laurentides,2016-09-01,INDUSTRIEL,62805312.891428575
Laurentides,2016-10-01,COMMERCIAL,126782163.1
Laurentides,2016-10-01,INDUSTRIEL,64565173.35142857
Laurentides,2016-11-01,COMMERCIAL,138378472.2
Laurentides,2016-11-01,INDUSTRIEL,65666720.88571429
Laurentides,2016-11-01,INSTITUTIONNEL,40378641.8
Laurentides,2017-01-01,AGRICOLE,9966099.0
Laurentides,2017-01-01,COMMERCIAL,170070168.5
Laurentides,2017-01-01,INSTITUTIONNEL,48104358.9
Laurentides,2017-03-01,INSTITUTIONNEL,47400897.0
Laurentides,2017-04-01,RÉSIDENTIEL,453789342.0
Laurentides,2017-05-01,AGRICOLE,6582573.0
Laurentides,2017-05-01,COMMERCIAL,124010636.0
Laurentides,2017-05-01,INSTITUTIONNEL,34871717.1
Laurentides,2017-06-01,INDUSTRIEL,65917092.11428571
Laurentides,2017-06-01,RÉSIDENTIEL,300330033.0
Laurentides,2017-07-01,INDUSTRIEL,62770850.9
Laurentides,2017-07-01,INSTITUTIONNEL,29939560.5
Laurentides,2017-07-01,RÉSIDENTIEL,306108121.0
Laurentides,2017-10-01,AGRICOLE,6847636.0
Laurentides,2017-10-01,INSTITUTIONNEL,34662115.1
Laurentides,2017-10-01,RÉSIDENTIEL,319017179.0
Laurentides,2017-11-01,COMMERCIAL,151616846.2
Laurentides,2017-11-01,INSTITUTIONNEL,43024083.7
Laurentides,2017-11-01,RÉSIDENTIEL,582656537.0
Laurentides,2017-12-01,INDUSTRIEL,67749233.66363636
Laurentides,2017-12-01,RÉSIDENTIEL,891283591.0
Laurentides,2018-01-01,AGRICOLE,11684106.0
Laurentides,2018-01-01,INDUSTRIEL,70693444.07272728
Laurentides,2018-01-01,INSTITUTIONNEL,52685564.8
Laurentides,2018-02-01,AGRICOLE,9628297.0
Laurentides,2018-02-01,INDUSTRIEL,64633642.86363636
Laurentides,2018-03-01,COMMERCIAL,156846913.3
Laurentides,2018-05-01,INDUSTRIEL,65652291.5
Laurentides,2018-06-01,COMMERCIAL,136923049.5
Laurentides,2018-07-01,COMMERCIAL,158454294.7
Laurentides,2018-07-01,INSTITUTIONNEL,31719453.0
Laurentides,2018-08-01,COMMERCIAL,162593051.9
Laurentides,2018-08-01,INSTITUTIONNEL,32946932.0
Laurentides,2018-09-01,AGRICOLE,6864722.0
Laurentides,2018-09-01,COMMERCIAL,147586208.4
Laurentides,2018-11-01,AGRICOLE,9951350.0
Laurentides,2018-11-01,INDUSTRIEL,66091706.699999996
Laurentides,2018-12-01,INSTITUTIONNEL,49116008.8
Laurentides,2018-12-01,RÉSIDENTIEL,825388264.0
Laurentides,2019-01-01,INSTITUTIONNEL,53326250.9
Laurentides,2019-02-01,AGRICOLE,10917449.0
Laurentides,2019-02-01,INDUSTRIEL,60743045.699999996
Laurentides,2019-02-01,INSTITUTIONNEL,46397320.4
Laurentides,2019-02-01,RÉSIDENTIEL,811252998.0
Laurentides,2019-03-01,INSTITUTIONNEL,46739528.7
Laurentides,2019-04-01,AGRICOLE,9882465.0
Laurentides,2019-04-01,INDUSTRIEL,62429689.8
Laurentides,2019-06-01,COMMERCIAL,150794868.3
Laurentides,2019-06-01,INDUSTRIEL,60789581.7
Laurentides,2019-06-01,INSTITUTIONNEL,30705301.5
Laurentides,2019-07-01,COMMERCIAL,168297559.5
Laurentides,2019-08-01,AGRICOLE,6881295.0
Laurentides,2019-08-01,COMMERCIAL,162090098.18387097
Laurentides,2019-08-01,INSTITUTIONNEL,32037021.7
Laurentides,2019-09-01,COMMERCIAL,147739530.01612902
Laurentides,2019-09-01,INDUSTRIEL,60225187.5
Laurentides,2019-09-01,RÉSIDENTIEL,287992258.0
Laurentides,2019-10-01,COMMERCIAL,155450491.0
Laurentides,2019-10-01,INSTITUTIONNEL,37077378.8
Laurentides,2019-11-01,RÉSIDENTIEL,651736365.0
Laurentides,2020-01-01,INSTITUTIONNEL,50019402.2
Laurentides,2020-01-01,RÉSIDENTIEL,838166225.0
Laurentides,2020-02-01,COMMERCIAL,192474481.9
Laurentides,2020-02-01,INSTITUTIONNEL,46416583.4
Laurentides,2020-03-01,AGRICOLE,11256295.0
Laurentides,2020-03-01,COMMERCIAL,172416178.7
Laurentides,2020-03-01,INSTITUTIONNEL,43272225.1
Laurentides,2020-04-01,INDUSTRIEL,51136271.0
Laurentides,2020-05-01,AGRICOLE,7917285.0
Laurentides,2020-05-01,COMMERCIAL,137138521.8
Laurentides,2020-05-01,INSTITUTIONNEL,31915160.9
Laurentides,2020-05-01,RÉSIDENTIEL,407913519.0
Laurentides,2020-06-01,INDUSTRIEL,58518928.1
Laurentides,2020-06-01,RÉSIDENTIEL,343547740.0
Laurentides,2020-08-01,COMMERCIAL,144130656.2
Laurentides,2020-08-01,INSTITUTIONNEL,32079885.1
Laurentides,2020-09-01,INDUSTRIEL,57598489.4
Laurentides,2020-10-01,COMMERCIAL,147078380.79999998
Laurentides,2020-10-01,INSTITUTIONNEL,37880502.3
Laurentides,2020-10-01,RÉSIDENTIEL,432889545.0
Laurentides,2020-11-01,AGRICOLE,
Laurentides,2020-11-01,COMMERCIAL,
Laurentides,2020-12-01,INSTITUTIONNEL,47864949.0
Laurentides,2021-01-01,INDUSTRIEL,59744113.800000004
Laurentides,2021-01-01,INSTITUTIONNEL,48453889.5
Laurentides,2021-02-01,AGRICOLE,11461649.0
Laurentides,2021-02-01,COMMERCIAL,181671617.6
Laurentides,2021-03-01,AGRICOLE,12146739.0
Laurentides,2021-03-01,INSTITUTIONNEL,44911548.3
Laurentides,2021-04-01,INSTITUTIONNEL,35877232.9
Laurentides,2021-05-01,INDUSTRIEL,61329083.4
Laurentides,2021-06-01,INSTITUTIONNEL,32051453.0
Laurentides,2021-07-01,INDUSTRIEL,59907850.0
Laurentides,2021-08-01,AGRICOLE,8287560.0
Laurentides,2021-08-01,COMMERCIAL,167678773.7
Laurentides,2021-09-01,INSTITUTIONNEL,32284148.5
Laurentides,2021-10-01,COMMERCIAL,160204837.4
Laurentides,2021-10-01,RÉSIDENTIEL,366848269.0
Laurentides,2021-11-01,INSTITUTIONNEL,41918073.4
Laurentides,2021-12-01,AGRICOLE,13093520.0
Laurentides,2021-12-01,COMMERCIAL,215118859.20000002
Laurentides,2021-12-01,INSTITUTIONNEL,48605419.1
Laurentides,2022-02-01,AGRICOLE,14068753.0
Laurentides,2022-02-01,COMMERCIAL,205484455.0
Laurentides,2022-02-01,INDUSTRIEL,61224189.6
Laurentides,2022-02-01,INSTITUTIONNEL,47229286.2
Laurentides,2022-03-01,RÉSIDENTIEL,748416652.0
Laurentides,2022-05-01,COMMERCIAL,154828316.4
Laurentides,2022-05-01,INSTITUTIONNEL,33725790.5
Laurentides,2022-06-01,COMMERCIAL,154043475.20000002
Laurentides,2022-06-01,RÉSIDENTIEL,331110658.0
Laurentides,2022-07-01,INSTITUTIONNEL,32143190.7
Laurentides,2022-07-01,RÉSIDENTIEL,353447019.0
Laurentides,2022-08-01,INDUSTRIEL,60564900.39999999
Laurentides,2022-09-01,INDUSTRIEL,55850869.2
Laurentides,2022-09-01,INSTITUTIONNEL,33537914.6
Laurentides,2022-10-01,INDUSTRIEL,60718163.6
Laurentides,2022-10-01,RÉSIDENTIEL,396438955.0
Laurentides,2022-11-01,RÉSIDENTIEL,551978533.0
Laurentides,2022-12-01,INDUSTRIEL,60711187.0
Laurentides,2023-01-01,COMMERCIAL,219681569.3
Laurentides,2023-01-01,INDUSTRIEL,64704610.8
Laurentides,2023-04-01,INSTITUTIONNEL,37947129.3
Laurentides,2023-05-01,RÉSIDENTIEL,385088587.0
Laurentides,2023-06-01,AGRICOLE,6876998.0
Laurentides,2023-07-01,AGRICOLE,7567445.0
Laurentides,2023-07-01,INSTITUTIONNEL,31517344.4
Laurentides,2023-08-01,RÉSIDENTIEL,346441378.0
Laurentides,2023-09-01,INDUSTRIEL,56599804.300000004
Laurentides,2023-09-01,INSTITUTIONNEL,31831018.7
Laurentides,2023-10-01,AGRICOLE,9105234.0
Laurentides,2023-10-01,COMMERCIAL,174927288.8
Laurentides,2023-10-01,INDUSTRIEL,56887292.4
Laurentides,2023-11-01,COMMERCIAL,206467880.7
Laurentides,2023-11-01,INDUSTRIEL,57747711.599999994
Laurentides,2023-11-01,INSTITUTIONNEL,42598885.6
Laval,2016-01-01,AGRICOLE,894931.0
Laval,2016-01-01,INSTITUTIONNEL,26579179.4
Laval,2016-02-01,AGRICOLE,894526.0
Laval,2016-02-01,COMMERCIAL,128070813.6
Laval,2016-02-01,INDUSTRIEL,32193233.9
Laval,2016-03-01,COMMERCIAL,122453751.8
Laval,2016-03-01,RÉSIDENTIEL,360026629.0
Laval,2016-04-01,AGRICOLE,821499.0
Laval,2016-04-01,INDUSTRIEL,31824580.9
Laval,2016-04-01,RÉSIDENTIEL,269249483.0
Laval,2016-05-01,AGRICOLE,704279.0
Laval,2016-05-01,COMMERCIAL,104156603.1
Laval,2016-05-01,INDUSTRIEL,32269736.509677418
Laval,2016-06-01,INDUSTRIEL,31725942.49032258
Laval,2016-06-01,INSTITUTIONNEL,18716711.6
Laval,2016-07-01,INSTITUTIONNEL,18557094.6
Laval,2016-07-01,RÉSIDENTIEL,179839339.0
Laval,2016-08-01,RÉSIDENTIEL,183333980.0
Laval,2016-09-01,INSTITUTIONNEL,18663677.0
Laval,2016-11-01,COMMERCIAL,110421904.4
Laval,2016-12-01,INSTITUTIONNEL,25148092.2
Laval,2016-12-01,RÉSIDENTIEL,427956822.0
Laval,2017-02-01,AGRICOLE,856065.0
Laval,2017-02-01,INDUSTRIEL,33349895.91440092
Laval,2017-02-01,INSTITUTIONNEL,23193695.4
Laval,2017-03-01,INDUSTRIEL,38968105.817857146
Laval,2017-04-01,COMMERCIAL,101206402.9
Laval,2017-04-01,INDUSTRIEL,33221761.35
Laval,2017-05-01,COMMERCIAL,100105842.0
Laval,2017-06-01,AGRICOLE,630200.0
Laval,2017-06-01,INDUSTRIEL,34330571.103225805
Laval,2017-07-01,INDUSTRIEL,34219534.98387097
Laval,2017-08-01,COMMERCIAL,106091193.4
Laval,2017-08-01,INSTITUTIONNEL,18794440.6
Laval,2017-09-01,COMMERCIAL,100482794.5
Laval,2017-10-01,COMMERCIAL,99172181.5
Laval,2017-11-01,AGRICOLE,750582.0
Laval,2017-11-01,INSTITUTIONNEL,22722237.0
Laval,2017-12-01,COMMERCIAL,139272892.1
Laval,2017-12-01,INDUSTRIEL,35363219.3
Laval,2018-01-01,AGRICOLE,1053586.0
Laval,2018-01-01,INSTITUTIONNEL,27686079.2
Laval,2018-02-01,AGRICOLE,949054.0
Laval,2018-02-01,INSTITUTIONNEL,23898856.8
Laval,2018-03-01,COMMERCIAL,122109172.6
Laval,2018-03-01,INDUSTRIEL,37459081.28928572
Laval,2018-04-01,AGRICOLE,915570.0
Laval,2018-04-01,COMMERCIAL,110316830.8
Laval,2018-04-01,INDUSTRIEL,35696231.2
Laval,2018-05-01,AGRICOLE,723933.0
Laval,2018-05-01,COMMERCIAL,103579128.0
Laval,2018-06-01,AGRICOLE,662794.0
Laval,2018-06-01,INDUSTRIEL,34842628.15483871
Laval,2018-06-01,INSTITUTIONNEL,18609270.6
Laval,2018-07-01,AGRICOLE,968653.0
Laval,2018-08-01,COMMERCIAL,114711005.1
Laval,2018-08-01,INSTITUTIONNEL,19489641.4
Laval,2018-09-01,AGRICOLE,743074.0
Laval,2018-09-01,COMMERCIAL,102021682.4
Laval,2018-10-01,AGRICOLE,837539.0
Laval,2018-11-01,COMMERCIAL,121913481.9
Laval,2018-12-01,AGRICOLE,937421.0
Laval,2018-12-01,COMMERCIAL,134229868.9
Laval,2018-12-01,INSTITUTIONNEL,25892918.6
Laval,2019-01-01,AGRICOLE,1063289.0
Laval,2019-01-01,RÉSIDENTIEL,543648043.0
Laval,2019-02-01,AGRICOLE,1041383.0
Laval,2019-03-01,INSTITUTIONNEL,25263209.4
Laval,2019-04-01,AGRICOLE,884265.0
Laval,2019-05-01,AGRICOLE,746271.0
Laval,2019-05-01,INDUSTRIEL,34542156.66612903
Laval,2019-07-01,COMMERCIAL,113907782.3
Laval,2019-07-01,INSTITUTIONNEL,19562734.0
Laval,2019-08-01,COMMERCIAL,108923132.7
Laval,2019-08-01,INDUSTRIEL,33884715.43225806
Laval,2019-10-01,RÉSIDENTIEL,197625520.0
Laval,2019-11-01,AGRICOLE,981382.0
Laval,2019-11-01,COMMERCIAL,121702026.2
Laval,2019-11-01,INDUSTRIEL,35151222.17741936
Laval,2019-11-01,INSTITUTIONNEL,23420349.2
Laval,2019-12-01,AGRICOLE,1009885.0
Laval,2019-12-01,COMMERCIAL,134530085.7
Laval,2020-02-01,AGRICOLE,1042814.0
Laval,2020-02-01,COMMERCIAL,127698264.0
Laval,2020-02-01,INDUSTRIEL,33966570.78476085
Laval,2020-02-01,RÉSIDENTIEL,426680837.0
Laval,2020-03-01,AGRICOLE,1010399.0
Laval,2020-04-01,INDUSTRIEL,27534105.160108376
Laval,2020-04-01,INSTITUTIONNEL,20293843.6
Laval,2020-04-01,RÉSIDENTIEL,282059671.0
Laval,2020-05-01,AGRICOLE,714783.0
Laval,2020-05-01,INDUSTRIEL,30051556.449569043
Laval,2020-05-01,RÉSIDENTIEL,215453334.0
Laval,2020-08-01,INDUSTRIEL,33511438.258064512
Laval,2020-09-01,AGRICOLE,803823.0
Laval,2020-09-01,INSTITUTIONNEL,18763650.7
Laval,2020-10-01,AGRICOLE,850223.0
Laval,2020-10-01,INSTITUTIONNEL,20724390.9
Laval,2020-11-01,AGRICOLE,811860.0
Laval,2020-11-01,COMMERCIAL,105654047.4
Laval,2020-11-01,RÉSIDENTIEL,287998355.0
Laval,2020-12-01,AGRICOLE,921050.0
Laval,2020-12-01,INDUSTRIEL,32280655.032258064
Laval,2020-12-01,INSTITUTIONNEL,24690200.3
Laval,2020-12-01,RÉSIDENTIEL,418971353.0
Laval,2021-01-01,COMMERCIAL,126996373.3
Laval,2021-01-01,INSTITUTIONNEL,25151006.1
Laval,2021-01-01,RÉSIDENTIEL,469785384.0
Laval,2021-02-01,AGRICOLE,1008414.0
Laval,2021-03-01,AGRICOLE,1013238.0
Laval,2021-03-01,INSTITUTIONNEL,24335520.7
Laval,2021-03-01,RÉSIDENTIEL,364777910.0
Laval,2021-04-01,COMMERCIAL,95998386.3
Laval,2021-05-01,AGRICOLE,775193.0
Laval,2021-05-01,COMMERCIAL,95340158.3
Laval,2021-05-01,INSTITUTIONNEL,19277738.3
Laval,2021-06-01,INDUSTRIEL,33087394.36129032
Laval,2021-06-01,INSTITUTIONNEL,18941382.7
Laval,2021-06-01,RÉSIDENTIEL,188438182.0
Laval,2021-07-01,RÉSIDENTIEL,193156632.0
Laval,2021-08-01,INDUSTRIEL,33680673.245161295
Laval,2021-09-01,AGRICOLE,847793.0
Laval,2021-09-01,INSTITUTIONNEL,18443921.4
Laval,2021-09-01,RÉSIDENTIEL,161770567.0
Laval,2021-10-01,INDUSTRIEL,31924753.8
Laval,2021-11-01,INSTITUTIONNEL,21965249.4
Laval,2021-11-01,RÉSIDENTIEL,298010481.0
Laval,2021-12-01,COMMERCIAL,130161938.9
Laval,2021-12-01,INDUSTRIEL,30893688.974193547
Laval,2022-01-01,INDUSTRIEL,34983288.841935486
Laval,2022-01-01,INSTITUTIONNEL,28249812.3
Laval,2022-02-01,COMMERCIAL,129218214.0
Laval,2022-02-01,INDUSTRIEL,32278140.044585254
Laval,2022-02-01,INSTITUTIONNEL,25024711.0
Laval,2022-02-01,RÉSIDENTIEL,460553513.0
Laval,2022-03-01,COMMERCIAL,126168623.6
Laval,2022-04-01,COMMERCIAL,103704948.0
Laval,2022-05-01,AGRICOLE,622996.0
Laval,2022-06-01,INSTITUTIONNEL,18439926.3
Laval,2022-07-01,AGRICOLE,870685.0
Laval,2022-07-01,COMMERCIAL,106093078.3
Laval,2022-08-01,COMMERCIAL,106544324.6
Laval,2022-08-01,RÉSIDENTIEL,190921238.0
Laval,2022-10-01,AGRICOLE,810129.0
Laval,2022-10-01,INSTITUTIONNEL,19988951.2
Laval,2022-11-01,AGRICOLE,753493.0
Laval,2022-11-01,COMMERCIAL,110529517.8
Laval,2022-11-01,INSTITUTIONNEL,21478560.1
Laval,2022-11-01,RÉSIDENTIEL,280194087.0
Laval,2022-12-01,INDUSTRIEL,29451535.47419355
Laval,2022-12-01,RÉSIDENTIEL,406332121.0
Laval,2023-01-01,COMMERCIAL,133936591.7
Laval,2023-01-01,INSTITUTIONNEL,26546678.5
Laval,2023-02-01,AGRICOLE,967850.0
Laval,2023-02-01,RÉSIDENTIEL,440199843.0
Laval,2023-03-01,INDUSTRIEL,32294552.82142857
Laval,2023-04-01,COMMERCIAL,100741925.4
Laval,2023-04-01,INDUSTRIEL,27978754.650000002
Laval,2023-04-01,RÉSIDENTIEL,246692019.0
Laval,2023-05-01,AGRICOLE,707389.0
Laval,2023-05-01,RÉSIDENTIEL,191013872.0
Laval,2023-06-01,AGRICOLE,650372.0
Laval,2023-06-01,INSTITUTIONNEL,18106969.8
Laval,2023-06-01,RÉSIDENTIEL,180361149.0
Laval,2023-07-01,COMMERCIAL,108552495.1
Laval,2023-08-01,COMMERCIAL,102957347.3
Laval,2023-10-01,AGRICOLE,928048.0
Laval,2023-10-01,INDUSTRIEL,30234629.11935484
Laval,2023-10-01,INSTITUTIONNEL,20026891.1
Laval,2023-11-01,AGRICOLE,819459.0
Laval,2023-11-01,INSTITUTIONNEL,22115677.9
Laval,2023-12-01,RÉSIDENTIEL,401913313.0
Mauricie,2016-01-01,AGRICOLE,8811885.0
Mauricie,2016-03-01,INDUSTRIEL,212315560.9110468
Mauricie,2016-04-01,INDUSTRIEL,201033942.40356627
Mauricie,2016-04-01,INSTITUTIONNEL,21376519.0
Mauricie,2016-05-01,COMMERCIAL,63396461.0
Mauricie,2016-05-01,INDUSTRIEL,191092832.15824404
Mauricie,2016-05-01,RÉSIDENTIEL,134621101.0
Mauricie,2016-06-01,AGRICOLE,4883647.0
Mauricie,2016-06-01,INDUSTRIEL,188126357.4566831
Mauricie,2016-06-01,INSTITUTIONNEL,17237437.0
Mauricie,2016-07-01,RÉSIDENTIEL,115199099.0
Mauricie,2016-08-01,COMMERCIAL,66226766.0
Mauricie,2016-08-01,RÉSIDENTIEL,119538039.0
Mauricie,2016-09-01,AGRICOLE,5366405.0
Mauricie,2016-09-01,COMMERCIAL,61331499.4
Mauricie,2016-09-01,INDUSTRIEL,194045076.38677418
Mauricie,2016-10-01,INSTITUTIONNEL,20315522.0
Mauricie,2016-10-01,RÉSIDENTIEL,151893130.0
Mauricie,2016-11-01,AGRICOLE,7888394.0
Mauricie,2016-11-01,COMMERCIAL,67708957.6
Mauricie,2016-11-01,INSTITUTIONNEL,21428547.0
Mauricie,2017-01-01,AGRICOLE,8665993.0
Mauricie,2017-01-01,RÉSIDENTIEL,311530944.0
Mauricie,2017-02-01,RÉSIDENTIEL,270866798.0
Mauricie,2017-03-01,AGRICOLE,7638735.0
Mauricie,2017-03-01,INSTITUTIONNEL,25054857.0
Mauricie,2017-04-01,COMMERCIAL,64427506.0
Mauricie,2017-04-01,INDUSTRIEL,154981328.6346159
Mauricie,2017-04-01,INSTITUTIONNEL,21127867.0
Mauricie,2017-05-01,COMMERCIAL,62669185.8
Mauricie,2017-05-01,INDUSTRIEL,155096604.93371746
Mauricie,2017-05-01,INSTITUTIONNEL,19226081.0
Mauricie,2017-06-01,INDUSTRIEL,162493486.5941782
Mauricie,2017-06-01,INSTITUTIONNEL,17552379.0
Mauricie,2017-07-01,INDUSTRIEL,166149923.98691726
Mauricie,2017-07-01,INSTITUTIONNEL,16854111.0
Mauricie,2017-07-01,RÉSIDENTIEL,114733792.0
Mauricie,2017-08-01,INSTITUTIONNEL,17861206.0
Mauricie,2017-09-01,RÉSIDENTIEL,108620207.0
Mauricie,2017-11-01,COMMERCIAL,73955308.4
Mauricie,2017-12-01,AGRICOLE,9655146.0
Mauricie,2017-12-01,INDUSTRIEL,175910542.1246711
Mauricie,2017-12-01,RÉSIDENTIEL,344461228.0
Mauricie,2018-03-01,COMMERCIAL,78150645.6
Mauricie,2018-03-01,RÉSIDENTIEL,250495462.0
Mauricie,2018-04-01,AGRICOLE,5902204.0
Mauricie,2018-04-01,INSTITUTIONNEL,21597300.0
Mauricie,2018-04-01,RÉSIDENTIEL,210661662.0
Mauricie,2018-05-01,AGRICOLE,5095972.0
Mauricie,2018-05-01,COMMERCIAL,63213913.8
Mauricie,2018-05-01,INDUSTRIEL,167610797.17136264
Mauricie,2018-05-01,INSTITUTIONNEL,18933925.0
Mauricie,2018-05-01,RÉSIDENTIEL,130137577.0
Mauricie,2018-06-01,COMMERCIAL,62219345.0
Mauricie,2018-07-01,COMMERCIAL,68798361.8
Mauricie,2018-07-01,INDUSTRIEL,165931981.4546947
Mauricie,2018-08-01,INSTITUTIONNEL,18612266.0
Mauricie,2018-08-01,RÉSIDENTIEL,121832914.0
Mauricie,2018-09-01,INDUSTRIEL,161595977.03217804
Mauricie,2018-09-01,INSTITUTIONNEL,18386189.0
Mauricie,2018-10-01,COMMERCIAL,67740161.0
Mauricie,2018-10-01,INSTITUTIONNEL,20984475.0
Mauricie,2018-11-01,AGRICOLE,8796576.0
Mauricie,2018-11-01,COMMERCIAL,78627249.8
Mauricie,2018-11-01,INDUSTRIEL,172785549.9898578
Mauricie,2018-11-01,RÉSIDENTIEL,252198686.0
Mauricie,2018-12-01,AGRICOLE,9702171.0
Mauricie,2018-12-01,INDUSTRIEL,179105297.77850527
Mauricie,2018-12-01,INSTITUTIONNEL,25401752.0
Mauricie,2019-01-01,AGRICOLE,10191208.0
Mauricie,2019-01-01,INDUSTRIEL,183749028.21294641
Mauricie,2019-01-01,INSTITUTIONNEL,27173052.0
Mauricie,2019-02-01,INSTITUTIONNEL,24358535.0
Mauricie,2019-03-01,AGRICOLE,8108384.0
Mauricie,2019-03-01,RÉSIDENTIEL,280441384.0
Mauricie,2019-04-01,COMMERCIAL,69065166.6
Mauricie,2019-05-01,RÉSIDENTIEL,146339757.0
Mauricie,2019-06-01,COMMERCIAL,61123823.4
Mauricie,2019-06-01,INDUSTRIEL,178603822.66358227
Mauricie,2019-07-01,AGRICOLE,5536784.0
Mauricie,2019-07-01,COMMERCIAL,68837545.2
Mauricie,2019-07-01,INDUSTRIEL,187015757.01531655
Mauricie,2019-08-01,AGRICOLE,5428454.0
Mauricie,2019-08-01,INSTITUTIONNEL,18842386.0
Mauricie,2019-10-01,COMMERCIAL,64145346.4
Mauricie,2019-11-01,COMMERCIAL,76860804.2
Mauricie,2019-11-01,INSTITUTIONNEL,23523333.0
Mauricie,2019-11-01,RÉSIDENTIEL,247781845.0
Mauricie,2019-12-01,INDUSTRIEL,171396231.5064516
Mauricie,2019-12-01,RÉSIDENTIEL,313774934.0
Mauricie,2020-01-01,INDUSTRIEL,188884544.1213758
Mauricie,2020-01-01,RÉSIDENTIEL,323171526.0
Mauricie,2020-03-01,COMMERCIAL,76713920.8
Mauricie,2020-03-01,INDUSTRIEL,190021641.1542896
Mauricie,2020-03-01,INSTITUTIONNEL,23202264.0
Mauricie,2020-04-01,INDUSTRIEL,156264669.97031313
Mauricie,2020-04-01,INSTITUTIONNEL,19014881.0
Mauricie,2020-06-01,INDUSTRIEL,151881964.7226488
Mauricie,2020-06-01,INSTITUTIONNEL,16903451.0
Mauricie,2020-06-01,RÉSIDENTIEL,126711220.0
Mauricie,2020-07-01,AGRICOLE,5736970.0
Mauricie,2020-07-01,COMMERCIAL,66649245.4
Mauricie,2020-07-01,INDUSTRIEL,172633919.25835735
Mauricie,2020-09-01,AGRICOLE,5332367.0
Mauricie,2020-09-01,COMMERCIAL,59508410.6
Mauricie,2020-09-01,INDUSTRIEL,169855684.5725
Mauricie,2020-10-01,INDUSTRIEL,182304087.60947388
Mauricie,2020-10-01,INSTITUTIONNEL,20406060.0
Mauricie,2020-11-01,AGRICOLE,8990533.0
Mauricie,2020-11-01,COMMERCIAL,70301251.2
Mauricie,2020-11-01,INSTITUTIONNEL,21312037.0
Mauricie,2020-12-01,INDUSTRIEL,187602239.4191731
Mauricie,2020-12-01,INSTITUTIONNEL,24460474.0
Mauricie,2020-12-01,RÉSIDENTIEL,299673680.0
Mauricie,2021-01-01,COMMERCIAL,84583166.6
Mauricie,2021-01-01,INDUSTRIEL,181931012.29343733
Mauricie,2021-02-01,INDUSTRIEL,169506788.50437564
Mauricie,2021-02-01,INSTITUTIONNEL,22619088.0
Mauricie,2021-02-01,RÉSIDENTIEL,298907141.0
Mauricie,2021-03-01,INSTITUTIONNEL,23726476.0
Mauricie,2021-05-01,COMMERCIAL,61801981.0
Mauricie,2021-05-01,INDUSTRIEL,162902857.77726397
Mauricie,2021-05-01,INSTITUTIONNEL,18352642.0
Mauricie,2021-05-01,RÉSIDENTIEL,139023689.0
Mauricie,2021-06-01,INDUSTRIEL,165785210.04704192
Mauricie,2021-07-01,AGRICOLE,5637112.0
Mauricie,2021-07-01,COMMERCIAL,65534696.8
Mauricie,2021-07-01,INSTITUTIONNEL,17872948.0
Mauricie,2021-08-01,COMMERCIAL,70311429.8
Mauricie,2021-08-01,INDUSTRIEL,174905416.20361367
Mauricie,2021-08-01,INSTITUTIONNEL,19097348.0
Mauricie,2021-09-01,COMMERCIAL,62211861.0
Mauricie,2021-09-01,INSTITUTIONNEL,18403860.0
Mauricie,2021-10-01,INSTITUTIONNEL,20017651.0
Mauricie,2021-10-01,RÉSIDENTIEL,137811162.0
Mauricie,2021-11-01,INDUSTRIEL,173123670.1677669
Mauricie,2021-11-01,INSTITUTIONNEL,22663939.0
Mauricie,2021-11-01,RÉSIDENTIEL,220138907.0
Mauricie,2021-12-01,AGRICOLE,9890095.0
Mauricie,2021-12-01,RÉSIDENTIEL,322174452.0
Mauricie,2022-01-01,AGRICOLE,10905344.0
Mauricie,2022-02-01,AGRICOLE,9456419.0
Mauricie,2022-03-01,AGRICOLE,8679743.0
Mauricie,2022-03-01,INSTITUTIONNEL,25591151.0
Mauricie,2022-03-01,RÉSIDENTIEL,284172967.0
Mauricie,2022-04-01,AGRICOLE,6803138.0
Mauricie,2022-04-01,INSTITUTIONNEL,22211208.0
Mauricie,2022-05-01,INSTITUTIONNEL,18791680.0
Mauricie,2022-06-01,AGRICOLE,5262030.0
Mauricie,2022-06-01,COMMERCIAL,62765516.0
Mauricie,2022-06-01,INSTITUTIONNEL,17487320.0
Mauricie,2022-07-01,COMMERCIAL,66849632.6
Mauricie,2022-07-01,INSTITUTIONNEL,17616479.0
Mauricie,2022-07-01,RÉSIDENTIEL,131841201.0
Mauricie,2022-09-01,COMMERCIAL,62521363.6
Mauricie,2022-09-01,INSTITUTIONNEL,18965901.0
Mauricie,2022-10-01,AGRICOLE,7684250.0
Mauricie,2022-10-01,COMMERCIAL,63920266.0
Mauricie,2022-10-01,INDUSTRIEL,179479549.4955876
Mauricie,2022-10-01,RÉSIDENTIEL,147047756.0
Mauricie,2022-11-01,INSTITUTIONNEL,22990583.0
Mauricie,2022-11-01,RÉSIDENTIEL,216896020.0
Mauricie,2022-12-01,INDUSTRIEL,169832329.66176558
Mauricie,2022-12-01,INSTITUTIONNEL,25449978.0
Mauricie,2023-01-01,INDUSTRIEL,182021166.0248896
Mauricie,2023-02-01,AGRICOLE,9216317.0
Mauricie,2023-02-01,INSTITUTIONNEL,24789430.0
Mauricie,2023-03-01,AGRICOLE,8635980.0
Mauricie,2023-03-01,INSTITUTIONNEL,24727692.0
Mauricie,2023-03-01,RÉSIDENTIEL,263602129.0
Mauricie,2023-04-01,INDUSTRIEL,165557513.050673
Mauricie,2023-04-01,RÉSIDENTIEL,191455795.0
Mauricie,2023-05-01,INDUSTRIEL,171777446.9814733
Mauricie,2023-05-01,INSTITUTIONNEL,19036207.0
Mauricie,2023-05-01,RÉSIDENTIEL,143561387.0
Mauricie,2023-06-01,RÉSIDENTIEL,125409457.0
Mauricie,2023-07-01,COMMERCIAL,69481495.9
Mauricie,2023-07-01,RÉSIDENTIEL,137365926.0
Mauricie,2023-08-01,INSTITUTIONNEL,18874200.0
Mauricie,2023-09-01,COMMERCIAL,63913376.5
Mauricie,2023-11-01,COMMERCIAL,78627465.80000001
Mauricie,2023-12-01,COMMERCIAL,86094901.80000001
Mauricie,2023-12-01,INDUSTRIEL,183760064.8888009
Mauricie,2023-12-01,INSTITUTIONNEL,25566443.0
Montréal,2016-01-01,AGRICOLE,903964.0
Montréal,2016-01-01,COMMERCIAL,983461507.0333334
Montréal,2016-01-01,INDUSTRIEL,344534841.67482835
Montréal,2016-02-01,AGRICOLE,843342.0
Montréal,2016-02-01,INDUSTRIEL,331774699.4841233
Montréal,2016-03-01,INDUSTRIEL,341669699.4356925
Montréal,2016-03-01,RÉSIDENTIEL,1465704970.0
Montréal,2016-04-01,AGRICOLE,647800.0
Montréal,2016-05-01,AGRICOLE,547744.0
Montréal,2016-05-01,INDUSTRIEL,321954143.05228245
Montréal,2016-05-01,RÉSIDENTIEL,721878690.0
Montréal,2016-06-01,RÉSIDENTIEL,628145510.0
Montréal,2016-07-01,RÉSIDENTIEL,656791164.0
Montréal,2016-08-01,COMMERCIAL,847945839.9980286
Montréal,2016-09-01,RÉSIDENTIEL,584724718.0
Montréal,2016-10-01,INDUSTRIEL,310048916.3451224
Montréal,2016-10-01,INSTITUTIONNEL,224470581.8
Montréal,2016-10-01,RÉSIDENTIEL,803332162.0
Montréal,2016-11-01,AGRICOLE,676760.0
Montréal,2016-11-01,INSTITUTIONNEL,234425080.0
Montréal,2016-12-01,AGRICOLE,833580.0
Montréal,2016-12-01,COMMERCIAL,954031376.0225806
Montréal,2016-12-01,RÉSIDENTIEL,1759699733.0
Montréal,2017-02-01,INDUSTRIEL,316502707.2171986
Montréal,2017-02-01,INSTITUTIONNEL,247534922.0
Montréal,2017-03-01,COMMERCIAL,962793853.1285716
Montréal,2017-03-01,INDUSTRIEL,353943922.0243547
Montréal,2017-04-01,COMMERCIAL,769304710.2999997
Montréal,2017-04-01,INDUSTRIEL,315097671.8248458
Montréal,2017-04-01,INSTITUTIONNEL,227369618.29999998
Montréal,2017-05-01,AGRICOLE,540019.0
Montréal,2017-06-01,AGRICOLE,520823.0
Montréal,2017-06-01,RÉSIDENTIEL,615547807.0
Montréal,2017-07-01,AGRICOLE,543683.0
Montréal,2017-07-01,COMMERCIAL,807281519.0763443
Montréal,2017-07-01,RÉSIDENTIEL,628012515.0
Montréal,2017-08-01,AGRICOLE,564628.0
Montréal,2017-08-01,COMMERCIAL,816581093.6741936
Montréal,2017-10-01,AGRICOLE,560865.0
Montréal,2017-10-01,INDUSTRIEL,317112217.60255045
Montréal,2018-01-01,INSTITUTIONNEL,284127654.3
Montréal,2018-01-01,RÉSIDENTIEL,2185334425.0
Montréal,2018-04-01,INDUSTRIEL,316830269.14374185
Montréal,2018-04-01,INSTITUTIONNEL,231573463.20000002
Montréal,2018-05-01,AGRICOLE,494226.0
Montréal,2018-06-01,AGRICOLE,499130.0
Montréal,2018-06-01,COMMERCIAL,791154883.96738
Montréal,2018-06-01,INSTITUTIONNEL,204628901.20000002
Montréal,2018-07-01,INSTITUTIONNEL,222022324.7
Montréal,2018-08-01,AGRICOLE,586301.0
Montréal,2018-08-01,INSTITUTIONNEL,224104319.7
Montréal,2018-08-01,RÉSIDENTIEL,686652657.0
Montréal,2018-09-01,AGRICOLE,507822.0
Montréal,2018-10-01,INDUSTRIEL,327467944.63028574
Montréal,2018-11-01,COMMERCIAL,912624103.9225806
Montréal,2018-11-01,RÉSIDENTIEL,1470679101.0
Montréal,2018-12-01,INSTITUTIONNEL,263470785.5
Montréal,2019-01-01,COMMERCIAL,1105032794.6741934
Montréal,2019-01-01,INDUSTRIEL,355869173.23883265
Montréal,2019-01-01,INSTITUTIONNEL,284591676.5
Montréal,2019-01-01,RÉSIDENTIEL,2235308955.0
Montréal,2019-02-01,AGRICOLE,841209.0
Montréal,2019-03-01,COMMERCIAL,969428500.8500001
Montréal,2019-03-01,RÉSIDENTIEL,1642606944.0
Montréal,2019-04-01,AGRICOLE,607773.0
Montréal,2019-04-01,INDUSTRIEL,307545538.48090583
Montréal,2019-04-01,INSTITUTIONNEL,231585879.3
Montréal,2019-05-01,INSTITUTIONNEL,215433616.79999998
Montréal,2019-06-01,INSTITUTIONNEL,200473925.1
Montréal,2019-06-01,RÉSIDENTIEL,609121134.0
Montréal,2019-07-01,COMMERCIAL,883777702.8774196
Montréal,2019-07-01,RÉSIDENTIEL,704430636.0
Montréal,2019-08-01,INDUSTRIEL,334970990.1433105
Montréal,2019-09-01,COMMERCIAL,757401563.2602152
Montréal,2019-09-01,INDUSTRIEL,310293223.9393945
Montréal,2019-09-01,RÉSIDENTIEL,558249922.0
Montréal,2019-10-01,AGRICOLE,794265.0
Montréal,2019-11-01,RÉSIDENTIEL,1457973973.0
Montréal,2020-01-01,AGRICOLE,1086780.0
Montréal,2020-01-01,COMMERCIAL,1027992191.9064517
Montréal,2020-01-01,INSTITUTIONNEL,266656868.9
Montréal,2020-02-01,COMMERCIAL,964690659.6228031
Montréal,2020-02-01,INDUSTRIEL,326150496.23827136
Montréal,2020-02-01,INSTITUTIONNEL,249035601.70000002
Montréal,2020-03-01,INDUSTRIEL,324978981.55415016
Montréal,2020-04-01,RÉSIDENTIEL,1128420811.0
Montréal,2020-05-01,AGRICOLE,712618.0
Montréal,2020-05-01,RÉSIDENTIEL,819305783.0
Montréal,2020-06-01,INDUSTRIEL,302075680.60019857
Montréal,2020-06-01,INSTITUTIONNEL,183272046.89999998
Montréal,2020-06-01,RÉSIDENTIEL,694503150.0
Montréal,2020-07-01,COMMERCIAL,828362058.2067875
Montréal,2020-08-01,AGRICOLE,764669.0
Montréal,2020-09-01,INDUSTRIEL,317032629.81915
Montréal,2020-09-01,INSTITUTIONNEL,188494934.00000003
Montréal,2020-10-01,INDUSTRIEL,318634435.6081984
Montréal,2020-11-01,INDUSTRIEL,319855648.5770794
Montréal,2020-11-01,RÉSIDENTIEL,1177323185.0
Montréal,2020-12-01,INSTITUTIONNEL,243656107.89999998
Montréal,2021-01-01,COMMERCIAL,960001091.1580646
Montréal,2021-02-01,AGRICOLE,1120914.0
Montréal,2021-02-01,INSTITUTIONNEL,233280697.89999998
Montréal,2021-03-01,INDUSTRIEL,342898985.3873552
Montréal,2021-03-01,INSTITUTIONNEL,238321821.9
Montréal,2021-03-01,RÉSIDENTIEL,1497325709.0
Montréal,2021-04-01,INSTITUTIONNEL,198053174.20000002
Montréal,2021-05-01,COMMERCIAL,739602905.1910907
Montréal,2021-05-01,RÉSIDENTIEL,723240557.0
Montréal,2021-06-01,AGRICOLE,1040048.0
Montréal,2021-06-01,RÉSIDENTIEL,675398996.0
Montréal,2021-07-01,INDUSTRIEL,325729753.96451294
Montréal,2021-09-01,AGRICOLE,1081461.0
Montréal,2021-10-01,COMMERCIAL,754788534.2580645
Montréal,2021-11-01,AGRICOLE,1235291.0
Montréal,2021-11-01,INDUSTRIEL,317600296.24412805
Montréal,2021-11-01,INSTITUTIONNEL,217819458.1
Montréal,2021-12-01,AGRICOLE,1460362.0
Montréal,2021-12-01,INDUSTRIEL,323570770.5597196
Montréal,2021-12-01,RÉSIDENTIEL,1776522231.0
Montréal,2022-02-01,AGRICOLE,1369197.0
Montréal,2022-02-01,INDUSTRIEL,317593306.37750053
Montréal,2022-02-01,RÉSIDENTIEL,1885839216.0
Montréal,2022-03-01,AGRICOLE,1350827.0
Montréal,2022-03-01,INDUSTRIEL,338297381.6008597
Montréal,2022-04-01,INSTITUTIONNEL,211041917.40000004
Montréal,2022-04-01,RÉSIDENTIEL,1058292434.0
Montréal,2022-06-01,COMMERCIAL,766741814.4967742
Montréal,2022-06-01,INDUSTRIEL,311690366.49217856
Montréal,2022-06-01,RÉSIDENTIEL,611686041.0
Montréal,2022-07-01,COMMERCIAL,831226602.3612903
Montréal,2022-07-01,INSTITUTIONNEL,196427056.20000002
Montréal,2022-08-01,AGRICOLE,1250428.0
Montréal,2022-09-01,COMMERCIAL,745666050.5155913
Montréal,2022-09-01,INDUSTRIEL,306874645.3907249
Montréal,2022-10-01,AGRICOLE,1167526.0
Montréal,2022-10-01,COMMERCIAL,755637460.4715053
Montréal,2022-10-01,INSTITUTIONNEL,199081042.9
Montréal,2022-11-01,AGRICOLE,1273853.0
Montréal,2022-11-01,COMMERCIAL,827983082.4451612
Montréal,2023-01-01,AGRICOLE,1372551.0
Montréal,2023-01-01,COMMERCIAL,988910345.0000001
Montréal,2023-01-01,RÉSIDENTIEL,1833844819.0
Montréal,2023-02-01,AGRICOLE,1260689.0
Montréal,2023-02-01,INDUSTRIEL,313636574.0255547
Montréal,2023-02-01,INSTITUTIONNEL,241782861.49999997
Montréal,2023-03-01,INDUSTRIEL,335213754.4621719
Montréal,2023-03-01,RÉSIDENTIEL,1523089492.0
Montréal,2023-04-01,COMMERCIAL,766778294.5833333
Montréal,2023-04-01,RÉSIDENTIEL,964509618.0
Montréal,2023-05-01,INDUSTRIEL,305299660.37644506
Montréal,2023-06-01,AGRICOLE,1176042.0
Montréal,2023-06-01,INDUSTRIEL,301634158.5897453
Montréal,2023-07-01,AGRICOLE,1360609.0
Montréal,2023-07-01,INDUSTRIEL,316312627.84865886
Montréal,2023-08-01,AGRICOLE,1300230.0
Montréal,2023-09-01,INDUSTRIEL,307190671.3493302
Montréal,2023-09-01,INSTITUTIONNEL,189842388.5
Montréal,2023-10-01,AGRICOLE,1399072.0
Montréal,2023-10-01,INDUSTRIEL,295590123.7489839
Montréal,2023-10-01,INSTITUTIONNEL,198388946.59999996
Montréal,2023-11-01,COMMERCIAL,860362612.6774193
Montérégie,2016-01-01,INDUSTRIEL,894109393.538692
Montérégie,2016-01-01,INSTITUTIONNEL,138382020.38410625
Montérégie,2016-01-01,RÉSIDENTIEL,1530049239.0
Montérégie,2016-02-01,INDUSTRIEL,858085777.356234
Montérégie,2016-02-01,RÉSIDENTIEL,1365755832.0
Montérégie,2016-04-01,COMMERCIAL,307787106.79999995
Montérégie,2016-05-01,INDUSTRIEL,751791573.9859599
Montérégie,2016-05-01,INSTITUTIONNEL,100296981.7031843
Montérégie,2016-06-01,AGRICOLE,31377530.0
Montérégie,2016-06-01,RÉSIDENTIEL,593928595.0
Montérégie,2016-07-01,COMMERCIAL,310017510.7
Montérégie,2016-07-01,INSTITUTIONNEL,95882431.96546082
Montérégie,2016-08-01,COMMERCIAL,323608666.9
Montérégie,2016-08-01,INDUSTRIEL,772451561.5708064
Montérégie,2016-08-01,INSTITUTIONNEL,100977160.83548388
Montérégie,2016-09-01,COMMERCIAL,294603875.90000004
Montérégie,2016-10-01,COMMERCIAL,295840442.59999996
Montérégie,2016-10-01,INSTITUTIONNEL,104858344.6902142
Montérégie,2016-11-01,INSTITUTIONNEL,114236159.6343884
Montérégie,2016-12-01,AGRICOLE,47387070.0
Montérégie,2016-12-01,COMMERCIAL,376010509.5
Montérégie,2016-12-01,RÉSIDENTIEL,1408858510.0
Montérégie,2017-01-01,COMMERCIAL,381569084.5
Montérégie,2017-03-01,AGRICOLE,45525833.0
Montérégie,2017-03-01,COMMERCIAL,377764049.7
Montérégie,2017-04-01,INDUSTRIEL,701276708.0031013
Montérégie,2017-04-01,RÉSIDENTIEL,831640462.0
Montérégie,2017-05-01,RÉSIDENTIEL,661854704.0
Montérégie,2017-06-01,AGRICOLE,32100917.0
Montérégie,2017-07-01,AGRICOLE,34727926.0
Montérégie,2017-08-01,AGRICOLE,34827177.0
Montérégie,2017-08-01,INDUSTRIEL,732379068.80982
Montérégie,2017-08-01,INSTITUTIONNEL,98999953.14838709
Montérégie,2017-09-01,AGRICOLE,35268776.0
Montérégie,2017-09-01,RÉSIDENTIEL,571609225.0
Montérégie,2017-10-01,INDUSTRIEL,780803926.0004618
Montérégie,2017-10-01,RÉSIDENTIEL,570731448.0
Montérégie,2017-11-01,RÉSIDENTIEL,1040512242.0
Montérégie,2017-12-01,COMMERCIAL,407331521.8
Montérégie,2017-12-01,INSTITUTIONNEL,142900393.13462174
Montérégie,2017-12-01,RÉSIDENTIEL,1619897838.0
Montérégie,2018-01-01,AGRICOLE,53790117.0
Montérégie,2018-01-01,INSTITUTIONNEL,150549409.11422482
Montérégie,2018-02-01,INSTITUTIONNEL,125606658.25115345
Montérégie,2018-02-01,RÉSIDENTIEL,1298095226.0
Montérégie,2018-05-01,COMMERCIAL,310300452.29999995
Montérégie,2018-06-01,COMMERCIAL,308602950.9
Montérégie,2018-06-01,INSTITUTIONNEL,96277736.1792641
Montérégie,2018-06-01,RÉSIDENTIEL,599506343.0
Montérégie,2018-07-01,RÉSIDENTIEL,693700934.0
Montérégie,2018-08-01,INSTITUTIONNEL,105988839.56337312
Montérégie,2018-09-01,COMMERCIAL,306021669.1
Montérégie,2018-10-01,AGRICOLE,43883668.0
Montérégie,2018-10-01,INDUSTRIEL,732860930.3066373
Montérégie,2018-10-01,INSTITUTIONNEL,114535946.81988314
Montérégie,2018-11-01,INDUSTRIEL,724808133.2221662
Montérégie,2018-11-01,INSTITUTIONNEL,132980642.46011688
Montérégie,2018-12-01,AGRICOLE,50758250.0
Montérégie,2018-12-01,INSTITUTIONNEL,146314052.2612903
Montérégie,2019-01-01,AGRICOLE,54382974.0
Montérégie,2019-01-01,INSTITUTIONNEL,157513847.11802003
Montérégie,2019-02-01,COMMERCIAL,391799585.1
Montérégie,2019-02-01,INDUSTRIEL,696511142.3911471
Montérégie,2019-03-01,AGRICOLE,47498621.0
Montérégie,2019-03-01,COMMERCIAL,386572298.7
Montérégie,2019-04-01,COMMERCIAL,328056068.6
Montérégie,2019-04-01,INDUSTRIEL,744272208.6935512
Montérégie,2019-05-01,INDUSTRIEL,754994282.0444354
Montérégie,2019-05-01,INSTITUTIONNEL,108830587.75204301
Montérégie,2019-06-01,COMMERCIAL,304109611.1
Montérégie,2019-06-01,INSTITUTIONNEL,100057821.26462364
Montérégie,2019-07-01,AGRICOLE,38712109.0
Montérégie,2019-08-01,INDUSTRIEL,771931177.4276767
Montérégie,2019-08-01,INSTITUTIONNEL,106893407.13870966
Montérégie,2019-09-01,COMMERCIAL,300000762.50000006
Montérégie,2019-09-01,RÉSIDENTIEL,544971080.0
Montérégie,2019-10-01,RÉSIDENTIEL,677560817.0
Montérégie,2019-11-01,INDUSTRIEL,694228220.3820076
Montérégie,2019-11-01,RÉSIDENTIEL,1177267962.0
Montérégie,2019-12-01,AGRICOLE,55752795.0
Montérégie,2019-12-01,INDUSTRIEL,755161195.0477825
Montérégie,2020-02-01,AGRICOLE,47674734.0
Montérégie,2020-02-01,COMMERCIAL,389779998.59999996
Montérégie,2020-02-01,INDUSTRIEL,790247319.5591613
Montérégie,2020-02-01,RÉSIDENTIEL,1414439714.0
Montérégie,2020-03-01,INSTITUTIONNEL,131966378.44333333
Montérégie,2020-04-01,COMMERCIAL,285059597.7
Montérégie,2020-04-01,INDUSTRIEL,630651115.326609
Montérégie,2020-05-01,AGRICOLE,35472017.0
Montérégie,2020-05-01,INDUSTRIEL,629421404.7134063
Montérégie,2020-05-01,INSTITUTIONNEL,101619448.3064516
Montérégie,2020-05-01,RÉSIDENTIEL,757488531.0
Montérégie,2020-06-01,INDUSTRIEL,595163491.3772465
Montérégie,2020-06-01,RÉSIDENTIEL,684761243.0
Montérégie,2020-07-01,INDUSTRIEL,695175592.261924
Montérégie,2020-08-01,AGRICOLE,38248468.0
Montérégie,2020-08-01,INDUSTRIEL,709404665.0310292
Montérégie,2020-08-01,RÉSIDENTIEL,682510507.0
Montérégie,2020-09-01,AGRICOLE,35772239.0
Montérégie,2020-09-01,INDUSTRIEL,703120136.9577901
Montérégie,2020-09-01,RÉSIDENTIEL,583480987.0
Montérégie,2020-10-01,COMMERCIAL,314654372.70000005
Montérégie,2020-11-01,AGRICOLE,48609153.0
Montérégie,2020-11-01,RÉSIDENTIEL,969701357.0
Montérégie,2020-12-01,COMMERCIAL,389779149.9
Montérégie,2020-12-01,RÉSIDENTIEL,1405490925.0
Montérégie,2021-01-01,AGRICOLE,52844641.0
Montérégie,2021-01-01,INDUSTRIEL,798445714.4591799
Montérégie,2021-01-01,INSTITUTIONNEL,141511323.38565072
Montérégie,2021-01-01,RÉSIDENTIEL,1566676513.0
Montérégie,2021-02-01,COMMERCIAL,378630222.8999999
Montérégie,2021-03-01,AGRICOLE,48812982.0
Montérégie,2021-04-01,AGRICOLE,37725805.0
Montérégie,2021-04-01,COMMERCIAL,311879433.59999996
Montérégie,2021-04-01,RÉSIDENTIEL,812469074.0
Montérégie,2021-05-01,AGRICOLE,35570076.0
Montérégie,2021-05-01,COMMERCIAL,314281856.20000005
Montérégie,2021-06-01,COMMERCIAL,329967324.09999996
Montérégie,2021-06-01,INSTITUTIONNEL,104882796.0632258
Montérégie,2021-08-01,INDUSTRIEL,738561939.3844316
Montérégie,2021-10-01,INSTITUTIONNEL,111258775.46129033
Montérégie,2021-11-01,INSTITUTIONNEL,126750044.33870967
Montérégie,2021-12-01,COMMERCIAL,407803378.6
Montérégie,2022-01-01,COMMERCIAL,467956877.70000005
Montérégie,2022-01-01,INDUSTRIEL,770249746.268418
Montérégie,2022-01-01,RÉSIDENTIEL,1959757243.0
Montérégie,2022-02-01,AGRICOLE,51860252.0
Montérégie,2022-02-01,INDUSTRIEL,634413468.516419
Montérégie,2022-02-01,RÉSIDENTIEL,1540527654.0
Montérégie,2022-03-01,RÉSIDENTIEL,1325177897.0
Montérégie,2022-04-01,COMMERCIAL,338262156.20000005
Montérégie,2022-04-01,INSTITUTIONNEL,119214205.37666667
Montérégie,2022-05-01,INDUSTRIEL,762403117.780146
Montérégie,2022-06-01,COMMERCIAL,326458543.0
Montérégie,2022-07-01,AGRICOLE,39607665.0
Montérégie,2022-07-01,INSTITUTIONNEL,105285780.16752687
Montérégie,2022-08-01,INDUSTRIEL,735340761.0482833
Montérégie,2022-10-01,INDUSTRIEL,727687628.7315135
Montérégie,2022-10-01,INSTITUTIONNEL,111202318.5107527
Montérégie,2022-11-01,INDUSTRIEL,667948217.538699
Montérégie,2022-11-01,INSTITUTIONNEL,120801140.52258064
Montérégie,2022-11-01,RÉSIDENTIEL,960335781.0
Montérégie,2022-12-01,INSTITUTIONNEL,142055087.62258065
Montérégie,2023-01-01,COMMERCIAL,425824790.09999996
Montérégie,2023-02-01,AGRICOLE,52460649.0
Montérégie,2023-03-01,AGRICOLE,52204387.0
Montérégie,2023-03-01,INDUSTRIEL,777808286.0344577
Montérégie,2023-04-01,COMMERCIAL,332197140.7
Montérégie,2023-05-01,AGRICOLE,37921870.0
Montérégie,2023-06-01,AGRICOLE,37309120.0
Montérégie,2023-06-01,COMMERCIAL,332839194.5
Montérégie,2023-06-01,INDUSTRIEL,691686458.8603942
Montérégie,2023-07-01,AGRICOLE,42356953.0
Montérégie,2023-08-01,COMMERCIAL,344887023.3
Montérégie,2023-09-01,AGRICOLE,40584455.0
Montérégie,2023-09-01,INDUSTRIEL,683602572.7779698
Montérégie,2023-10-01,INDUSTRIEL,701469147.9530424
Montérégie,2023-10-01,RÉSIDENTIEL,669553119.0
Montérégie,2023-11-01,COMMERCIAL,379943057.5
Montérégie,2023-11-01,INDUSTRIEL,682447198.7116531
Montérégie,2023-11-01,RÉSIDENTIEL,1094772123.0
Nord-du-Québec,2016-01-01,INDUSTRIEL,47005660.20714286
Nord-du-Québec,2016-01-01,INSTITUTIONNEL,28698520.7
Nord-du-Québec,2016-02-01,COMMERCIAL,21133050.0
Nord-du-Québec,2016-03-01,COMMERCIAL,19895724.0
Nord-du-Québec,2016-03-01,RÉSIDENTIEL,33005081.0
Nord-du-Québec,2016-04-01,RÉSIDENTIEL,
Nord-du-Québec,2016-05-01,AGRICOLE,
Nord-du-Québec,2016-06-01,AGRICOLE,19608.0
Nord-du-Québec,2016-06-01,RÉSIDENTIEL,15683558.0
Nord-du-Québec,2016-08-01,RÉSIDENTIEL,15313599.0
Nord-du-Québec,2016-09-01,INSTITUTIONNEL,18367336.6
Nord-du-Québec,2016-10-01,AGRICOLE,21798.0
Nord-du-Québec,2016-11-01,AGRICOLE,27248.0
Nord-du-Québec,2016-11-01,COMMERCIAL,17325148.0
Nord-du-Québec,2016-11-01,INSTITUTIONNEL,23882710.7
Nord-du-Québec,2016-11-01,RÉSIDENTIEL,24395900.0
Nord-du-Québec,2016-12-01,AGRICOLE,41794.0
Nord-du-Québec,2016-12-01,COMMERCIAL,21470637.0
Nord-du-Québec,2016-12-01,INDUSTRIEL,51557911.5
Nord-du-Québec,2016-12-01,RÉSIDENTIEL,35724519.0
Nord-du-Québec,2017-01-01,RÉSIDENTIEL,37174763.0
Nord-du-Québec,2017-02-01,AGRICOLE,44745.0
Nord-du-Québec,2017-02-01,INDUSTRIEL,45930016.400000006
Nord-du-Québec,2017-02-01,INSTITUTIONNEL,26062159.9
Nord-du-Québec,2017-03-01,INDUSTRIEL,52634591.99999999
Nord-du-Québec,2017-04-01,INSTITUTIONNEL,24231918.8
Nord-du-Québec,2017-04-01,RÉSIDENTIEL,25556204.0
Nord-du-Québec,2017-05-01,COMMERCIAL,14402081.0
Nord-du-Québec,2017-05-01,INDUSTRIEL,44660407.6
Nord-du-Québec,2017-05-01,RÉSIDENTIEL,19264242.0
Nord-du-Québec,2017-06-01,INSTITUTIONNEL,19292375.3
Nord-du-Québec,2017-07-01,AGRICOLE,13865.0
Nord-du-Québec,2017-07-01,COMMERCIAL,11911553.0
Nord-du-Québec,2017-07-01,INDUSTRIEL,41342987.3
Nord-du-Québec,2017-07-01,INSTITUTIONNEL,17914513.1
Nord-du-Québec,2017-09-01,COMMERCIAL,12552785.0
Nord-du-Québec,2017-09-01,INDUSTRIEL,42648003.1
Nord-du-Québec,2017-09-01,INSTITUTIONNEL,18754017.0
Nord-du-Québec,2017-09-01,RÉSIDENTIEL,14578561.0
Nord-du-Québec,2017-10-01,AGRICOLE,22148.0
Nord-du-Québec,2017-11-01,COMMERCIAL,
Nord-du-Québec,2017-11-01,INSTITUTIONNEL,
Nord-du-Québec,2017-12-01,AGRICOLE,
Nord-du-Québec,2018-01-01,AGRICOLE,
Nord-du-Québec,2018-01-01,COMMERCIAL,
Nord-du-Québec,2018-02-01,INSTITUTIONNEL,
Nord-du-Québec,2018-03-01,COMMERCIAL,
Nord-du-Québec,2018-03-01,RÉSIDENTIEL,
Nord-du-Québec,2018-04-01,COMMERCIAL,
Nord-du-Québec,2018-04-01,INDUSTRIEL,
Nord-du-Québec,2018-05-01,AGRICOLE,
Nord-du-Québec,2018-05-01,COMMERCIAL,
Nord-du-Québec,2018-05-01,INDUSTRIEL,
Nord-du-Québec,2018-05-01,INSTITUTIONNEL,
Nord-du-Québec,2018-07-01,INDUSTRIEL,
Nord-du-Québec,2018-07-01,RÉSIDENTIEL,
Nord-du-Québec,2018-08-01,COMMERCIAL,
Nord-du-Québec,2018-08-01,INSTITUTIONNEL,
Nord-du-Québec,2018-09-01,RÉSIDENTIEL,
Nord-du-Québec,2018-11-01,RÉSIDENTIEL,
Nord-du-Québec,2019-01-01,INDUSTRIEL,
Nord-du-Québec,2019-01-01,RÉSIDENTIEL,
Nord-du-Québec,2019-02-01,COMMERCIAL,
Nord-du-Québec,2019-03-01,AGRICOLE,
Nord-du-Québec,2019-03-01,INDUSTRIEL,
Nord-du-Québec,2019-03-01,INSTITUTIONNEL,
Nord-du-Québec,2019-04-01,INDUSTRIEL,
Nord-du-Québec,2019-04-01,INSTITUTIONNEL,
Nord-du-Québec,2019-04-01,RÉSIDENTIEL,
Nord-du-Québec,2019-05-01,INSTITUTIONNEL,22514132.1
Nord-du-Québec,2019-07-01,INDUSTRIEL,40928167.6
Nord-du-Québec,2019-08-01,AGRICOLE,10414.0
Nord-du-Québec,2019-08-01,COMMERCIAL,12383232.0
Nord-du-Québec,2019-08-01,INSTITUTIONNEL,17813177.6
Nord-du-Québec,2019-10-01,COMMERCIAL,15421629.0
Nord-du-Québec,2019-10-01,INDUSTRIEL,48607991.5
Nord-du-Québec,2019-11-01,AGRICOLE,39143.0
Nord-du-Québec,2019-11-01,RÉSIDENTIEL,32306897.0
Nord-du-Québec,2019-12-01,COMMERCIAL,
Nord-du-Québec,2020-01-01,AGRICOLE,
Nord-du-Québec,2020-01-01,INDUSTRIEL,
Nord-du-Québec,2020-02-01,COMMERCIAL,
Nord-du-Québec,2020-02-01,INSTITUTIONNEL,
Nord-du-Québec,2020-04-01,INDUSTRIEL,28709004.200000003
Nord-du-Québec,2020-04-01,INSTITUTIONNEL,22860810.3
Nord-du-Québec,2020-04-01,RÉSIDENTIEL,27842834.0
Nord-du-Québec,2020-05-01,INDUSTRIEL,34616640.9
Nord-du-Québec,2020-06-01,AGRICOLE,13727.0
Nord-du-Québec,2020-06-01,INSTITUTIONNEL,18039901.3
Nord-du-Québec,2020-06-01,RÉSIDENTIEL,17130939.0
Nord-du-Québec,2020-07-01,COMMERCIAL,11672729.0
Nord-du-Québec,2020-07-01,INDUSTRIEL,35400479.8
Nord-du-Québec,2020-08-01,RÉSIDENTIEL,16237673.0
Nord-du-Québec,2020-09-01,AGRICOLE,
Nord-du-Québec,2020-10-01,RÉSIDENTIEL,25167016.0
Nord-du-Québec,2020-11-01,COMMERCIAL,18372320.0
Nord-du-Québec,2020-11-01,INDUSTRIEL,62820040.60000001
Nord-du-Québec,2020-11-01,RÉSIDENTIEL,29250622.0
Nord-du-Québec,2020-12-01,COMMERCIAL,
Nord-du-Québec,2020-12-01,INSTITUTIONNEL,
Nord-du-Québec,2021-02-01,AGRICOLE,737737.0
Nord-du-Québec,2021-02-01,COMMERCIAL,20829263.0
Nord-du-Québec,2021-02-01,INDUSTRIEL,59819370.6
Nord-du-Québec,2021-02-01,RÉSIDENTIEL,35541416.0
Nord-du-Québec,2021-03-01,AGRICOLE,593952.0
Nord-du-Québec,2021-03-01,COMMERCIAL,21280228.0
Nord-du-Québec,2021-05-01,INDUSTRIEL,59255775.99999999
Nord-du-Québec,2021-05-01,INSTITUTIONNEL,20786857.0
Nord-du-Québec,2021-06-01,INDUSTRIEL,53192345.4
Nord-du-Québec,2021-06-01,INSTITUTIONNEL,17586650.2
Nord-du-Québec,2021-07-01,AGRICOLE,32363.0
Nord-du-Québec,2021-08-01,INDUSTRIEL,54302852.39999999
Nord-du-Québec,2021-09-01,AGRICOLE,50838.0
Nord-du-Québec,2021-09-01,COMMERCIAL,12697358.0
Nord-du-Québec,2021-09-01,INDUSTRIEL,54097317.99999999
Nord-du-Québec,2021-09-01,RÉSIDENTIEL,16193876.0
Nord-du-Québec,2021-10-01,AGRICOLE,64354.0
Nord-du-Québec,2021-10-01,INDUSTRIEL,54693009.300000004
Nord-du-Québec,2021-10-01,INSTITUTIONNEL,21043049.5
Nord-du-Québec,2021-10-01,RÉSIDENTIEL,20206395.0
Nord-du-Québec,2021-12-01,AGRICOLE,97562.0
Nord-du-Québec,2021-12-01,INDUSTRIEL,74166559.79999998
Nord-du-Québec,2021-12-01,INSTITUTIONNEL,28998209.4
Nord-du-Québec,2021-12-01,RÉSIDENTIEL,40169342.0
Nord-du-Québec,2022-01-01,INDUSTRIEL,74050463.6
Nord-du-Québec,2022-03-01,RÉSIDENTIEL,37292422.0
Nord-du-Québec,2022-04-01,AGRICOLE,75572.0
Nord-du-Québec,2022-04-01,COMMERCIAL,18486667.0
Nord-du-Québec,2022-04-01,INDUSTRIEL,65716188.800000004
Nord-du-Québec,2022-04-01,RÉSIDENTIEL,28463882.0
Nord-du-Québec,2022-05-01,INSTITUTIONNEL,21115114.7
Nord-du-Québec,2022-06-01,RÉSIDENTIEL,15539450.0
Nord-du-Québec,2022-08-01,RÉSIDENTIEL,14739140.0
Nord-du-Québec,2022-09-01,RÉSIDENTIEL,
Nord-du-Québec,2022-12-01,AGRICOLE,91969.0
Nord-du-Québec,2022-12-01,INDUSTRIEL,61654607.7
Nord-du-Québec,2022-12-01,INSTITUTIONNEL,27567875.3
Nord-du-Québec,2023-01-01,AGRICOLE,75325.0
Nord-du-Québec,2023-01-01,COMMERCIAL,24187954.0
Nord-du-Québec,2023-02-01,INDUSTRIEL,56529624.3
Nord-du-Québec,2023-03-01,AGRICOLE,66132.0
Nord-du-Québec,2023-03-01,COMMERCIAL,23136669.0
Nord-du-Québec,2023-04-01,AGRICOLE,53696.0
Nord-du-Québec,2023-04-01,COMMERCIAL,18740614.0
Nord-du-Québec,2023-04-01,INDUSTRIEL,56488318.4
Nord-du-Québec,2023-05-01,COMMERCIAL,
Nord-du-Québec,2023-06-01,INSTITUTIONNEL,
Nord-du-Québec,2023-06-01,RÉSIDENTIEL,
Nord-du-Québec,2023-08-01,AGRICOLE,
Nord-du-Québec,2023-08-01,INDUSTRIEL,
Nord-du-Québec,2023-09-01,AGRICOLE,
Nord-du-Québec,2023-09-01,INSTITUTIONNEL,
Nord-du-Québec,2023-09-01,RÉSIDENTIEL,
Nord-du-Québec,2023-10-01,AGRICOLE,90167.0
Nord-du-Québec,2023-10-01,INSTITUTIONNEL,20708944.1
Nord-du-Québec,2023-10-01,RÉSIDENTIEL,20137270.0
Nord-du-Québec,2023-11-01,INDUSTRIEL,57616997.2
Nord-du-Québec,2023-12-01,AGRICOLE,223141.0
Nord-du-Québec,2023-12-01,INDUSTRIEL,60704782.8
Outaouais,2016-01-01,INSTITUTIONNEL,
Outaouais,2016-01-01,RÉSIDENTIEL,
Outaouais,2016-02-01,AGRICOLE,
Outaouais,2016-02-01,COMMERCIAL,
Outaouais,2016-02-01,INSTITUTIONNEL,
Outaouais,2016-03-01,COMMERCIAL,
Outaouais,2016-03-01,INDUSTRIEL,
Outaouais,2016-03-01,RÉSIDENTIEL,
Outaouais,2016-05-01,AGRICOLE,
Outaouais,2016-05-01,COMMERCIAL,
Outaouais,2016-05-01,INDUSTRIEL,
Outaouais,2016-06-01,COMMERCIAL,
Outaouais,2016-06-01,INDUSTRIEL,
Outaouais,2016-07-01,AGRICOLE,
Outaouais,2016-07-01,INDUSTRIEL,
Outaouais,2016-07-01,INSTITUTIONNEL,
Outaouais,2016-07-01,RÉSIDENTIEL,
Outaouais,2016-08-01,INDUSTRIEL,
Outaouais,2016-09-01,INDUSTRIEL,
Outaouais,2016-09-01,RÉSIDENTIEL,
Outaouais,2016-10-01,AGRICOLE,
Outaouais,2016-10-01,RÉSIDENTIEL,
Outaouais,2016-11-01,AGRICOLE,
Outaouais,2016-11-01,COMMERCIAL,
Outaouais,2016-11-01,RÉSIDENTIEL,
Outaouais,2017-01-01,AGRICOLE,
Outaouais,2017-02-01,COMMERCIAL,
Outaouais,2017-03-01,AGRICOLE,
Outaouais,2017-03-01,INSTITUTIONNEL,
Outaouais,2017-06-01,INSTITUTIONNEL,
Outaouais,2017-06-01,RÉSIDENTIEL,
Outaouais,2017-07-01,INDUSTRIEL,
Outaouais,2017-07-01,RÉSIDENTIEL,
Outaouais,2017-08-01,AGRICOLE,
Outaouais,2017-08-01,INDUSTRIEL,
Outaouais,2017-08-01,RÉSIDENTIEL,
Outaouais,2017-09-01,AGRICOLE,
Outaouais,2017-09-01,COMMERCIAL,
Outaouais,2017-10-01,COMMERCIAL,
Outaouais,2017-12-01,AGRICOLE,
Outaouais,2017-12-01,INDUSTRIEL,
Outaouais,2017-12-01,INSTITUTIONNEL,
Outaouais,2018-01-01,AGRICOLE,
Outaouais,2018-01-01,RÉSIDENTIEL,
Outaouais,2018-02-01,INDUSTRIEL,
Outaouais,2018-03-01,AGRICOLE,
Outaouais,2018-03-01,INDUSTRIEL,
Outaouais,2018-03-01,INSTITUTIONNEL,
Outaouais,2018-05-01,AGRICOLE,
Outaouais,2018-05-01,INDUSTRIEL,
Outaouais,2018-06-01,COMMERCIAL,
Outaouais,2018-06-01,INSTITUTIONNEL,
Outaouais,2018-07-01,AGRICOLE,
Outaouais,2018-07-01,INSTITUTIONNEL,
Outaouais,2018-07-01,RÉSIDENTIEL,
Outaouais,2018-09-01,INSTITUTIONNEL,
Outaouais,2018-10-01,AGRICOLE,
Outaouais,2018-10-01,COMMERCIAL,
Outaouais,2018-10-01,INSTITUTIONNEL,
Outaouais,2018-10-01,RÉSIDENTIEL,
Outaouais,2018-11-01,INDUSTRIEL,
Outaouais,2018-12-01,AGRICOLE,
Outaouais,2019-01-01,COMMERCIAL,
Outaouais,2019-01-01,INDUSTRIEL,
Outaouais,2019-01-01,INSTITUTIONNEL,
Outaouais,2019-01-01,RÉSIDENTIEL,
Outaouais,2019-02-01,INDUSTRIEL,
Outaouais,2019-02-01,INSTITUTIONNEL,
Outaouais,2019-04-01,AGRICOLE,
Outaouais,2019-04-01,COMMERCIAL,
Outaouais,2019-04-01,INSTITUTIONNEL,
Outaouais,2019-05-01,AGRICOLE,
Outaouais,2019-06-01,RÉSIDENTIEL,
Outaouais,2019-07-01,INDUSTRIEL,
Outaouais,2019-08-01,INSTITUTIONNEL,
Outaouais,2019-09-01,AGRICOLE,
Outaouais,2019-09-01,INSTITUTIONNEL,
Outaouais,2019-10-01,INSTITUTIONNEL,31707674.9
Outaouais,2019-10-01,RÉSIDENTIEL,192840478.0
Outaouais,2019-11-01,COMMERCIAL,
Outaouais,2019-12-01,RÉSIDENTIEL,
Outaouais,2020-01-01,INSTITUTIONNEL,
Outaouais,2020-02-01,AGRICOLE,
Outaouais,2020-02-01,INDUSTRIEL,
Outaouais,2020-03-01,AGRICOLE,
Outaouais,2020-03-01,COMMERCIAL,
Outaouais,2020-03-01,INSTITUTIONNEL,
Outaouais,2020-03-01,RÉSIDENTIEL,
Outaouais,2020-04-01,AGRICOLE,
Outaouais,2020-04-01,COMMERCIAL,
Outaouais,2020-04-01,INDUSTRIEL,
Outaouais,2020-04-01,RÉSIDENTIEL,
Outaouais,2020-05-01,AGRICOLE,
Outaouais,2020-05-01,INDUSTRIEL,
Outaouais,2020-06-01,AGRICOLE,
Outaouais,2020-06-01,INDUSTRIEL,
Outaouais,2020-09-01,COMMERCIAL,
Outaouais,2020-10-01,AGRICOLE,
Outaouais,2020-10-01,COMMERCIAL,
Outaouais,2020-10-01,INSTITUTIONNEL,
Outaouais,2020-11-01,COMMERCIAL,
Outaouais,2020-11-01,INDUSTRIEL,
Outaouais,2020-12-01,RÉSIDENTIEL,
Outaouais,2021-02-01,AGRICOLE,
Outaouais,2021-02-01,COMMERCIAL,
Outaouais,2021-02-01,INDUSTRIEL,
Outaouais,2021-03-01,AGRICOLE,
Outaouais,2021-04-01,INDUSTRIEL,
Outaouais,2021-04-01,INSTITUTIONNEL,
Outaouais,2021-05-01,AGRICOLE,
Outaouais,2021-05-01,COMMERCIAL,
Outaouais,2021-05-01,INSTITUTIONNEL,
Outaouais,2021-06-01,AGRICOLE,
Outaouais,2021-06-01,INDUSTRIEL,
Outaouais,2021-08-01,AGRICOLE,
Outaouais,2021-08-01,INSTITUTIONNEL,
Outaouais,2021-09-01,AGRICOLE,3067813.0
Outaouais,2021-09-01,COMMERCIAL,75667692.6
Outaouais,2021-09-01,INSTITUTIONNEL,29048001.099999998
Outaouais,2021-10-01,COMMERCIAL,78371081.2
Outaouais,2021-10-01,RÉSIDENTIEL,185822435.0
Outaouais,2021-11-01,AGRICOLE,
Outaouais,2021-12-01,AGRICOLE,
Outaouais,2022-01-01,INSTITUTIONNEL,
Outaouais,2022-02-01,AGRICOLE,
Outaouais,2022-02-01,COMMERCIAL,
Outaouais,2022-04-01,AGRICOLE,
Outaouais,2022-05-01,RÉSIDENTIEL,
Outaouais,2022-06-01,AGRICOLE,
Outaouais,2022-07-01,INDUSTRIEL,
Outaouais,2022-07-01,RÉSIDENTIEL,
Outaouais,2022-08-01,AGRICOLE,
Outaouais,2022-10-01,AGRICOLE,
Outaouais,2022-10-01,INDUSTRIEL,
Outaouais,2022-11-01,AGRICOLE,
Outaouais,2022-11-01,INSTITUTIONNEL,
Outaouais,2022-12-01,COMMERCIAL,
Outaouais,2022-12-01,INDUSTRIEL,
Outaouais,2022-12-01,RÉSIDENTIEL,
Outaouais,2023-01-01,AGRICOLE,
Outaouais,2023-01-01,INSTITUTIONNEL,
Outaouais,2023-01-01,RÉSIDENTIEL,
Outaouais,2023-02-01,COMMERCIAL,
Outaouais,2023-02-01,INSTITUTIONNEL,
Outaouais,2023-03-01,AGRICOLE,
Outaouais,2023-04-01,COMMERCIAL,
Outaouais,2023-05-01,COMMERCIAL,
Outaouais,2023-05-01,RÉSIDENTIEL,
Outaouais,2023-06-01,COMMERCIAL,
Outaouais,2023-06-01,INSTITUTIONNEL,
Outaouais,2023-07-01,COMMERCIAL,
Outaouais,2023-07-01,INDUSTRIEL,
Outaouais,2023-07-01,RÉSIDENTIEL,
Outaouais,2023-08-01,COMMERCIAL,
Outaouais,2023-08-01,INSTITUTIONNEL,
Outaouais,2023-08-01,RÉSIDENTIEL,
Outaouais,2023-09-01,INDUSTRIEL,
Outaouais,2023-10-01,INDUSTRIEL,
Outaouais,2023-10-01,INSTITUTIONNEL,
Outaouais,2023-11-01,COMMERCIAL,
Outaouais,2023-11-01,INSTITUTIONNEL,
Saguenay--Lac-Saint-Jean,2016-01-01,INDUSTRIEL,188597966.53797457
Saguenay--Lac-Saint-Jean,2016-02-01,AGRICOLE,8180195.0
Saguenay--Lac-Saint-Jean,2016-02-01,COMMERCIAL,65836490.0
Saguenay--Lac-Saint-Jean,2016-02-01,INSTITUTIONNEL,114813441.9451752
Saguenay--Lac-Saint-Jean,2016-02-01,RÉSIDENTIEL,250583630.0
Saguenay--Lac-Saint-Jean,2016-03-01,INSTITUTIONNEL,108390830.40603448
Saguenay--Lac-Saint-Jean,2016-04-01,AGRICOLE,6778334.0
Saguenay--Lac-Saint-Jean,2016-04-01,INDUSTRIEL,343856850.11999995
Saguenay--Lac-Saint-Jean,2016-04-01,RÉSIDENTIEL,182412171.0
Saguenay--Lac-Saint-Jean,2016-05-01,AGRICOLE,5924408.0
Saguenay--Lac-Saint-Jean,2016-05-01,COMMERCIAL,47155123.0
Saguenay--Lac-Saint-Jean,2016-06-01,RÉSIDENTIEL,100954515.0
Saguenay--Lac-Saint-Jean,2016-07-01,INSTITUTIONNEL,54725524.96874749
Saguenay--Lac-Saint-Jean,2016-07-01,RÉSIDENTIEL,98465248.0
Saguenay--Lac-Saint-Jean,2016-09-01,INDUSTRIEL,120301581.74951613
Saguenay--Lac-Saint-Jean,2016-09-01,RÉSIDENTIEL,94696431.0
Saguenay--Lac-Saint-Jean,2016-10-01,COMMERCIAL,48710673.6
Saguenay--Lac-Saint-Jean,2016-10-01,INDUSTRIEL,136405581.94619238
Saguenay--Lac-Saint-Jean,2016-11-01,INSTITUTIONNEL,83238694.92822582
Saguenay--Lac-Saint-Jean,2016-11-01,RÉSIDENTIEL,172645093.0
Saguenay--Lac-Saint-Jean,2017-01-01,INSTITUTIONNEL,123315635.48413017
Saguenay--Lac-Saint-Jean,2017-01-01,RÉSIDENTIEL,273184856.0
Saguenay--Lac-Saint-Jean,2017-02-01,COMMERCIAL,67554134.7
Saguenay--Lac-Saint-Jean,2017-03-01,COMMERCIAL,69687070.7
Saguenay--Lac-Saint-Jean,2017-04-01,AGRICOLE,6869502.0
Saguenay--Lac-Saint-Jean,2017-04-01,INSTITUTIONNEL,81525222.06625
Saguenay--Lac-Saint-Jean,2017-05-01,AGRICOLE,6131051.0
Saguenay--Lac-Saint-Jean,2017-05-01,COMMERCIAL,48255019.9
Saguenay--Lac-Saint-Jean,2017-05-01,RÉSIDENTIEL,125037872.0
Saguenay--Lac-Saint-Jean,2017-06-01,INSTITUTIONNEL,55775016.565443546
Saguenay--Lac-Saint-Jean,2017-07-01,COMMERCIAL,47457299.5
Saguenay--Lac-Saint-Jean,2017-07-01,INSTITUTIONNEL,54604396.55310484
Saguenay--Lac-Saint-Jean,2017-08-01,INSTITUTIONNEL,56360511.09677419
Saguenay--Lac-Saint-Jean,2017-09-01,INSTITUTIONNEL,57363834.463454306
Saguenay--Lac-Saint-Jean,2017-10-01,INDUSTRIEL,147918258.12164223
Saguenay--Lac-Saint-Jean,2017-10-01,RÉSIDENTIEL,120777004.0
Saguenay--Lac-Saint-Jean,2017-11-01,AGRICOLE,8193773.0
Saguenay--Lac-Saint-Jean,2017-11-01,COMMERCIAL,63786617.9
Saguenay--Lac-Saint-Jean,2017-11-01,INSTITUTIONNEL,94731422.12759146
Saguenay--Lac-Saint-Jean,2017-11-01,RÉSIDENTIEL,205275406.0
Saguenay--Lac-Saint-Jean,2017-12-01,AGRICOLE,9699406.0
Saguenay--Lac-Saint-Jean,2017-12-01,INSTITUTIONNEL,129108946.37316963
Saguenay--Lac-Saint-Jean,2017-12-01,RÉSIDENTIEL,296480869.0
Saguenay--Lac-Saint-Jean,2018-01-01,INSTITUTIONNEL,137508523.28857598
Saguenay--Lac-Saint-Jean,2018-02-01,AGRICOLE,8548002.0
Saguenay--Lac-Saint-Jean,2018-04-01,INDUSTRIEL,218422108.08878648
Saguenay--Lac-Saint-Jean,2018-06-01,INDUSTRIEL,116736479.76276498
Saguenay--Lac-Saint-Jean,2018-06-01,INSTITUTIONNEL,57515650.22079301
Saguenay--Lac-Saint-Jean,2018-07-01,INSTITUTIONNEL,57644095.22636416
Saguenay--Lac-Saint-Jean,2018-08-01,COMMERCIAL,53223368.9
Saguenay--Lac-Saint-Jean,2018-10-01,AGRICOLE,7801295.0
Saguenay--Lac-Saint-Jean,2018-10-01,COMMERCIAL,61712676.7
Saguenay--Lac-Saint-Jean,2018-11-01,INDUSTRIEL,145113919.93988615
Saguenay--Lac-Saint-Jean,2018-11-01,INSTITUTIONNEL,101598964.3189516
Saguenay--Lac-Saint-Jean,2018-12-01,COMMERCIAL,79527774.6
Saguenay--Lac-Saint-Jean,2018-12-01,INDUSTRIEL,318108464.5226762
Saguenay--Lac-Saint-Jean,2019-01-01,INDUSTRIEL,344892420.54119474
Saguenay--Lac-Saint-Jean,2019-01-01,RÉSIDENTIEL,317883482.0
Saguenay--Lac-Saint-Jean,2019-03-01,INSTITUTIONNEL,112176545.98973215
Saguenay--Lac-Saint-Jean,2019-04-01,RÉSIDENTIEL,182509180.0
Saguenay--Lac-Saint-Jean,2019-05-01,INSTITUTIONNEL,71260031.9501613
Saguenay--Lac-Saint-Jean,2019-06-01,AGRICOLE,5688371.0
Saguenay--Lac-Saint-Jean,2019-06-01,COMMERCIAL,48123000.8
Saguenay--Lac-Saint-Jean,2019-06-01,INDUSTRIEL,110841434.2963568
Saguenay--Lac-Saint-Jean,2019-07-01,COMMERCIAL,51554298.3
Saguenay--Lac-Saint-Jean,2019-07-01,INDUSTRIEL,124055973.10817204
Saguenay--Lac-Saint-Jean,2019-07-01,RÉSIDENTIEL,101947256.0
Saguenay--Lac-Saint-Jean,2019-08-01,COMMERCIAL,52200420.5
Saguenay--Lac-Saint-Jean,2019-09-01,COMMERCIAL,49044115.1
Saguenay--Lac-Saint-Jean,2019-09-01,INSTITUTIONNEL,61409380.20298387
Saguenay--Lac-Saint-Jean,2019-09-01,RÉSIDENTIEL,103801286.0
Saguenay--Lac-Saint-Jean,2019-11-01,RÉSIDENTIEL,215538502.0
Saguenay--Lac-Saint-Jean,2019-12-01,COMMERCIAL,80756457.6
Saguenay--Lac-Saint-Jean,2019-12-01,INDUSTRIEL,414226096.0605069
Saguenay--Lac-Saint-Jean,2019-12-01,INSTITUTIONNEL,121203809.6483871
Saguenay--Lac-Saint-Jean,2020-01-01,AGRICOLE,9814961.0
Saguenay--Lac-Saint-Jean,2020-02-01,INDUSTRIEL,351881644.3314858
Saguenay--Lac-Saint-Jean,2020-03-01,AGRICOLE,8726797.0
Saguenay--Lac-Saint-Jean,2020-03-01,INDUSTRIEL,407623602.7808876
Saguenay--Lac-Saint-Jean,2020-03-01,INSTITUTIONNEL,105986053.39784484
Saguenay--Lac-Saint-Jean,2020-05-01,AGRICOLE,6547791.0
Saguenay--Lac-Saint-Jean,2020-05-01,INSTITUTIONNEL,68854405.74790323
Saguenay--Lac-Saint-Jean,2020-06-01,INSTITUTIONNEL,56881413.50834678
Saguenay--Lac-Saint-Jean,2020-07-01,INSTITUTIONNEL,56750522.848104835
Saguenay--Lac-Saint-Jean,2020-08-01,COMMERCIAL,52381895.9
Saguenay--Lac-Saint-Jean,2020-08-01,RÉSIDENTIEL,106310589.0
Saguenay--Lac-Saint-Jean,2020-09-01,COMMERCIAL,49683624.6
Saguenay--Lac-Saint-Jean,2020-09-01,INDUSTRIEL,93165714.6320123
Saguenay--Lac-Saint-Jean,2020-09-01,INSTITUTIONNEL,60081994.27436699
Saguenay--Lac-Saint-Jean,2020-10-01,AGRICOLE,7871155.0
Saguenay--Lac-Saint-Jean,2020-10-01,INDUSTRIEL,96158140.44524196
Saguenay--Lac-Saint-Jean,2020-10-01,INSTITUTIONNEL,77439262.68231183
Saguenay--Lac-Saint-Jean,2020-11-01,RÉSIDENTIEL,195384447.0
Saguenay--Lac-Saint-Jean,2021-01-01,COMMERCIAL,86080285.0
Saguenay--Lac-Saint-Jean,2021-01-01,INSTITUTIONNEL,121302430.51935482
Saguenay--Lac-Saint-Jean,2021-02-01,AGRICOLE,8915826.0
Saguenay--Lac-Saint-Jean,2021-02-01,COMMERCIAL,78570224.3
Saguenay--Lac-Saint-Jean,2021-02-01,INDUSTRIEL,145533703.99917054
Saguenay--Lac-Saint-Jean,2021-02-01,INSTITUTIONNEL,109794378.4047955
Saguenay--Lac-Saint-Jean,2021-03-01,COMMERCIAL,76428466.5
Saguenay--Lac-Saint-Jean,2021-03-01,INDUSTRIEL,289802994.7354839
Saguenay--Lac-Saint-Jean,2021-03-01,INSTITUTIONNEL,105318214.96294643
Saguenay--Lac-Saint-Jean,2021-04-01,COMMERCIAL,55824196.4
Saguenay--Lac-Saint-Jean,2021-04-01,RÉSIDENTIEL,155673860.0
Saguenay--Lac-Saint-Jean,2021-05-01,AGRICOLE,6341780.0
Saguenay--Lac-Saint-Jean,2021-06-01,COMMERCIAL,49193614.3
Saguenay--Lac-Saint-Jean,2021-06-01,INSTITUTIONNEL,55929578.39698925
Saguenay--Lac-Saint-Jean,2021-06-01,RÉSIDENTIEL,106746116.0
Saguenay--Lac-Saint-Jean,2021-07-01,COMMERCIAL,51053957.4
Saguenay--Lac-Saint-Jean,2021-07-01,INDUSTRIEL,385475178.5622043
Saguenay--Lac-Saint-Jean,2021-08-01,AGRICOLE,6527176.0
Saguenay--Lac-Saint-Jean,2021-09-01,AGRICOLE,6785622.0
Saguenay--Lac-Saint-Jean,2021-10-01,AGRICOLE,7277644.0
Saguenay--Lac-Saint-Jean,2021-11-01,COMMERCIAL,72241125.8
Saguenay--Lac-Saint-Jean,2021-11-01,INSTITUTIONNEL,89146878.43548387
Saguenay--Lac-Saint-Jean,2021-11-01,RÉSIDENTIEL,191102152.0
Saguenay--Lac-Saint-Jean,2021-12-01,COMMERCIAL,96565164.5
Saguenay--Lac-Saint-Jean,2021-12-01,RÉSIDENTIEL,289446575.0
Saguenay--Lac-Saint-Jean,2022-01-01,INDUSTRIEL,374157445.2164747
Saguenay--Lac-Saint-Jean,2022-02-01,INDUSTRIEL,350669319.1575292
Saguenay--Lac-Saint-Jean,2022-02-01,INSTITUTIONNEL,122637360.45309736
Saguenay--Lac-Saint-Jean,2022-03-01,INSTITUTIONNEL,113008161.47738095
Saguenay--Lac-Saint-Jean,2022-04-01,INSTITUTIONNEL,84305335.56333333
Saguenay--Lac-Saint-Jean,2022-05-01,INSTITUTIONNEL,66097330.933440864
Saguenay--Lac-Saint-Jean,2022-05-01,RÉSIDENTIEL,127946197.0
Saguenay--Lac-Saint-Jean,2022-06-01,COMMERCIAL,57890265.6
Saguenay--Lac-Saint-Jean,2022-06-01,INDUSTRIEL,106273676.45886329
Saguenay--Lac-Saint-Jean,2022-06-01,INSTITUTIONNEL,57019551.63322581
Saguenay--Lac-Saint-Jean,2022-06-01,RÉSIDENTIEL,109388421.0
Saguenay--Lac-Saint-Jean,2022-07-01,AGRICOLE,6372716.0
Saguenay--Lac-Saint-Jean,2022-07-01,RÉSIDENTIEL,109460566.0
Saguenay--Lac-Saint-Jean,2022-08-01,AGRICOLE,6437034.0
Saguenay--Lac-Saint-Jean,2022-09-01,AGRICOLE,6826314.0
Saguenay--Lac-Saint-Jean,2022-09-01,INDUSTRIEL,231875288.6170814
Saguenay--Lac-Saint-Jean,2022-10-01,COMMERCIAL,67136643.9
Saguenay--Lac-Saint-Jean,2022-10-01,INDUSTRIEL,350586147.48384017
Saguenay--Lac-Saint-Jean,2022-10-01,RÉSIDENTIEL,126722691.0
Saguenay--Lac-Saint-Jean,2022-12-01,AGRICOLE,9186068.0
Saguenay--Lac-Saint-Jean,2022-12-01,RÉSIDENTIEL,258885098.0
Saguenay--Lac-Saint-Jean,2023-01-01,COMMERCIAL,101026426.6
Saguenay--Lac-Saint-Jean,2023-01-01,INDUSTRIEL,264292224.84792626
Saguenay--Lac-Saint-Jean,2023-01-01,INSTITUTIONNEL,122922180.56162402
Saguenay--Lac-Saint-Jean,2023-01-01,RÉSIDENTIEL,291633721.0
Saguenay--Lac-Saint-Jean,2023-02-01,INDUSTRIEL,277761196.67161834
Saguenay--Lac-Saint-Jean,2023-02-01,RÉSIDENTIEL,282073397.0
Saguenay--Lac-Saint-Jean,2023-03-01,COMMERCIAL,83002263.1
Saguenay--Lac-Saint-Jean,2023-04-01,AGRICOLE,7018320.0
Saguenay--Lac-Saint-Jean,2023-04-01,COMMERCIAL,63414824.5
Saguenay--Lac-Saint-Jean,2023-04-01,INDUSTRIEL,272709594.3730221
Saguenay--Lac-Saint-Jean,2023-04-01,INSTITUTIONNEL,80762609.49333332
Saguenay--Lac-Saint-Jean,2023-05-01,COMMERCIAL,57354577.8
Saguenay--Lac-Saint-Jean,2023-06-01,INDUSTRIEL,366424237.8655606
Saguenay--Lac-Saint-Jean,2023-08-01,RÉSIDENTIEL,107215453.0
Saguenay--Lac-Saint-Jean,2023-10-01,AGRICOLE,7744366.0
Saguenay--Lac-Saint-Jean,2023-10-01,INSTITUTIONNEL,65731528.91279569
Saguenay--Lac-Saint-Jean,2023-10-01,RÉSIDENTIEL,123632735.0
Saguenay--Lac-Saint-Jean,2023-11-01,INDUSTRIEL,268463947.9106022
