REGION_ADM_QC_TXT,SECTEUR,Total (kWh),ANNEE,MOIS_sin,MOIS_cos,population
Abitibi-Témiscamingue,COMMERCIAL,54555931.0,2016,0.49999999999999994,0.8660254037844387,147030
Abitibi-Témiscamingue,INSTITUTIONNEL,31289704.2,2016,0.49999999999999994,0.8660254037844387,147030
Abitibi-Témiscamingue,RÉSIDENTIEL,175643885.0,2016,0.49999999999999994,0.8660254037844387,147030
Abitibi-Témiscamingue,COMMERCIAL,51096399.0,2016,0.8660254037844386,0.5000000000000001,147030
Abitibi-Témiscamingue,INDUSTRIEL,311904102.8635148,2016,1.0,6.123233995736766e-17,147030
Abitibi-Témiscamingue,INDUSTRIEL,311410466.7587011,2016,0.8660254037844387,-0.4999999999999998,147030
Abitibi-Témiscamingue,INSTITUTIONNEL,23149936.12,2016,0.8660254037844387,-0.4999999999999998,147030
Abitibi-Témiscamingue,RÉSIDENTIEL,110055609.0,2016,0.8660254037844387,-0.4999999999999998,147030
Abitibi-Témiscamingue,INDUSTRIEL,304790286.4117369,2016,0.49999999999999994,-0.8660254037844387,147030
Abitibi-Témiscamingue,INSTITUTIONNEL,18167616.338064518,2016,0.49999999999999994,-0.8660254037844387,147030
Abitibi-Témiscamingue,RÉSIDENTIEL,73243391.0,2016,0.49999999999999994,-0.8660254037844387,147030
Abitibi-Témiscamingue,AGRICOLE,2147752.0,2016,1.2246467991473532e-16,-1.0,147030
Abitibi-Témiscamingue,AGRICOLE,2157428.0,2016,-0.4999999999999997,-0.8660254037844388,147030
Abitibi-Témiscamingue,INDUSTRIEL,305125628.9154638,2016,-0.4999999999999997,-0.8660254037844388,147030
Abitibi-Témiscamingue,AGRICOLE,2299003.0,2016,-0.8660254037844385,-0.5000000000000004,147030
Abitibi-Témiscamingue,COMMERCIAL,36467709.0,2016,-0.8660254037844385,-0.5000000000000004,147030
Abitibi-Témiscamingue,AGRICOLE,2278759.0,2016,-1.0,-1.8369701987210297e-16,147030
Abitibi-Témiscamingue,INSTITUTIONNEL,16647153.6199257,2016,-1.0,-1.8369701987210297e-16,147030
Abitibi-Témiscamingue,INSTITUTIONNEL,20050337.089251462,2016,-0.8660254037844386,0.5000000000000001,147030
Abitibi-Témiscamingue,RÉSIDENTIEL,81083606.0,2016,-0.8660254037844386,0.5000000000000001,147030
Abitibi-Témiscamingue,COMMERCIAL,43924253.0,2016,-0.5000000000000004,0.8660254037844384,147030
Abitibi-Témiscamingue,RÉSIDENTIEL,103284890.0,2016,-0.5000000000000004,0.8660254037844384,147030
Abitibi-Témiscamingue,AGRICOLE,3500936.0,2016,-2.4492935982947064e-16,1.0,147030
Abitibi-Témiscamingue,INDUSTRIEL,331132088.2406101,2017,0.49999999999999994,0.8660254037844387,147281
Abitibi-Témiscamingue,INSTITUTIONNEL,30448988.064516127,2017,0.49999999999999994,0.8660254037844387,147281
Abitibi-Témiscamingue,INDUSTRIEL,324149212.53656423,2017,1.0,6.123233995736766e-17,147281
Abitibi-Témiscamingue,COMMERCIAL,38635613.0,2017,0.49999999999999994,-0.8660254037844387,147281
Abitibi-Témiscamingue,INDUSTRIEL,296793526.2066443,2017,0.49999999999999994,-0.8660254037844387,147281
Abitibi-Témiscamingue,INSTITUTIONNEL,18972575.24591398,2017,0.49999999999999994,-0.8660254037844387,147281
Abitibi-Témiscamingue,RÉSIDENTIEL,77498866.0,2017,0.49999999999999994,-0.8660254037844387,147281
Abitibi-Témiscamingue,INSTITUTIONNEL,15645391.01408602,2017,1.2246467991473532e-16,-1.0,147281
Abitibi-Témiscamingue,RÉSIDENTIEL,60307092.0,2017,1.2246467991473532e-16,-1.0,147281
Abitibi-Témiscamingue,COMMERCIAL,34554084.0,2017,-0.4999999999999997,-0.8660254037844388,147281
Abitibi-Témiscamingue,INDUSTRIEL,311281491.2675893,2017,-1.0,-1.8369701987210297e-16,147281
Abitibi-Témiscamingue,AGRICOLE,2627017.0,2017,-0.8660254037844386,0.5000000000000001,147281
Abitibi-Témiscamingue,COMMERCIAL,38231876.0,2017,-0.8660254037844386,0.5000000000000001,147281
Abitibi-Témiscamingue,RÉSIDENTIEL,74065651.0,2017,-0.8660254037844386,0.5000000000000001,147281
Abitibi-Témiscamingue,AGRICOLE,3196758.0,2017,-0.5000000000000004,0.8660254037844384,147281
Abitibi-Témiscamingue,COMMERCIAL,49407267.0,2017,-0.5000000000000004,0.8660254037844384,147281
Abitibi-Témiscamingue,RÉSIDENTIEL,182042104.0,2017,-2.4492935982947064e-16,1.0,147281
Abitibi-Témiscamingue,INSTITUTIONNEL,34095820.48865406,2018,0.49999999999999994,0.8660254037844387,147199
Abitibi-Témiscamingue,AGRICOLE,3673733.0,2018,0.8660254037844386,0.5000000000000001,147199
Abitibi-Témiscamingue,RÉSIDENTIEL,153340836.0,2018,0.8660254037844386,0.5000000000000001,147199
Abitibi-Témiscamingue,COMMERCIAL,53304574.0,2018,1.0,6.123233995736766e-17,147199
Abitibi-Témiscamingue,INDUSTRIEL,326366793.1122173,2018,1.0,6.123233995736766e-17,147199
Abitibi-Témiscamingue,INSTITUTIONNEL,27658345.92903226,2018,1.0,6.123233995736766e-17,147199
Abitibi-Témiscamingue,RÉSIDENTIEL,141076720.0,2018,1.0,6.123233995736766e-17,147199
Abitibi-Témiscamingue,AGRICOLE,2564316.0,2018,0.49999999999999994,-0.8660254037844387,147199
Abitibi-Témiscamingue,COMMERCIAL,39347654.0,2018,0.49999999999999994,-0.8660254037844387,147199
Abitibi-Témiscamingue,RÉSIDENTIEL,75297883.0,2018,0.49999999999999994,-0.8660254037844387,147199
Abitibi-Témiscamingue,INDUSTRIEL,296316350.64596725,2018,1.2246467991473532e-16,-1.0,147199
Abitibi-Témiscamingue,INSTITUTIONNEL,15511860.397419354,2018,1.2246467991473532e-16,-1.0,147199
Abitibi-Témiscamingue,INSTITUTIONNEL,15596357.59924731,2018,-0.4999999999999997,-0.8660254037844388,147199
Abitibi-Témiscamingue,RÉSIDENTIEL,57418695.0,2018,-0.4999999999999997,-0.8660254037844388,147199
Abitibi-Témiscamingue,RÉSIDENTIEL,57430673.0,2018,-0.8660254037844385,-0.5000000000000004,147199
Abitibi-Témiscamingue,INSTITUTIONNEL,17219985.631505378,2018,-1.0,-1.8369701987210297e-16,147199
Abitibi-Témiscamingue,INSTITUTIONNEL,27032390.932258066,2018,-0.5000000000000004,0.8660254037844384,147199
Abitibi-Témiscamingue,COMMERCIAL,55400637.0,2018,-2.4492935982947064e-16,1.0,147199
Abitibi-Témiscamingue,INDUSTRIEL,323280101.6227586,2018,-2.4492935982947064e-16,1.0,147199
Abitibi-Témiscamingue,INSTITUTIONNEL,30494340.990322582,2018,-2.4492935982947064e-16,1.0,147199
Abitibi-Témiscamingue,INSTITUTIONNEL,34671822.913125694,2019,0.49999999999999994,0.8660254037844387,147202
Abitibi-Témiscamingue,RÉSIDENTIEL,195676320.0,2019,0.49999999999999994,0.8660254037844387,147202
Abitibi-Témiscamingue,AGRICOLE,3827865.0,2019,0.8660254037844386,0.5000000000000001,147202
Abitibi-Témiscamingue,COMMERCIAL,54563449.0,2019,0.8660254037844386,0.5000000000000001,147202
Abitibi-Témiscamingue,INDUSTRIEL,276975270.19154966,2019,0.8660254037844386,0.5000000000000001,147202
Abitibi-Témiscamingue,INSTITUTIONNEL,29787555.416551724,2019,0.8660254037844386,0.5000000000000001,147202
Abitibi-Témiscamingue,INDUSTRIEL,324569342.440625,2019,0.8660254037844387,-0.4999999999999998,147202
Abitibi-Témiscamingue,INDUSTRIEL,324847071.2456176,2019,0.49999999999999994,-0.8660254037844387,147202
Abitibi-Témiscamingue,INSTITUTIONNEL,19038330.85032258,2019,0.49999999999999994,-0.8660254037844387,147202
Abitibi-Témiscamingue,AGRICOLE,2312332.0,2019,1.2246467991473532e-16,-1.0,147202
Abitibi-Témiscamingue,COMMERCIAL,34274491.0,2019,1.2246467991473532e-16,-1.0,147202
Abitibi-Témiscamingue,INDUSTRIEL,281865481.6017932,2019,1.2246467991473532e-16,-1.0,147202
Abitibi-Témiscamingue,AGRICOLE,2416361.0,2019,-0.4999999999999997,-0.8660254037844388,147202
Abitibi-Témiscamingue,COMMERCIAL,36170160.0,2019,-0.4999999999999997,-0.8660254037844388,147202
Abitibi-Témiscamingue,INSTITUTIONNEL,15110474.951182796,2019,-0.4999999999999997,-0.8660254037844388,147202
Abitibi-Témiscamingue,COMMERCIAL,35388214.0,2019,-0.8660254037844385,-0.5000000000000004,147202
Abitibi-Témiscamingue,RÉSIDENTIEL,57459431.0,2019,-0.8660254037844385,-0.5000000000000004,147202
Abitibi-Témiscamingue,AGRICOLE,2517919.0,2019,-1.0,-1.8369701987210297e-16,147202
Abitibi-Témiscamingue,INSTITUTIONNEL,20579593.09688172,2019,-0.8660254037844386,0.5000000000000001,147202
Abitibi-Témiscamingue,COMMERCIAL,50731164.0,2019,-0.5000000000000004,0.8660254037844384,147202
Abitibi-Témiscamingue,INDUSTRIEL,318953135.44798005,2019,-0.5000000000000004,0.8660254037844384,147202
Abitibi-Témiscamingue,RÉSIDENTIEL,134467257.0,2019,-0.5000000000000004,0.8660254037844384,147202
Abitibi-Témiscamingue,RÉSIDENTIEL,165386263.0,2019,-2.4492935982947064e-16,1.0,147202
Abitibi-Témiscamingue,INSTITUTIONNEL,30727226.26236559,2020,0.49999999999999994,0.8660254037844387,147435
Abitibi-Témiscamingue,RÉSIDENTIEL,166988987.0,2020,0.49999999999999994,0.8660254037844387,147435
Abitibi-Témiscamingue,AGRICOLE,3774185.0,2020,0.8660254037844386,0.5000000000000001,147435
Abitibi-Témiscamingue,COMMERCIAL,54607195.0,2020,0.8660254037844386,0.5000000000000001,147435
Abitibi-Témiscamingue,INDUSTRIEL,296663478.09414846,2020,1.0,6.123233995736766e-17,147435
Abitibi-Témiscamingue,RÉSIDENTIEL,110249730.0,2020,0.8660254037844387,-0.4999999999999998,147435
Abitibi-Témiscamingue,INDUSTRIEL,272521235.7876367,2020,0.49999999999999994,-0.8660254037844387,147435
Abitibi-Témiscamingue,INDUSTRIEL,250443638.4127153,2020,1.2246467991473532e-16,-1.0,147435
Abitibi-Témiscamingue,AGRICOLE,2452555.0,2020,-0.4999999999999997,-0.8660254037844388,147435
Abitibi-Témiscamingue,AGRICOLE,2432805.0,2020,-0.8660254037844385,-0.5000000000000004,147435
Abitibi-Témiscamingue,COMMERCIAL,34558607.0,2020,-0.8660254037844385,-0.5000000000000004,147435
Abitibi-Témiscamingue,RÉSIDENTIEL,61940580.0,2020,-0.8660254037844385,-0.5000000000000004,147435
Abitibi-Témiscamingue,COMMERCIAL,34376505.0,2020,-1.0,-1.8369701987210297e-16,147435
Abitibi-Témiscamingue,COMMERCIAL,45987618.0,2020,-0.5000000000000004,0.8660254037844384,147435
Abitibi-Témiscamingue,INSTITUTIONNEL,24225976.08387097,2020,-0.5000000000000004,0.8660254037844384,147435
Abitibi-Témiscamingue,AGRICOLE,3936363.0,2020,-2.4492935982947064e-16,1.0,147435
Abitibi-Témiscamingue,INDUSTRIEL,273482425.2877816,2020,-2.4492935982947064e-16,1.0,147435
Abitibi-Témiscamingue,AGRICOLE,4007206.0,2021,0.49999999999999994,0.8660254037844387,147838
Abitibi-Témiscamingue,INDUSTRIEL,281854208.01805913,2021,0.49999999999999994,0.8660254037844387,147838
Abitibi-Témiscamingue,AGRICOLE,3848282.0,2021,0.8660254037844386,0.5000000000000001,147838
Abitibi-Témiscamingue,INSTITUTIONNEL,28388638.09367816,2021,0.8660254037844386,0.5000000000000001,147838
Abitibi-Témiscamingue,RÉSIDENTIEL,159599811.0,2021,0.8660254037844386,0.5000000000000001,147838
Abitibi-Témiscamingue,AGRICOLE,3693902.0,2021,1.0,6.123233995736766e-17,147838
Abitibi-Témiscamingue,INDUSTRIEL,269014254.22400606,2021,1.0,6.123233995736766e-17,147838
Abitibi-Témiscamingue,RÉSIDENTIEL,95038186.0,2021,0.8660254037844387,-0.4999999999999998,147838
Abitibi-Témiscamingue,COMMERCIAL,35379145.0,2021,0.49999999999999994,-0.8660254037844387,147838
Abitibi-Témiscamingue,RÉSIDENTIEL,79795125.0,2021,0.49999999999999994,-0.8660254037844387,147838
Abitibi-Témiscamingue,AGRICOLE,2440675.0,2021,-0.4999999999999997,-0.8660254037844388,147838
Abitibi-Témiscamingue,COMMERCIAL,33181401.0,2021,-0.4999999999999997,-0.8660254037844388,147838
Abitibi-Témiscamingue,INDUSTRIEL,275111400.26086307,2021,-0.4999999999999997,-0.8660254037844388,147838
Abitibi-Témiscamingue,AGRICOLE,2587720.0,2021,-0.8660254037844385,-0.5000000000000004,147838
Abitibi-Témiscamingue,INSTITUTIONNEL,15580179.987096772,2021,-0.8660254037844385,-0.5000000000000004,147838
Abitibi-Témiscamingue,AGRICOLE,2614768.0,2021,-1.0,-1.8369701987210297e-16,147838
Abitibi-Témiscamingue,INDUSTRIEL,257010136.79485863,2021,-1.0,-1.8369701987210297e-16,147838
Abitibi-Témiscamingue,RÉSIDENTIEL,62481327.0,2021,-1.0,-1.8369701987210297e-16,147838
Abitibi-Témiscamingue,INDUSTRIEL,266193131.49758184,2021,-0.8660254037844386,0.5000000000000001,147838
Abitibi-Témiscamingue,INDUSTRIEL,241107782.6187872,2021,-0.5000000000000004,0.8660254037844384,147838
Abitibi-Témiscamingue,RÉSIDENTIEL,121380882.0,2021,-0.5000000000000004,0.8660254037844384,147838
Abitibi-Témiscamingue,INSTITUTIONNEL,30958489.454838708,2021,-2.4492935982947064e-16,1.0,147838
Abitibi-Témiscamingue,AGRICOLE,5040006.0,2022,0.49999999999999994,0.8660254037844387,148118
Abitibi-Témiscamingue,RÉSIDENTIEL,174142993.0,2022,0.8660254037844386,0.5000000000000001,148118
Abitibi-Témiscamingue,COMMERCIAL,52637337.0,2022,1.0,6.123233995736766e-17,148118
Abitibi-Témiscamingue,INDUSTRIEL,283538817.0332217,2022,1.0,6.123233995736766e-17,148118
Abitibi-Témiscamingue,AGRICOLE,3294580.0,2022,0.8660254037844387,-0.4999999999999998,148118
Abitibi-Témiscamingue,INDUSTRIEL,275404309.58475435,2022,0.8660254037844387,-0.4999999999999998,148118
Abitibi-Témiscamingue,RÉSIDENTIEL,112251641.0,2022,0.8660254037844387,-0.4999999999999998,148118
Abitibi-Témiscamingue,INDUSTRIEL,261676540.84250692,2022,0.49999999999999994,-0.8660254037844387,148118
Abitibi-Témiscamingue,INSTITUTIONNEL,16996040.206989247,2022,0.49999999999999994,-0.8660254037844387,148118
Abitibi-Témiscamingue,COMMERCIAL,32483577.0,2022,1.2246467991473532e-16,-1.0,148118
Abitibi-Témiscamingue,AGRICOLE,2601644.0,2022,-0.4999999999999997,-0.8660254037844388,148118
Abitibi-Témiscamingue,RÉSIDENTIEL,62063773.0,2022,-0.4999999999999997,-0.8660254037844388,148118
Abitibi-Témiscamingue,COMMERCIAL,32809147.0,2022,-0.8660254037844385,-0.5000000000000004,148118
Abitibi-Témiscamingue,AGRICOLE,2726106.0,2022,-1.0,-1.8369701987210297e-16,148118
Abitibi-Témiscamingue,INSTITUTIONNEL,16689665.887741936,2022,-1.0,-1.8369701987210297e-16,148118
Abitibi-Témiscamingue,INSTITUTIONNEL,20169058.53806452,2022,-0.8660254037844386,0.5000000000000001,148118
Abitibi-Témiscamingue,RÉSIDENTIEL,85310319.0,2022,-0.8660254037844386,0.5000000000000001,148118
Abitibi-Témiscamingue,INDUSTRIEL,274282310.155979,2022,-0.5000000000000004,0.8660254037844384,148118
Abitibi-Témiscamingue,RÉSIDENTIEL,121415751.0,2022,-0.5000000000000004,0.8660254037844384,148118
Abitibi-Témiscamingue,AGRICOLE,4138223.0,2022,-2.4492935982947064e-16,1.0,148118
Abitibi-Témiscamingue,COMMERCIAL,53029654.0,2022,-2.4492935982947064e-16,1.0,148118
Abitibi-Témiscamingue,INSTITUTIONNEL,30099472.412903227,2022,-2.4492935982947064e-16,1.0,148118
Abitibi-Témiscamingue,INDUSTRIEL,290115644.1939409,2023,0.49999999999999994,0.8660254037844387,148564
Abitibi-Témiscamingue,AGRICOLE,4120292.0,2023,1.0,6.123233995736766e-17,148564
Abitibi-Témiscamingue,INSTITUTIONNEL,28224486.35333333,2023,1.0,6.123233995736766e-17,148564
Abitibi-Témiscamingue,RÉSIDENTIEL,148395246.0,2023,1.0,6.123233995736766e-17,148564
Abitibi-Témiscamingue,COMMERCIAL,39719877.0,2023,0.8660254037844387,-0.4999999999999998,148564
Abitibi-Témiscamingue,INDUSTRIEL,279709135.2708334,2023,0.8660254037844387,-0.4999999999999998,148564
Abitibi-Témiscamingue,INSTITUTIONNEL,21954965.03,2023,0.8660254037844387,-0.4999999999999998,148564
Abitibi-Témiscamingue,INDUSTRIEL,255391388.03791964,2023,0.49999999999999994,-0.8660254037844387,148564
Abitibi-Témiscamingue,RÉSIDENTIEL,80270938.0,2023,0.49999999999999994,-0.8660254037844387,148564
Abitibi-Témiscamingue,AGRICOLE,2739979.0,2023,-0.4999999999999997,-0.8660254037844388,148564
Abitibi-Témiscamingue,COMMERCIAL,31742198.0,2023,-0.4999999999999997,-0.8660254037844388,148564
Abitibi-Témiscamingue,AGRICOLE,2925128.0,2023,-1.0,-1.8369701987210297e-16,148564
Abitibi-Témiscamingue,INDUSTRIEL,258081185.6904613,2023,-1.0,-1.8369701987210297e-16,148564
Abitibi-Témiscamingue,INSTITUTIONNEL,16405239.80731183,2023,-1.0,-1.8369701987210297e-16,148564
Abitibi-Témiscamingue,RÉSIDENTIEL,61231407.0,2023,-1.0,-1.8369701987210297e-16,148564
Abitibi-Témiscamingue,AGRICOLE,3207214.0,2023,-0.8660254037844386,0.5000000000000001,148564
Abitibi-Témiscamingue,INDUSTRIEL,272327716.4065774,2023,-0.8660254037844386,0.5000000000000001,148564
Abitibi-Témiscamingue,INSTITUTIONNEL,20397418.33139785,2023,-0.8660254037844386,0.5000000000000001,148564
Abitibi-Témiscamingue,RÉSIDENTIEL,85526555.0,2023,-0.8660254037844386,0.5000000000000001,148564
Abitibi-Témiscamingue,INDUSTRIEL,281147439.3509821,2023,-0.5000000000000004,0.8660254037844384,148564
Abitibi-Témiscamingue,INSTITUTIONNEL,28692887.18064516,2023,-2.4492935982947064e-16,1.0,148564
Abitibi-Témiscamingue,RÉSIDENTIEL,155889374.0,2023,-2.4492935982947064e-16,1.0,148564
Bas-Saint-Laurent,INSTITUTIONNEL,,2016,0.49999999999999994,0.8660254037844387,197289
Bas-Saint-Laurent,INSTITUTIONNEL,,2016,0.8660254037844386,0.5000000000000001,197289
Bas-Saint-Laurent,INDUSTRIEL,,2016,1.0,6.123233995736766e-17,197289
Bas-Saint-Laurent,INSTITUTIONNEL,,2016,1.0,6.123233995736766e-17,197289
Bas-Saint-Laurent,RÉSIDENTIEL,,2016,1.0,6.123233995736766e-17,197289
Bas-Saint-Laurent,INDUSTRIEL,,2016,0.8660254037844387,-0.4999999999999998,197289
Bas-Saint-Laurent,COMMERCIAL,,2016,0.49999999999999994,-0.8660254037844387,197289
Bas-Saint-Laurent,INSTITUTIONNEL,,2016,1.2246467991473532e-16,-1.0,197289
Bas-Saint-Laurent,RÉSIDENTIEL,,2016,1.2246467991473532e-16,-1.0,197289
Bas-Saint-Laurent,AGRICOLE,,2016,-0.4999999999999997,-0.8660254037844388,197289
Bas-Saint-Laurent,COMMERCIAL,,2016,-0.4999999999999997,-0.8660254037844388,197289
Bas-Saint-Laurent,RÉSIDENTIEL,,2016,-0.4999999999999997,-0.8660254037844388,197289
Bas-Saint-Laurent,RÉSIDENTIEL,,2016,-0.8660254037844385,-0.5000000000000004,197289
Bas-Saint-Laurent,AGRICOLE,,2016,-1.0,-1.8369701987210297e-16,197289
Bas-Saint-Laurent,RÉSIDENTIEL,,2016,-1.0,-1.8369701987210297e-16,197289
Bas-Saint-Laurent,COMMERCIAL,,2016,-0.8660254037844386,0.5000000000000001,197289
Bas-Saint-Laurent,INSTITUTIONNEL,,2016,-0.8660254037844386,0.5000000000000001,197289
Bas-Saint-Laurent,RÉSIDENTIEL,,2016,-0.8660254037844386,0.5000000000000001,197289
Bas-Saint-Laurent,AGRICOLE,,2016,-0.5000000000000004,0.8660254037844384,197289
Bas-Saint-Laurent,AGRICOLE,,2016,-2.4492935982947064e-16,1.0,197289
Bas-Saint-Laurent,AGRICOLE,,2017,0.49999999999999994,0.8660254037844387,197131
Bas-Saint-Laurent,INSTITUTIONNEL,,2017,0.49999999999999994,0.8660254037844387,197131
Bas-Saint-Laurent,COMMERCIAL,,2017,0.8660254037844386,0.5000000000000001,197131
Bas-Saint-Laurent,INDUSTRIEL,,2017,0.8660254037844386,0.5000000000000001,197131
Bas-Saint-Laurent,INSTITUTIONNEL,,2017,0.8660254037844386,0.5000000000000001,197131
Bas-Saint-Laurent,COMMERCIAL,,2017,1.0,6.123233995736766e-17,197131
Bas-Saint-Laurent,RÉSIDENTIEL,,2017,1.0,6.123233995736766e-17,197131
Bas-Saint-Laurent,AGRICOLE,,2017,0.8660254037844387,-0.4999999999999998,197131
Bas-Saint-Laurent,COMMERCIAL,,2017,0.49999999999999994,-0.8660254037844387,197131
Bas-Saint-Laurent,COMMERCIAL,,2017,1.2246467991473532e-16,-1.0,197131
Bas-Saint-Laurent,INDUSTRIEL,,2017,-0.4999999999999997,-0.8660254037844388,197131
Bas-Saint-Laurent,INSTITUTIONNEL,,2017,-0.4999999999999997,-0.8660254037844388,197131
Bas-Saint-Laurent,RÉSIDENTIEL,,2017,-0.4999999999999997,-0.8660254037844388,197131
Bas-Saint-Laurent,AGRICOLE,,2017,-0.8660254037844385,-0.5000000000000004,197131
Bas-Saint-Laurent,AGRICOLE,,2017,-0.8660254037844386,0.5000000000000001,197131
Bas-Saint-Laurent,INDUSTRIEL,,2017,-0.5000000000000004,0.8660254037844384,197131
Bas-Saint-Laurent,INSTITUTIONNEL,,2017,-0.5000000000000004,0.8660254037844384,197131
Bas-Saint-Laurent,INDUSTRIEL,,2017,-2.4492935982947064e-16,1.0,197131
Bas-Saint-Laurent,AGRICOLE,,2018,0.8660254037844386,0.5000000000000001,196879
Bas-Saint-Laurent,INDUSTRIEL,,2018,0.8660254037844386,0.5000000000000001,196879
Bas-Saint-Laurent,AGRICOLE,,2018,1.0,6.123233995736766e-17,196879
Bas-Saint-Laurent,COMMERCIAL,,2018,1.0,6.123233995736766e-17,196879
Bas-Saint-Laurent,INSTITUTIONNEL,,2018,1.0,6.123233995736766e-17,196879
Bas-Saint-Laurent,RÉSIDENTIEL,,2018,1.0,6.123233995736766e-17,196879
Bas-Saint-Laurent,COMMERCIAL,,2018,0.8660254037844387,-0.4999999999999998,196879
Bas-Saint-Laurent,INDUSTRIEL,,2018,0.8660254037844387,-0.4999999999999998,196879
Bas-Saint-Laurent,INSTITUTIONNEL,,2018,0.8660254037844387,-0.4999999999999998,196879
Bas-Saint-Laurent,AGRICOLE,,2018,0.49999999999999994,-0.8660254037844387,196879
Bas-Saint-Laurent,COMMERCIAL,,2018,0.49999999999999994,-0.8660254037844387,196879
Bas-Saint-Laurent,INSTITUTIONNEL,,2018,0.49999999999999994,-0.8660254037844387,196879
Bas-Saint-Laurent,COMMERCIAL,,2018,1.2246467991473532e-16,-1.0,196879
Bas-Saint-Laurent,INSTITUTIONNEL,,2018,1.2246467991473532e-16,-1.0,196879
Bas-Saint-Laurent,RÉSIDENTIEL,,2018,1.2246467991473532e-16,-1.0,196879
Bas-Saint-Laurent,INDUSTRIEL,,2018,-0.4999999999999997,-0.8660254037844388,196879
Bas-Saint-Laurent,INDUSTRIEL,,2018,-0.8660254037844385,-0.5000000000000004,196879
Bas-Saint-Laurent,COMMERCIAL,,2018,-1.0,-1.8369701987210297e-16,196879
Bas-Saint-Laurent,INSTITUTIONNEL,,2018,-1.0,-1.8369701987210297e-16,196879
Bas-Saint-Laurent,AGRICOLE,,2018,-0.8660254037844386,0.5000000000000001,196879
Bas-Saint-Laurent,INSTITUTIONNEL,,2018,-0.8660254037844386,0.5000000000000001,196879
Bas-Saint-Laurent,COMMERCIAL,,2018,-2.4492935982947064e-16,1.0,196879
Bas-Saint-Laurent,INSTITUTIONNEL,,2018,-2.4492935982947064e-16,1.0,196879
Bas-Saint-Laurent,COMMERCIAL,,2019,0.49999999999999994,0.8660254037844387,197170
Bas-Saint-Laurent,INDUSTRIEL,,2019,0.49999999999999994,0.8660254037844387,197170
Bas-Saint-Laurent,AGRICOLE,,2019,0.8660254037844386,0.5000000000000001,197170
Bas-Saint-Laurent,COMMERCIAL,,2019,0.8660254037844386,0.5000000000000001,197170
Bas-Saint-Laurent,INSTITUTIONNEL,,2019,0.8660254037844387,-0.4999999999999998,197170
Bas-Saint-Laurent,INSTITUTIONNEL,,2019,1.2246467991473532e-16,-1.0,197170
Bas-Saint-Laurent,RÉSIDENTIEL,,2019,1.2246467991473532e-16,-1.0,197170
Bas-Saint-Laurent,INSTITUTIONNEL,,2019,-0.4999999999999997,-0.8660254037844388,197170
Bas-Saint-Laurent,RÉSIDENTIEL,,2019,-0.4999999999999997,-0.8660254037844388,197170
Bas-Saint-Laurent,INSTITUTIONNEL,,2019,-0.8660254037844385,-0.5000000000000004,197170
Bas-Saint-Laurent,AGRICOLE,,2019,-1.0,-1.8369701987210297e-16,197170
Bas-Saint-Laurent,RÉSIDENTIEL,,2019,-0.8660254037844386,0.5000000000000001,197170
Bas-Saint-Laurent,INDUSTRIEL,,2019,-0.5000000000000004,0.8660254037844384,197170
Bas-Saint-Laurent,RÉSIDENTIEL,,2019,-0.5000000000000004,0.8660254037844384,197170
Bas-Saint-Laurent,INSTITUTIONNEL,,2019,-2.4492935982947064e-16,1.0,197170
Bas-Saint-Laurent,INSTITUTIONNEL,,2020,0.8660254037844386,0.5000000000000001,197815
Bas-Saint-Laurent,INSTITUTIONNEL,,2020,1.0,6.123233995736766e-17,197815
Bas-Saint-Laurent,COMMERCIAL,,2020,0.8660254037844387,-0.4999999999999998,197815
Bas-Saint-Laurent,RÉSIDENTIEL,,2020,0.8660254037844387,-0.4999999999999998,197815
Bas-Saint-Laurent,AGRICOLE,,2020,0.49999999999999994,-0.8660254037844387,197815
Bas-Saint-Laurent,INSTITUTIONNEL,,2020,0.49999999999999994,-0.8660254037844387,197815
Bas-Saint-Laurent,AGRICOLE,,2020,-0.4999999999999997,-0.8660254037844388,197815
Bas-Saint-Laurent,COMMERCIAL,,2020,-0.4999999999999997,-0.8660254037844388,197815
Bas-Saint-Laurent,INDUSTRIEL,,2020,-0.4999999999999997,-0.8660254037844388,197815
Bas-Saint-Laurent,AGRICOLE,,2020,-0.8660254037844385,-0.5000000000000004,197815
Bas-Saint-Laurent,COMMERCIAL,,2020,-0.8660254037844385,-0.5000000000000004,197815
Bas-Saint-Laurent,INSTITUTIONNEL,,2020,-0.8660254037844385,-0.5000000000000004,197815
Bas-Saint-Laurent,INDUSTRIEL,,2020,-0.8660254037844386,0.5000000000000001,197815
Bas-Saint-Laurent,AGRICOLE,,2020,-0.5000000000000004,0.8660254037844384,197815
Bas-Saint-Laurent,INDUSTRIEL,,2020,-0.5000000000000004,0.8660254037844384,197815
Bas-Saint-Laurent,INSTITUTIONNEL,,2020,-0.5000000000000004,0.8660254037844384,197815
Bas-Saint-Laurent,COMMERCIAL,,2020,-2.4492935982947064e-16,1.0,197815
Bas-Saint-Laurent,INDUSTRIEL,,2020,-2.4492935982947064e-16,1.0,197815
Bas-Saint-Laurent,AGRICOLE,,2021,0.8660254037844386,0.5000000000000001,199319
Bas-Saint-Laurent,INDUSTRIEL,,2021,0.8660254037844386,0.5000000000000001,199319
Bas-Saint-Laurent,INSTITUTIONNEL,,2021,0.8660254037844386,0.5000000000000001,199319
Bas-Saint-Laurent,AGRICOLE,,2021,0.49999999999999994,-0.8660254037844387,199319
Bas-Saint-Laurent,COMMERCIAL,,2021,0.49999999999999994,-0.8660254037844387,199319
Bas-Saint-Laurent,INDUSTRIEL,,2021,-0.4999999999999997,-0.8660254037844388,199319
Bas-Saint-Laurent,INDUSTRIEL,,2021,-1.0,-1.8369701987210297e-16,199319
Bas-Saint-Laurent,INSTITUTIONNEL,,2021,-1.0,-1.8369701987210297e-16,199319
Bas-Saint-Laurent,RÉSIDENTIEL,,2021,-1.0,-1.8369701987210297e-16,199319
Bas-Saint-Laurent,AGRICOLE,,2021,-0.8660254037844386,0.5000000000000001,199319
Bas-Saint-Laurent,INSTITUTIONNEL,,2021,-0.8660254037844386,0.5000000000000001,199319
Bas-Saint-Laurent,RÉSIDENTIEL,,2021,-0.8660254037844386,0.5000000000000001,199319
Bas-Saint-Laurent,AGRICOLE,,2021,-0.5000000000000004,0.8660254037844384,199319
Bas-Saint-Laurent,INDUSTRIEL,,2021,-2.4492935982947064e-16,1.0,199319
Bas-Saint-Laurent,AGRICOLE,,2022,0.49999999999999994,0.8660254037844387,200929
Bas-Saint-Laurent,INDUSTRIEL,,2022,0.49999999999999994,0.8660254037844387,200929
Bas-Saint-Laurent,INSTITUTIONNEL,,2022,0.49999999999999994,0.8660254037844387,200929
Bas-Saint-Laurent,AGRICOLE,,2022,0.8660254037844386,0.5000000000000001,200929
Bas-Saint-Laurent,INSTITUTIONNEL,,2022,0.8660254037844386,0.5000000000000001,200929
Bas-Saint-Laurent,INSTITUTIONNEL,,2022,1.0,6.123233995736766e-17,200929
Bas-Saint-Laurent,INDUSTRIEL,,2022,0.8660254037844387,-0.4999999999999998,200929
Bas-Saint-Laurent,INSTITUTIONNEL,,2022,0.8660254037844387,-0.4999999999999998,200929
Bas-Saint-Laurent,AGRICOLE,,2022,0.49999999999999994,-0.8660254037844387,200929
Bas-Saint-Laurent,INDUSTRIEL,,2022,0.49999999999999994,-0.8660254037844387,200929
Bas-Saint-Laurent,INSTITUTIONNEL,,2022,0.49999999999999994,-0.8660254037844387,200929
Bas-Saint-Laurent,RÉSIDENTIEL,,2022,-0.4999999999999997,-0.8660254037844388,200929
Bas-Saint-Laurent,AGRICOLE,,2022,-0.8660254037844385,-0.5000000000000004,200929
Bas-Saint-Laurent,INDUSTRIEL,,2022,-1.0,-1.8369701987210297e-16,200929
Bas-Saint-Laurent,INDUSTRIEL,,2022,-0.8660254037844386,0.5000000000000001,200929
Bas-Saint-Laurent,COMMERCIAL,,2022,-0.5000000000000004,0.8660254037844384,200929
Bas-Saint-Laurent,RÉSIDENTIEL,,2022,-0.5000000000000004,0.8660254037844384,200929
Bas-Saint-Laurent,COMMERCIAL,,2022,-2.4492935982947064e-16,1.0,200929
Bas-Saint-Laurent,INDUSTRIEL,,2022,-2.4492935982947064e-16,1.0,200929
Bas-Saint-Laurent,INDUSTRIEL,,2023,0.8660254037844386,0.5000000000000001,202605
Bas-Saint-Laurent,RÉSIDENTIEL,,2023,1.0,6.123233995736766e-17,202605
Bas-Saint-Laurent,AGRICOLE,,2023,0.49999999999999994,-0.8660254037844387,202605
Bas-Saint-Laurent,INDUSTRIEL,,2023,0.49999999999999994,-0.8660254037844387,202605
Bas-Saint-Laurent,INSTITUTIONNEL,,2023,0.49999999999999994,-0.8660254037844387,202605
Bas-Saint-Laurent,RÉSIDENTIEL,,2023,1.2246467991473532e-16,-1.0,202605
Bas-Saint-Laurent,AGRICOLE,,2023,-0.4999999999999997,-0.8660254037844388,202605
Bas-Saint-Laurent,INSTITUTIONNEL,,2023,-0.4999999999999997,-0.8660254037844388,202605
Bas-Saint-Laurent,AGRICOLE,,2023,-0.8660254037844385,-0.5000000000000004,202605
Bas-Saint-Laurent,INSTITUTIONNEL,,2023,-0.8660254037844385,-0.5000000000000004,202605
Bas-Saint-Laurent,INDUSTRIEL,,2023,-1.0,-1.8369701987210297e-16,202605
Bas-Saint-Laurent,RÉSIDENTIEL,,2023,-1.0,-1.8369701987210297e-16,202605
Bas-Saint-Laurent,AGRICOLE,,2023,-0.8660254037844386,0.5000000000000001,202605
Bas-Saint-Laurent,INDUSTRIEL,,2023,-0.5000000000000004,0.8660254037844384,202605
Bas-Saint-Laurent,INSTITUTIONNEL,,2023,-2.4492935982947064e-16,1.0,202605
Capitale-Nationale,AGRICOLE,8833524.0,2016,0.49999999999999994,0.8660254037844387,734543
Capitale-Nationale,INSTITUTIONNEL,88510441.9,2016,0.49999999999999994,0.8660254037844387,734543
Capitale-Nationale,AGRICOLE,8075924.0,2016,0.8660254037844386,0.5000000000000001,734543
Capitale-Nationale,COMMERCIAL,295150210.6,2016,0.8660254037844386,0.5000000000000001,734543
Capitale-Nationale,INSTITUTIONNEL,83724279.8,2016,0.8660254037844386,0.5000000000000001,734543
Capitale-Nationale,COMMERCIAL,287868254.5,2016,1.0,6.123233995736766e-17,734543
Capitale-Nationale,INDUSTRIEL,533814027.9,2016,1.0,6.123233995736766e-17,734543
Capitale-Nationale,INDUSTRIEL,520108677.5,2016,0.8660254037844387,-0.4999999999999998,734543
Capitale-Nationale,INSTITUTIONNEL,74534861.3,2016,0.8660254037844387,-0.4999999999999998,734543
Capitale-Nationale,INDUSTRIEL,510263032.8,2016,1.2246467991473532e-16,-1.0,734543
Capitale-Nationale,RÉSIDENTIEL,307337529.0,2016,1.2246467991473532e-16,-1.0,734543
Capitale-Nationale,RÉSIDENTIEL,316227763.0,2016,-0.8660254037844385,-0.5000000000000004,734543
Capitale-Nationale,AGRICOLE,5011443.0,2016,-1.0,-1.8369701987210297e-16,734543
Capitale-Nationale,INSTITUTIONNEL,63327267.9,2016,-1.0,-1.8369701987210297e-16,734543
Capitale-Nationale,RÉSIDENTIEL,291459231.0,2016,-1.0,-1.8369701987210297e-16,734543
Capitale-Nationale,COMMERCIAL,238437733.2,2016,-0.8660254037844386,0.5000000000000001,734543
Capitale-Nationale,INSTITUTIONNEL,69984416.6,2016,-0.8660254037844386,0.5000000000000001,734543
Capitale-Nationale,COMMERCIAL,316666256.20000005,2016,-2.4492935982947064e-16,1.0,734543
Capitale-Nationale,INSTITUTIONNEL,85184196.2,2016,-2.4492935982947064e-16,1.0,734543
Capitale-Nationale,RÉSIDENTIEL,807360294.0,2016,-2.4492935982947064e-16,1.0,734543
Capitale-Nationale,COMMERCIAL,292648286.6,2017,0.8660254037844386,0.5000000000000001,739593
Capitale-Nationale,AGRICOLE,7775474.0,2017,1.0,6.123233995736766e-17,739593
Capitale-Nationale,INDUSTRIEL,540935659.8,2017,1.0,6.123233995736766e-17,739593
Capitale-Nationale,AGRICOLE,6352397.0,2017,0.8660254037844387,-0.4999999999999998,739593
Capitale-Nationale,RÉSIDENTIEL,508867958.0,2017,0.8660254037844387,-0.4999999999999998,739593
Capitale-Nationale,INDUSTRIEL,535968732.6,2017,0.49999999999999994,-0.8660254037844387,739593
Capitale-Nationale,RÉSIDENTIEL,382371204.0,2017,0.49999999999999994,-0.8660254037844387,739593
Capitale-Nationale,AGRICOLE,4715273.0,2017,1.2246467991473532e-16,-1.0,739593
Capitale-Nationale,INDUSTRIEL,525493819.8,2017,1.2246467991473532e-16,-1.0,739593
Capitale-Nationale,RÉSIDENTIEL,309375617.0,2017,1.2246467991473532e-16,-1.0,739593
Capitale-Nationale,INDUSTRIEL,545773028.8,2017,-0.4999999999999997,-0.8660254037844388,739593
Capitale-Nationale,INSTITUTIONNEL,58582536.3,2017,-0.4999999999999997,-0.8660254037844388,739593
Capitale-Nationale,RÉSIDENTIEL,307832380.0,2017,-0.4999999999999997,-0.8660254037844388,739593
Capitale-Nationale,INSTITUTIONNEL,60914314.7,2017,-0.8660254037844385,-0.5000000000000004,739593
Capitale-Nationale,RÉSIDENTIEL,310442315.0,2017,-0.8660254037844385,-0.5000000000000004,739593
Capitale-Nationale,AGRICOLE,5289726.0,2017,-1.0,-1.8369701987210297e-16,739593
Capitale-Nationale,INDUSTRIEL,529767574.1,2017,-1.0,-1.8369701987210297e-16,739593
Capitale-Nationale,COMMERCIAL,236717139.9,2017,-0.8660254037844386,0.5000000000000001,739593
Capitale-Nationale,INDUSTRIEL,550930285.8,2017,-0.8660254037844386,0.5000000000000001,739593
Capitale-Nationale,RÉSIDENTIEL,353062472.0,2017,-0.8660254037844386,0.5000000000000001,739593
Capitale-Nationale,AGRICOLE,7869586.0,2017,-0.5000000000000004,0.8660254037844384,739593
Capitale-Nationale,INSTITUTIONNEL,80675614.9,2017,-0.5000000000000004,0.8660254037844384,739593
Capitale-Nationale,COMMERCIAL,337034960.3,2017,-2.4492935982947064e-16,1.0,739593
Capitale-Nationale,INDUSTRIEL,545949701.8,2017,-2.4492935982947064e-16,1.0,739593
Capitale-Nationale,AGRICOLE,9798744.0,2018,0.49999999999999994,0.8660254037844387,745809
Capitale-Nationale,INDUSTRIEL,538293077.0612903,2018,0.49999999999999994,0.8660254037844387,745809
Capitale-Nationale,INSTITUTIONNEL,95817709.7,2018,0.49999999999999994,0.8660254037844387,745809
Capitale-Nationale,AGRICOLE,7950560.0,2018,0.8660254037844386,0.5000000000000001,745809
Capitale-Nationale,COMMERCIAL,289811185.1,2018,0.8660254037844386,0.5000000000000001,745809
Capitale-Nationale,COMMERCIAL,259700264.3,2018,0.8660254037844387,-0.4999999999999998,745809
Capitale-Nationale,INDUSTRIEL,541599448.1584947,2018,0.8660254037844387,-0.4999999999999998,745809
Capitale-Nationale,INSTITUTIONNEL,76754421.7,2018,0.8660254037844387,-0.4999999999999998,745809
Capitale-Nationale,INSTITUTIONNEL,67279456.2,2018,0.49999999999999994,-0.8660254037844387,745809
Capitale-Nationale,RÉSIDENTIEL,362421530.0,2018,0.49999999999999994,-0.8660254037844387,745809
Capitale-Nationale,AGRICOLE,4576744.0,2018,1.2246467991473532e-16,-1.0,745809
Capitale-Nationale,COMMERCIAL,234540896.3,2018,1.2246467991473532e-16,-1.0,745809
Capitale-Nationale,AGRICOLE,5052468.0,2018,-0.4999999999999997,-0.8660254037844388,745809
Capitale-Nationale,COMMERCIAL,261678346.4,2018,-0.8660254037844385,-0.5000000000000004,745809
Capitale-Nationale,INDUSTRIEL,555103577.2677419,2018,-0.8660254037844385,-0.5000000000000004,745809
Capitale-Nationale,RÉSIDENTIEL,318400438.0,2018,-0.8660254037844385,-0.5000000000000004,745809
Capitale-Nationale,AGRICOLE,4722757.0,2018,-1.0,-1.8369701987210297e-16,745809
Capitale-Nationale,RÉSIDENTIEL,308298427.0,2018,-1.0,-1.8369701987210297e-16,745809
Capitale-Nationale,AGRICOLE,7651434.0,2018,-0.5000000000000004,0.8660254037844384,745809
Capitale-Nationale,COMMERCIAL,329199006.9,2018,-2.4492935982947064e-16,1.0,745809
Capitale-Nationale,AGRICOLE,9748991.0,2019,0.49999999999999994,0.8660254037844387,753293
Capitale-Nationale,AGRICOLE,8407868.0,2019,0.8660254037844386,0.5000000000000001,753293
Capitale-Nationale,COMMERCIAL,312631523.5,2019,0.8660254037844386,0.5000000000000001,753293
Capitale-Nationale,COMMERCIAL,307601711.3,2019,1.0,6.123233995736766e-17,753293
Capitale-Nationale,INDUSTRIEL,567305684.4935484,2019,1.0,6.123233995736766e-17,753293
Capitale-Nationale,INSTITUTIONNEL,87142150.1,2019,1.0,6.123233995736766e-17,753293
Capitale-Nationale,INDUSTRIEL,533756464.70645165,2019,0.8660254037844387,-0.4999999999999998,753293
Capitale-Nationale,RÉSIDENTIEL,556925879.0,2019,0.8660254037844387,-0.4999999999999998,753293
Capitale-Nationale,AGRICOLE,5168117.0,2019,0.49999999999999994,-0.8660254037844387,753293
Capitale-Nationale,INDUSTRIEL,539080193.2225807,2019,0.49999999999999994,-0.8660254037844387,753293
Capitale-Nationale,INSTITUTIONNEL,68587542.4,2019,0.49999999999999994,-0.8660254037844387,753293
Capitale-Nationale,AGRICOLE,4458030.0,2019,1.2246467991473532e-16,-1.0,753293
Capitale-Nationale,RÉSIDENTIEL,319875693.0,2019,1.2246467991473532e-16,-1.0,753293
Capitale-Nationale,COMMERCIAL,258943409.9,2019,-0.4999999999999997,-0.8660254037844388,753293
Capitale-Nationale,INDUSTRIEL,526145835.1098925,2019,-0.4999999999999997,-0.8660254037844388,753293
Capitale-Nationale,INSTITUTIONNEL,61038541.1,2019,-0.4999999999999997,-0.8660254037844388,753293
Capitale-Nationale,AGRICOLE,4898535.0,2019,-0.8660254037844385,-0.5000000000000004,753293
Capitale-Nationale,INSTITUTIONNEL,61934568.0,2019,-0.8660254037844385,-0.5000000000000004,753293
Capitale-Nationale,INDUSTRIEL,505648657.1070968,2019,-1.0,-1.8369701987210297e-16,753293
Capitale-Nationale,INDUSTRIEL,533956851.2656796,2019,-0.5000000000000004,0.8660254037844384,753293
Capitale-Nationale,COMMERCIAL,330263441.4,2020,0.49999999999999994,0.8660254037844387,759259
Capitale-Nationale,INDUSTRIEL,527427722.3903226,2020,0.49999999999999994,0.8660254037844387,759259
Capitale-Nationale,INSTITUTIONNEL,91256442.2,2020,0.49999999999999994,0.8660254037844387,759259
Capitale-Nationale,RÉSIDENTIEL,850590246.0,2020,0.49999999999999994,0.8660254037844387,759259
Capitale-Nationale,AGRICOLE,8026179.0,2020,1.0,6.123233995736766e-17,759259
Capitale-Nationale,RÉSIDENTIEL,562603381.0,2020,0.8660254037844387,-0.4999999999999998,759259
Capitale-Nationale,COMMERCIAL,212156881.4,2020,0.49999999999999994,-0.8660254037844387,759259
Capitale-Nationale,INSTITUTIONNEL,60226663.2,2020,0.49999999999999994,-0.8660254037844387,759259
Capitale-Nationale,RÉSIDENTIEL,343267179.0,2020,-0.4999999999999997,-0.8660254037844388,759259
Capitale-Nationale,RÉSIDENTIEL,336055871.0,2020,-0.8660254037844385,-0.5000000000000004,759259
Capitale-Nationale,INSTITUTIONNEL,60036112.3,2020,-1.0,-1.8369701987210297e-16,759259
Capitale-Nationale,INDUSTRIEL,524339775.7709677,2020,-0.8660254037844386,0.5000000000000001,759259
Capitale-Nationale,INSTITUTIONNEL,70184211.7,2020,-0.8660254037844386,0.5000000000000001,759259
Capitale-Nationale,AGRICOLE,8379584.0,2020,-2.4492935982947064e-16,1.0,759259
Capitale-Nationale,INSTITUTIONNEL,80806015.3,2021,0.8660254037844386,0.5000000000000001,762707
Capitale-Nationale,RÉSIDENTIEL,776582748.0,2021,0.8660254037844386,0.5000000000000001,762707
Capitale-Nationale,INDUSTRIEL,544052300.8403226,2021,1.0,6.123233995736766e-17,762707
Capitale-Nationale,AGRICOLE,5032984.0,2021,0.49999999999999994,-0.8660254037844387,762707
Capitale-Nationale,COMMERCIAL,224711748.1,2021,0.49999999999999994,-0.8660254037844387,762707
Capitale-Nationale,INDUSTRIEL,548922448.3931183,2021,0.49999999999999994,-0.8660254037844387,762707
Capitale-Nationale,AGRICOLE,4882761.0,2021,1.2246467991473532e-16,-1.0,762707
Capitale-Nationale,COMMERCIAL,242588620.6,2021,-0.4999999999999997,-0.8660254037844388,762707
Capitale-Nationale,INDUSTRIEL,542989402.4782796,2021,-0.4999999999999997,-0.8660254037844388,762707
Capitale-Nationale,AGRICOLE,5796102.0,2021,-0.8660254037844385,-0.5000000000000004,762707
Capitale-Nationale,INDUSTRIEL,546112257.5645161,2021,-0.8660254037844385,-0.5000000000000004,762707
Capitale-Nationale,INSTITUTIONNEL,59136481.2,2021,-1.0,-1.8369701987210297e-16,762707
Capitale-Nationale,INDUSTRIEL,551214266.2735484,2021,-0.8660254037844386,0.5000000000000001,762707
Capitale-Nationale,INDUSTRIEL,548157184.7731183,2021,-0.5000000000000004,0.8660254037844384,762707
Capitale-Nationale,INSTITUTIONNEL,76039276.10000001,2021,-0.5000000000000004,0.8660254037844384,762707
Capitale-Nationale,COMMERCIAL,328031207.32857144,2021,-2.4492935982947064e-16,1.0,762707
Capitale-Nationale,AGRICOLE,9740422.0,2022,0.49999999999999994,0.8660254037844387,774804
Capitale-Nationale,AGRICOLE,8336633.0,2022,0.8660254037844386,0.5000000000000001,774804
Capitale-Nationale,INDUSTRIEL,502582495.767742,2022,0.8660254037844386,0.5000000000000001,774804
Capitale-Nationale,INSTITUTIONNEL,83099931.0,2022,0.8660254037844386,0.5000000000000001,774804
Capitale-Nationale,AGRICOLE,8188961.0,2022,1.0,6.123233995736766e-17,774804
Capitale-Nationale,COMMERCIAL,311142168.1,2022,1.0,6.123233995736766e-17,774804
Capitale-Nationale,INDUSTRIEL,564967103.683871,2022,1.0,6.123233995736766e-17,774804
Capitale-Nationale,RÉSIDENTIEL,751244436.0,2022,1.0,6.123233995736766e-17,774804
Capitale-Nationale,INDUSTRIEL,542968339.0094624,2022,0.8660254037844387,-0.4999999999999998,774804
Capitale-Nationale,AGRICOLE,5426042.0,2022,0.49999999999999994,-0.8660254037844387,774804
Capitale-Nationale,RÉSIDENTIEL,376310661.0,2022,0.49999999999999994,-0.8660254037844387,774804
Capitale-Nationale,COMMERCIAL,234966980.3,2022,1.2246467991473532e-16,-1.0,774804
Capitale-Nationale,INDUSTRIEL,535517063.2989248,2022,1.2246467991473532e-16,-1.0,774804
Capitale-Nationale,INSTITUTIONNEL,57194848.400000006,2022,1.2246467991473532e-16,-1.0,774804
Capitale-Nationale,RÉSIDENTIEL,336117867.0,2022,1.2246467991473532e-16,-1.0,774804
Capitale-Nationale,AGRICOLE,5475518.0,2022,-0.4999999999999997,-0.8660254037844388,774804
Capitale-Nationale,COMMERCIAL,251557374.3,2022,-0.4999999999999997,-0.8660254037844388,774804
Capitale-Nationale,INDUSTRIEL,536866840.0146237,2022,-1.0,-1.8369701987210297e-16,774804
Capitale-Nationale,AGRICOLE,6060635.0,2022,-0.8660254037844386,0.5000000000000001,774804
Capitale-Nationale,INDUSTRIEL,558259314.7176344,2022,-0.8660254037844386,0.5000000000000001,774804
Capitale-Nationale,AGRICOLE,7169721.0,2022,-0.5000000000000004,0.8660254037844384,774804
Capitale-Nationale,RÉSIDENTIEL,588054866.0,2022,-0.5000000000000004,0.8660254037844384,774804
Capitale-Nationale,COMMERCIAL,315015120.7,2022,-2.4492935982947064e-16,1.0,774804
Capitale-Nationale,INDUSTRIEL,569439423.488172,2022,-2.4492935982947064e-16,1.0,774804
Capitale-Nationale,COMMERCIAL,328362081.29999995,2023,0.49999999999999994,0.8660254037844387,793001
Capitale-Nationale,INDUSTRIEL,553859547.8032259,2023,0.49999999999999994,0.8660254037844387,793001
Capitale-Nationale,AGRICOLE,7757256.0,2023,1.0,6.123233995736766e-17,793001
Capitale-Nationale,AGRICOLE,6714921.0,2023,0.8660254037844387,-0.4999999999999998,793001
Capitale-Nationale,COMMERCIAL,254239881.1,2023,0.8660254037844387,-0.4999999999999998,793001
Capitale-Nationale,AGRICOLE,5470204.0,2023,0.49999999999999994,-0.8660254037844387,793001
Capitale-Nationale,AGRICOLE,5762879.0,2023,-0.4999999999999997,-0.8660254037844388,793001
Capitale-Nationale,INSTITUTIONNEL,60527473.49999999,2023,-0.4999999999999997,-0.8660254037844388,793001
Capitale-Nationale,COMMERCIAL,250450864.0,2023,-0.8660254037844385,-0.5000000000000004,793001
Capitale-Nationale,COMMERCIAL,248784273.3,2023,-0.8660254037844386,0.5000000000000001,793001
Capitale-Nationale,INSTITUTIONNEL,66336371.2,2023,-0.8660254037844386,0.5000000000000001,793001
Capitale-Nationale,AGRICOLE,8382247.0,2023,-2.4492935982947064e-16,1.0,793001
Capitale-Nationale,COMMERCIAL,322219727.6,2023,-2.4492935982947064e-16,1.0,793001
Capitale-Nationale,RÉSIDENTIEL,790271778.0,2023,-2.4492935982947064e-16,1.0,793001
Centre-du-Québec,INSTITUTIONNEL,23418677.86774193,2016,0.49999999999999994,0.8660254037844387,242995
Centre-du-Québec,COMMERCIAL,69810579.27241379,2016,0.8660254037844386,0.5000000000000001,242995
Centre-du-Québec,INDUSTRIEL,687599372.0666121,2016,0.8660254037844386,0.5000000000000001,242995
Centre-du-Québec,INSTITUTIONNEL,16867943.795698926,2016,0.49999999999999994,-0.8660254037844387,242995
Centre-du-Québec,RÉSIDENTIEL,116950959.0,2016,0.49999999999999994,-0.8660254037844387,242995
Centre-du-Québec,COMMERCIAL,56518465.35569893,2016,1.2246467991473532e-16,-1.0,242995
Centre-du-Québec,RÉSIDENTIEL,101368449.0,2016,1.2246467991473532e-16,-1.0,242995
Centre-du-Québec,COMMERCIAL,60536525.0,2016,-0.8660254037844385,-0.5000000000000004,242995
Centre-du-Québec,INSTITUTIONNEL,16260674.251612902,2016,-0.8660254037844385,-0.5000000000000004,242995
Centre-du-Québec,INDUSTRIEL,665032863.7945316,2016,-1.0,-1.8369701987210297e-16,242995
Centre-du-Québec,INSTITUTIONNEL,16745288.658602152,2016,-1.0,-1.8369701987210297e-16,242995
Centre-du-Québec,RÉSIDENTIEL,94385062.0,2016,-1.0,-1.8369701987210297e-16,242995
Centre-du-Québec,COMMERCIAL,59460025.4,2016,-0.8660254037844386,0.5000000000000001,242995
Centre-du-Québec,INSTITUTIONNEL,18637387.5188172,2016,-0.8660254037844386,0.5000000000000001,242995
Centre-du-Québec,COMMERCIAL,64031674.8,2016,-0.5000000000000004,0.8660254037844384,242995
Centre-du-Québec,COMMERCIAL,75404407.4,2016,-2.4492935982947064e-16,1.0,242995
Centre-du-Québec,INDUSTRIEL,722439246.2412212,2017,0.49999999999999994,0.8660254037844387,244625
Centre-du-Québec,INDUSTRIEL,658862182.7162672,2017,0.8660254037844386,0.5000000000000001,244625
Centre-du-Québec,AGRICOLE,27088442.0,2017,1.0,6.123233995736766e-17,244625
Centre-du-Québec,RÉSIDENTIEL,235564410.0,2017,1.0,6.123233995736766e-17,244625
Centre-du-Québec,AGRICOLE,22290854.0,2017,0.8660254037844387,-0.4999999999999998,244625
Centre-du-Québec,INSTITUTIONNEL,18881928.6,2017,0.8660254037844387,-0.4999999999999998,244625
Centre-du-Québec,RÉSIDENTIEL,155286089.0,2017,0.8660254037844387,-0.4999999999999998,244625
Centre-du-Québec,RÉSIDENTIEL,121257658.0,2017,0.49999999999999994,-0.8660254037844387,244625
Centre-du-Québec,AGRICOLE,19686589.0,2017,1.2246467991473532e-16,-1.0,244625
Centre-du-Québec,RÉSIDENTIEL,102484271.0,2017,1.2246467991473532e-16,-1.0,244625
Centre-du-Québec,RÉSIDENTIEL,103902067.0,2017,-0.4999999999999997,-0.8660254037844388,244625
Centre-du-Québec,COMMERCIAL,60703078.900000006,2017,-0.8660254037844385,-0.5000000000000004,244625
Centre-du-Québec,INSTITUTIONNEL,15983423.212903226,2017,-0.8660254037844385,-0.5000000000000004,244625
Centre-du-Québec,AGRICOLE,23869194.0,2017,-0.5000000000000004,0.8660254037844384,244625
Centre-du-Québec,COMMERCIAL,71262592.3,2017,-0.5000000000000004,0.8660254037844384,244625
Centre-du-Québec,RÉSIDENTIEL,186941332.0,2017,-0.5000000000000004,0.8660254037844384,244625
Centre-du-Québec,AGRICOLE,27509285.0,2017,-2.4492935982947064e-16,1.0,244625
Centre-du-Québec,AGRICOLE,28747995.0,2018,0.49999999999999994,0.8660254037844387,246007
Centre-du-Québec,INSTITUTIONNEL,25718766.48064516,2018,0.49999999999999994,0.8660254037844387,246007
Centre-du-Québec,INDUSTRIEL,376122606.0153816,2018,1.0,6.123233995736766e-17,246007
Centre-du-Québec,INDUSTRIEL,340244135.1070965,2018,0.8660254037844387,-0.4999999999999998,246007
Centre-du-Québec,COMMERCIAL,62150969.0,2018,0.49999999999999994,-0.8660254037844387,246007
Centre-du-Québec,AGRICOLE,22564194.0,2018,-0.4999999999999997,-0.8660254037844388,246007
Centre-du-Québec,AGRICOLE,22670122.0,2018,-0.8660254037844385,-0.5000000000000004,246007
Centre-du-Québec,INDUSTRIEL,336155177.88258654,2018,-1.0,-1.8369701987210297e-16,246007
Centre-du-Québec,AGRICOLE,22624868.0,2018,-0.8660254037844386,0.5000000000000001,246007
Centre-du-Québec,COMMERCIAL,69328891.4,2018,-0.8660254037844386,0.5000000000000001,246007
Centre-du-Québec,INDUSTRIEL,347267654.37308204,2018,-0.5000000000000004,0.8660254037844384,246007
Centre-du-Québec,AGRICOLE,26993582.0,2019,1.0,6.123233995736766e-17,247413
Centre-du-Québec,COMMERCIAL,79764199.5,2019,1.0,6.123233995736766e-17,247413
Centre-du-Québec,RÉSIDENTIEL,232996940.0,2019,1.0,6.123233995736766e-17,247413
Centre-du-Québec,AGRICOLE,24710803.0,2019,0.8660254037844387,-0.4999999999999998,247413
Centre-du-Québec,AGRICOLE,20454316.0,2019,0.49999999999999994,-0.8660254037844387,247413
Centre-du-Québec,AGRICOLE,19881043.0,2019,1.2246467991473532e-16,-1.0,247413
Centre-du-Québec,AGRICOLE,22744945.0,2019,-0.4999999999999997,-0.8660254037844388,247413
Centre-du-Québec,COMMERCIAL,65467490.9,2019,-0.8660254037844385,-0.5000000000000004,247413
Centre-du-Québec,INSTITUTIONNEL,16315076.332258064,2019,-0.8660254037844385,-0.5000000000000004,247413
Centre-du-Québec,RÉSIDENTIEL,107553770.0,2019,-0.8660254037844385,-0.5000000000000004,247413
Centre-du-Québec,COMMERCIAL,61081570.0,2019,-1.0,-1.8369701987210297e-16,247413
Centre-du-Québec,INSTITUTIONNEL,16757974.35967742,2019,-1.0,-1.8369701987210297e-16,247413
Centre-du-Québec,AGRICOLE,21768487.0,2019,-0.8660254037844386,0.5000000000000001,247413
Centre-du-Québec,INDUSTRIEL,244704204.0730633,2019,-0.8660254037844386,0.5000000000000001,247413
Centre-du-Québec,COMMERCIAL,77180509.8,2019,-0.5000000000000004,0.8660254037844384,247413
Centre-du-Québec,INDUSTRIEL,291310294.5313565,2019,-0.5000000000000004,0.8660254037844384,247413
Centre-du-Québec,RÉSIDENTIEL,255742567.0,2019,-2.4492935982947064e-16,1.0,247413
Centre-du-Québec,AGRICOLE,27211197.0,2020,0.49999999999999994,0.8660254037844387,249083
Centre-du-Québec,INDUSTRIEL,463946677.58064514,2020,0.49999999999999994,0.8660254037844387,249083
Centre-du-Québec,INSTITUTIONNEL,24585616.396774195,2020,0.49999999999999994,0.8660254037844387,249083
Centre-du-Québec,INSTITUTIONNEL,23256588.801557288,2020,0.8660254037844386,0.5000000000000001,249083
Centre-du-Québec,RÉSIDENTIEL,242842294.0,2020,0.8660254037844386,0.5000000000000001,249083
Centre-du-Québec,AGRICOLE,27237314.0,2020,1.0,6.123233995736766e-17,249083
Centre-du-Québec,RÉSIDENTIEL,216041814.0,2020,1.0,6.123233995736766e-17,249083
Centre-du-Québec,INDUSTRIEL,611038523.8889409,2020,0.8660254037844387,-0.4999999999999998,249083
Centre-du-Québec,INSTITUTIONNEL,17923584.333333336,2020,0.8660254037844387,-0.4999999999999998,249083
Centre-du-Québec,AGRICOLE,21664199.0,2020,0.49999999999999994,-0.8660254037844387,249083
Centre-du-Québec,INSTITUTIONNEL,16459082.8827957,2020,0.49999999999999994,-0.8660254037844387,249083
Centre-du-Québec,RÉSIDENTIEL,136808677.0,2020,0.49999999999999994,-0.8660254037844387,249083
Centre-du-Québec,AGRICOLE,21474525.0,2020,1.2246467991473532e-16,-1.0,249083
Centre-du-Québec,INSTITUTIONNEL,15118151.483870968,2020,1.2246467991473532e-16,-1.0,249083
Centre-du-Québec,RÉSIDENTIEL,114634104.0,2020,1.2246467991473532e-16,-1.0,249083
Centre-du-Québec,INSTITUTIONNEL,15607482.670967745,2020,-0.4999999999999997,-0.8660254037844388,249083
Centre-du-Québec,RÉSIDENTIEL,114488893.0,2020,-0.8660254037844385,-0.5000000000000004,249083
Centre-du-Québec,INDUSTRIEL,666493143.7438915,2020,-1.0,-1.8369701987210297e-16,249083
Centre-du-Québec,INSTITUTIONNEL,16760392.848387096,2020,-1.0,-1.8369701987210297e-16,249083
Centre-du-Québec,RÉSIDENTIEL,106147365.0,2020,-1.0,-1.8369701987210297e-16,249083
Centre-du-Québec,INSTITUTIONNEL,19905220.064516127,2020,-0.5000000000000004,0.8660254037844384,249083
Centre-du-Québec,RÉSIDENTIEL,177614153.0,2020,-0.5000000000000004,0.8660254037844384,249083
Centre-du-Québec,AGRICOLE,26433574.0,2020,-2.4492935982947064e-16,1.0,249083
Centre-du-Québec,AGRICOLE,25551340.0,2021,0.8660254037844386,0.5000000000000001,252084
Centre-du-Québec,INDUSTRIEL,668584230.0623809,2021,0.8660254037844386,0.5000000000000001,252084
Centre-du-Québec,AGRICOLE,28276316.0,2021,1.0,6.123233995736766e-17,252084
Centre-du-Québec,COMMERCIAL,65320147.400000006,2021,0.8660254037844387,-0.4999999999999998,252084
Centre-du-Québec,INDUSTRIEL,729133559.1659826,2021,0.8660254037844387,-0.4999999999999998,252084
Centre-du-Québec,INSTITUTIONNEL,18414340.183333334,2021,0.8660254037844387,-0.4999999999999998,252084
Centre-du-Québec,AGRICOLE,21543293.0,2021,0.49999999999999994,-0.8660254037844387,252084
Centre-du-Québec,INSTITUTIONNEL,17031483.16182796,2021,0.49999999999999994,-0.8660254037844387,252084
Centre-du-Québec,RÉSIDENTIEL,125705108.0,2021,0.49999999999999994,-0.8660254037844387,252084
Centre-du-Québec,INDUSTRIEL,728105757.5849206,2021,1.2246467991473532e-16,-1.0,252084
Centre-du-Québec,AGRICOLE,23150263.0,2021,-0.4999999999999997,-0.8660254037844388,252084
Centre-du-Québec,RÉSIDENTIEL,116023401.0,2021,-0.4999999999999997,-0.8660254037844388,252084
Centre-du-Québec,COMMERCIAL,66050549.9,2021,-1.0,-1.8369701987210297e-16,252084
Centre-du-Québec,INSTITUTIONNEL,16835595.024193548,2021,-1.0,-1.8369701987210297e-16,252084
Centre-du-Québec,INDUSTRIEL,740981812.106977,2021,-0.5000000000000004,0.8660254037844384,252084
Centre-du-Québec,COMMERCIAL,86714167.3,2021,-2.4492935982947064e-16,1.0,252084
Centre-du-Québec,INSTITUTIONNEL,24240554.141935483,2021,-2.4492935982947064e-16,1.0,252084
Centre-du-Québec,INDUSTRIEL,689412291.3550923,2022,0.8660254037844386,0.5000000000000001,255692
Centre-du-Québec,INDUSTRIEL,765736711.3980954,2022,1.0,6.123233995736766e-17,255692
Centre-du-Québec,INSTITUTIONNEL,23542157.307142857,2022,1.0,6.123233995736766e-17,255692
Centre-du-Québec,COMMERCIAL,69964145.2,2022,0.8660254037844387,-0.4999999999999998,255692
Centre-du-Québec,INDUSTRIEL,725616914.4268254,2022,0.8660254037844387,-0.4999999999999998,255692
Centre-du-Québec,COMMERCIAL,67296242.4,2022,0.49999999999999994,-0.8660254037844387,255692
Centre-du-Québec,INSTITUTIONNEL,17105570.72311828,2022,0.49999999999999994,-0.8660254037844387,255692
Centre-du-Québec,INDUSTRIEL,736194861.6517333,2022,1.2246467991473532e-16,-1.0,255692
Centre-du-Québec,INDUSTRIEL,747018868.5347695,2022,-0.8660254037844385,-0.5000000000000004,255692
Centre-du-Québec,INSTITUTIONNEL,17378461.6344086,2022,-1.0,-1.8369701987210297e-16,255692
Centre-du-Québec,AGRICOLE,26212840.0,2022,-0.5000000000000004,0.8660254037844384,255692
Centre-du-Québec,AGRICOLE,27652314.0,2022,-2.4492935982947064e-16,1.0,255692
Centre-du-Québec,COMMERCIAL,85206756.0,2022,-2.4492935982947064e-16,1.0,255692
Centre-du-Québec,INSTITUTIONNEL,24711821.7516129,2023,0.49999999999999994,0.8660254037844387,259846
Centre-du-Québec,RÉSIDENTIEL,265870250.0,2023,0.49999999999999994,0.8660254037844387,259846
Centre-du-Québec,RÉSIDENTIEL,257738921.0,2023,0.8660254037844386,0.5000000000000001,259846
Centre-du-Québec,RÉSIDENTIEL,226785129.0,2023,1.0,6.123233995736766e-17,259846
Centre-du-Québec,COMMERCIAL,67892066.3,2023,0.49999999999999994,-0.8660254037844387,259846
Centre-du-Québec,RÉSIDENTIEL,128916435.0,2023,0.49999999999999994,-0.8660254037844387,259846
Centre-du-Québec,AGRICOLE,22333318.0,2023,1.2246467991473532e-16,-1.0,259846
Centre-du-Québec,COMMERCIAL,66018100.3,2023,1.2246467991473532e-16,-1.0,259846
Centre-du-Québec,INSTITUTIONNEL,15925132.469354838,2023,1.2246467991473532e-16,-1.0,259846
Centre-du-Québec,RÉSIDENTIEL,115883055.0,2023,1.2246467991473532e-16,-1.0,259846
Centre-du-Québec,INSTITUTIONNEL,16169649.95967742,2023,-0.4999999999999997,-0.8660254037844388,259846
Centre-du-Québec,RÉSIDENTIEL,125698154.0,2023,-0.4999999999999997,-0.8660254037844388,259846
Centre-du-Québec,INDUSTRIEL,742275674.6770968,2023,-0.8660254037844386,0.5000000000000001,259846
Centre-du-Québec,RÉSIDENTIEL,125421052.0,2023,-0.8660254037844386,0.5000000000000001,259846
Centre-du-Québec,COMMERCIAL,82734344.7,2023,-0.5000000000000004,0.8660254037844384,259846
Centre-du-Québec,RÉSIDENTIEL,202879905.0,2023,-0.5000000000000004,0.8660254037844384,259846
Centre-du-Québec,COMMERCIAL,85290000.5,2023,-2.4492935982947064e-16,1.0,259846
Centre-du-Québec,RÉSIDENTIEL,246281387.0,2023,-2.4492935982947064e-16,1.0,259846
Chaudière-Appalaches,RÉSIDENTIEL,453843485.0,2016,0.49999999999999994,0.8660254037844387,422145
Chaudière-Appalaches,COMMERCIAL,123116962.8,2016,0.8660254037844386,0.5000000000000001,422145
Chaudière-Appalaches,RÉSIDENTIEL,395927597.0,2016,0.8660254037844386,0.5000000000000001,422145
Chaudière-Appalaches,AGRICOLE,34368943.0,2016,0.8660254037844387,-0.4999999999999998,422145
Chaudière-Appalaches,INDUSTRIEL,,2016,1.2246467991473532e-16,-1.0,422145
Chaudière-Appalaches,INSTITUTIONNEL,,2016,-0.8660254037844385,-0.5000000000000004,422145
Chaudière-Appalaches,INDUSTRIEL,,2016,-1.0,-1.8369701987210297e-16,422145
Chaudière-Appalaches,INDUSTRIEL,163368244.16227272,2016,-0.8660254037844386,0.5000000000000001,422145
Chaudière-Appalaches,INDUSTRIEL,170526953.162013,2016,-0.5000000000000004,0.8660254037844384,422145
Chaudière-Appalaches,INSTITUTIONNEL,30795145.0,2016,-0.5000000000000004,0.8660254037844384,422145
Chaudière-Appalaches,INDUSTRIEL,171696650.3178879,2016,-2.4492935982947064e-16,1.0,422145
Chaudière-Appalaches,INSTITUTIONNEL,37325950.0,2017,0.49999999999999994,0.8660254037844387,423913
Chaudière-Appalaches,COMMERCIAL,118434235.0,2017,0.8660254037844386,0.5000000000000001,423913
Chaudière-Appalaches,AGRICOLE,39800251.0,2017,1.0,6.123233995736766e-17,423913
Chaudière-Appalaches,INSTITUTIONNEL,36766581.0,2017,1.0,6.123233995736766e-17,423913
Chaudière-Appalaches,AGRICOLE,36299365.0,2017,0.8660254037844387,-0.4999999999999998,423913
Chaudière-Appalaches,RÉSIDENTIEL,285010581.0,2017,0.8660254037844387,-0.4999999999999998,423913
Chaudière-Appalaches,AGRICOLE,29724331.0,2017,0.49999999999999994,-0.8660254037844387,423913
Chaudière-Appalaches,INSTITUTIONNEL,25719333.0,2017,0.49999999999999994,-0.8660254037844387,423913
Chaudière-Appalaches,INSTITUTIONNEL,22285098.0,2017,1.2246467991473532e-16,-1.0,423913
Chaudière-Appalaches,INSTITUTIONNEL,20355819.0,2017,-0.4999999999999997,-0.8660254037844388,423913
Chaudière-Appalaches,AGRICOLE,28758796.0,2017,-0.8660254037844385,-0.5000000000000004,423913
Chaudière-Appalaches,INSTITUTIONNEL,22558591.0,2017,-0.8660254037844385,-0.5000000000000004,423913
Chaudière-Appalaches,COMMERCIAL,91140186.2,2017,-1.0,-1.8369701987210297e-16,423913
Chaudière-Appalaches,RÉSIDENTIEL,199017078.0,2017,-0.8660254037844386,0.5000000000000001,423913
Chaudière-Appalaches,COMMERCIAL,113418201.4,2017,-0.5000000000000004,0.8660254037844384,423913
Chaudière-Appalaches,INDUSTRIEL,176017063.1587013,2017,-0.5000000000000004,0.8660254037844384,423913
Chaudière-Appalaches,INDUSTRIEL,175346137.2882353,2017,-2.4492935982947064e-16,1.0,423913
Chaudière-Appalaches,COMMERCIAL,144709492.4,2018,0.49999999999999994,0.8660254037844387,425913
Chaudière-Appalaches,INDUSTRIEL,183991585.4452941,2018,0.49999999999999994,0.8660254037844387,425913
Chaudière-Appalaches,AGRICOLE,33783405.0,2018,0.8660254037844386,0.5000000000000001,425913
Chaudière-Appalaches,RÉSIDENTIEL,370126638.0,2018,1.0,6.123233995736766e-17,425913
Chaudière-Appalaches,COMMERCIAL,106622804.6,2018,0.8660254037844387,-0.4999999999999998,425913
Chaudière-Appalaches,INSTITUTIONNEL,30470530.0,2018,0.8660254037844387,-0.4999999999999998,425913
Chaudière-Appalaches,AGRICOLE,28920878.0,2018,0.49999999999999994,-0.8660254037844387,425913
Chaudière-Appalaches,COMMERCIAL,91933224.6,2018,1.2246467991473532e-16,-1.0,425913
Chaudière-Appalaches,INDUSTRIEL,155993674.17166665,2018,1.2246467991473532e-16,-1.0,425913
Chaudière-Appalaches,RÉSIDENTIEL,183035521.0,2018,1.2246467991473532e-16,-1.0,425913
Chaudière-Appalaches,AGRICOLE,30832494.0,2018,-0.4999999999999997,-0.8660254037844388,425913
Chaudière-Appalaches,COMMERCIAL,98604078.4,2018,-0.4999999999999997,-0.8660254037844388,425913
Chaudière-Appalaches,INDUSTRIEL,165319888.70857143,2018,-0.8660254037844385,-0.5000000000000004,425913
Chaudière-Appalaches,AGRICOLE,28219179.0,2018,-0.8660254037844386,0.5000000000000001,425913
Chaudière-Appalaches,INDUSTRIEL,172545475.4936555,2018,-0.8660254037844386,0.5000000000000001,425913
Chaudière-Appalaches,INSTITUTIONNEL,29715802.0,2018,-0.8660254037844386,0.5000000000000001,425913
Chaudière-Appalaches,COMMERCIAL,122003364.6,2018,-0.5000000000000004,0.8660254037844384,425913
Chaudière-Appalaches,AGRICOLE,35542348.0,2018,-2.4492935982947064e-16,1.0,425913
Chaudière-Appalaches,COMMERCIAL,133758952.2,2018,-2.4492935982947064e-16,1.0,425913
Chaudière-Appalaches,INDUSTRIEL,171401151.7802956,2018,-2.4492935982947064e-16,1.0,425913
Chaudière-Appalaches,COMMERCIAL,146915278.0,2019,0.49999999999999994,0.8660254037844387,427961
Chaudière-Appalaches,INSTITUTIONNEL,39820253.0,2019,0.49999999999999994,0.8660254037844387,427961
Chaudière-Appalaches,COMMERCIAL,130709186.2,2019,0.8660254037844386,0.5000000000000001,427961
Chaudière-Appalaches,INDUSTRIEL,171363767.81138656,2019,0.8660254037844386,0.5000000000000001,427961
Chaudière-Appalaches,RÉSIDENTIEL,435030880.0,2019,0.8660254037844386,0.5000000000000001,427961
Chaudière-Appalaches,INDUSTRIEL,183171636.8115546,2019,1.0,6.123233995736766e-17,427961
Chaudière-Appalaches,RÉSIDENTIEL,403320270.0,2019,1.0,6.123233995736766e-17,427961
Chaudière-Appalaches,AGRICOLE,41095457.0,2019,0.8660254037844387,-0.4999999999999998,427961
Chaudière-Appalaches,RÉSIDENTIEL,324434922.0,2019,0.8660254037844387,-0.4999999999999998,427961
Chaudière-Appalaches,AGRICOLE,29495903.0,2019,0.49999999999999994,-0.8660254037844387,427961
Chaudière-Appalaches,AGRICOLE,27477785.0,2019,1.2246467991473532e-16,-1.0,427961
Chaudière-Appalaches,INDUSTRIEL,158116934.41714284,2019,1.2246467991473532e-16,-1.0,427961
Chaudière-Appalaches,INSTITUTIONNEL,21864315.0,2019,1.2246467991473532e-16,-1.0,427961
Chaudière-Appalaches,AGRICOLE,31040095.0,2019,-0.4999999999999997,-0.8660254037844388,427961
Chaudière-Appalaches,COMMERCIAL,99637350.6,2019,-0.4999999999999997,-0.8660254037844388,427961
Chaudière-Appalaches,INSTITUTIONNEL,21222856.0,2019,-0.4999999999999997,-0.8660254037844388,427961
Chaudière-Appalaches,AGRICOLE,29560257.0,2019,-0.8660254037844385,-0.5000000000000004,427961
Chaudière-Appalaches,INSTITUTIONNEL,22381504.0,2019,-0.8660254037844385,-0.5000000000000004,427961
Chaudière-Appalaches,AGRICOLE,27604913.0,2019,-0.8660254037844386,0.5000000000000001,427961
Chaudière-Appalaches,INSTITUTIONNEL,28071315.0,2019,-0.8660254037844386,0.5000000000000001,427961
Chaudière-Appalaches,RÉSIDENTIEL,238066333.0,2019,-0.8660254037844386,0.5000000000000001,427961
Chaudière-Appalaches,INSTITUTIONNEL,33033163.0,2019,-0.5000000000000004,0.8660254037844384,427961
Chaudière-Appalaches,RÉSIDENTIEL,361067576.0,2019,-0.5000000000000004,0.8660254037844384,427961
Chaudière-Appalaches,AGRICOLE,35877716.0,2019,-2.4492935982947064e-16,1.0,427961
Chaudière-Appalaches,INDUSTRIEL,170854167.40642855,2019,-2.4492935982947064e-16,1.0,427961
Chaudière-Appalaches,AGRICOLE,34727541.0,2020,0.8660254037844386,0.5000000000000001,431474
Chaudière-Appalaches,COMMERCIAL,128727932.6,2020,0.8660254037844386,0.5000000000000001,431474
Chaudière-Appalaches,RÉSIDENTIEL,420596679.0,2020,0.8660254037844386,0.5000000000000001,431474
Chaudière-Appalaches,AGRICOLE,40216146.0,2020,1.0,6.123233995736766e-17,431474
Chaudière-Appalaches,INSTITUTIONNEL,25873906.0,2020,0.8660254037844387,-0.4999999999999998,431474
Chaudière-Appalaches,RÉSIDENTIEL,322373053.0,2020,0.8660254037844387,-0.4999999999999998,431474
Chaudière-Appalaches,INDUSTRIEL,153681697.0669643,2020,0.49999999999999994,-0.8660254037844387,431474
Chaudière-Appalaches,INSTITUTIONNEL,23757763.0,2020,0.49999999999999994,-0.8660254037844387,431474
Chaudière-Appalaches,AGRICOLE,29002211.0,2020,1.2246467991473532e-16,-1.0,431474
Chaudière-Appalaches,COMMERCIAL,88650159.0,2020,1.2246467991473532e-16,-1.0,431474
Chaudière-Appalaches,INSTITUTIONNEL,21001840.0,2020,1.2246467991473532e-16,-1.0,431474
Chaudière-Appalaches,RÉSIDENTIEL,196785129.0,2020,1.2246467991473532e-16,-1.0,431474
Chaudière-Appalaches,AGRICOLE,32104324.0,2020,-0.4999999999999997,-0.8660254037844388,431474
Chaudière-Appalaches,COMMERCIAL,95766990.6,2020,-0.4999999999999997,-0.8660254037844388,431474
Chaudière-Appalaches,AGRICOLE,30484503.0,2020,-0.8660254037844385,-0.5000000000000004,431474
Chaudière-Appalaches,INDUSTRIEL,159858669.3457143,2020,-0.8660254037844385,-0.5000000000000004,431474
Chaudière-Appalaches,AGRICOLE,27593135.0,2020,-1.0,-1.8369701987210297e-16,431474
Chaudière-Appalaches,INSTITUTIONNEL,23821995.0,2020,-1.0,-1.8369701987210297e-16,431474
Chaudière-Appalaches,AGRICOLE,28466275.0,2020,-0.8660254037844386,0.5000000000000001,431474
Chaudière-Appalaches,COMMERCIAL,97894139.4,2020,-0.8660254037844386,0.5000000000000001,431474
Chaudière-Appalaches,AGRICOLE,30110670.0,2020,-0.5000000000000004,0.8660254037844384,431474
Chaudière-Appalaches,RÉSIDENTIEL,321902597.0,2020,-0.5000000000000004,0.8660254037844384,431474
Chaudière-Appalaches,INSTITUTIONNEL,32392894.0,2021,0.8660254037844386,0.5000000000000001,436397
Chaudière-Appalaches,INDUSTRIEL,184384563.95497835,2021,1.0,6.123233995736766e-17,436397
Chaudière-Appalaches,COMMERCIAL,97489094.9,2021,0.8660254037844387,-0.4999999999999998,436397
Chaudière-Appalaches,INDUSTRIEL,142834185.22964287,2021,0.49999999999999994,-0.8660254037844387,436397
Chaudière-Appalaches,INSTITUTIONNEL,23021704.0,2021,0.49999999999999994,-0.8660254037844387,436397
Chaudière-Appalaches,RÉSIDENTIEL,229377784.0,2021,0.49999999999999994,-0.8660254037844387,436397
Chaudière-Appalaches,INSTITUTIONNEL,21246184.0,2021,1.2246467991473532e-16,-1.0,436397
Chaudière-Appalaches,INDUSTRIEL,152504429.67642856,2021,-0.4999999999999997,-0.8660254037844388,436397
Chaudière-Appalaches,AGRICOLE,28379606.0,2021,-1.0,-1.8369701987210297e-16,436397
Chaudière-Appalaches,INDUSTRIEL,161967700.6235714,2021,-1.0,-1.8369701987210297e-16,436397
Chaudière-Appalaches,AGRICOLE,28582512.0,2021,-0.8660254037844386,0.5000000000000001,436397
Chaudière-Appalaches,INDUSTRIEL,165525788.3653325,2021,-0.8660254037844386,0.5000000000000001,436397
Chaudière-Appalaches,INSTITUTIONNEL,26767620.0,2021,-0.8660254037844386,0.5000000000000001,436397
Chaudière-Appalaches,RÉSIDENTIEL,222876903.0,2021,-0.8660254037844386,0.5000000000000001,436397
Chaudière-Appalaches,INDUSTRIEL,177048231.14681035,2021,-0.5000000000000004,0.8660254037844384,436397
Chaudière-Appalaches,INSTITUTIONNEL,31211309.0,2021,-0.5000000000000004,0.8660254037844384,436397
Chaudière-Appalaches,AGRICOLE,36532098.0,2021,-2.4492935982947064e-16,1.0,436397
Chaudière-Appalaches,COMMERCIAL,135274610.3,2021,-2.4492935982947064e-16,1.0,436397
Chaudière-Appalaches,INSTITUTIONNEL,35910499.0,2021,-2.4492935982947064e-16,1.0,436397
Chaudière-Appalaches,RÉSIDENTIEL,563900687.0,2022,0.49999999999999994,0.8660254037844387,442370
Chaudière-Appalaches,INDUSTRIEL,175098031.57531077,2022,0.8660254037844386,0.5000000000000001,442370
Chaudière-Appalaches,RÉSIDENTIEL,460729539.0,2022,0.8660254037844386,0.5000000000000001,442370
Chaudière-Appalaches,AGRICOLE,42978251.0,2022,1.0,6.123233995736766e-17,442370
Chaudière-Appalaches,INSTITUTIONNEL,29983949.0,2022,0.8660254037844387,-0.4999999999999998,442370
Chaudière-Appalaches,INDUSTRIEL,162509664.12928572,2022,1.2246467991473532e-16,-1.0,442370
Chaudière-Appalaches,INSTITUTIONNEL,21503908.0,2022,1.2246467991473532e-16,-1.0,442370
Chaudière-Appalaches,AGRICOLE,32197864.0,2022,-0.4999999999999997,-0.8660254037844388,442370
Chaudière-Appalaches,RÉSIDENTIEL,328638597.0,2022,-0.5000000000000004,0.8660254037844384,442370
Chaudière-Appalaches,INDUSTRIEL,170775801.84642857,2022,-2.4492935982947064e-16,1.0,442370
Chaudière-Appalaches,RÉSIDENTIEL,438672231.0,2022,-2.4492935982947064e-16,1.0,442370
Chaudière-Appalaches,AGRICOLE,37357200.0,2023,0.49999999999999994,0.8660254037844387,449028
Chaudière-Appalaches,INDUSTRIEL,171461510.1819417,2023,0.8660254037844386,0.5000000000000001,449028
Chaudière-Appalaches,INSTITUTIONNEL,35358670.0,2023,0.8660254037844386,0.5000000000000001,449028
Chaudière-Appalaches,RÉSIDENTIEL,455295188.0,2023,0.8660254037844386,0.5000000000000001,449028
Chaudière-Appalaches,COMMERCIAL,128557972.2,2023,1.0,6.123233995736766e-17,449028
Chaudière-Appalaches,RÉSIDENTIEL,397620427.0,2023,1.0,6.123233995736766e-17,449028
Chaudière-Appalaches,AGRICOLE,30018998.0,2023,0.49999999999999994,-0.8660254037844387,449028
Chaudière-Appalaches,RÉSIDENTIEL,235159898.0,2023,0.49999999999999994,-0.8660254037844387,449028
Chaudière-Appalaches,COMMERCIAL,97344118.6,2023,-0.4999999999999997,-0.8660254037844388,449028
Chaudière-Appalaches,INDUSTRIEL,157791056.785,2023,-0.4999999999999997,-0.8660254037844388,449028
Chaudière-Appalaches,AGRICOLE,31006152.0,2023,-0.8660254037844385,-0.5000000000000004,449028
Chaudière-Appalaches,COMMERCIAL,94325037.2,2023,-0.8660254037844385,-0.5000000000000004,449028
Chaudière-Appalaches,INDUSTRIEL,156476274.6692857,2023,-0.8660254037844385,-0.5000000000000004,449028
Chaudière-Appalaches,RÉSIDENTIEL,202430905.0,2023,-0.8660254037844385,-0.5000000000000004,449028
Chaudière-Appalaches,RÉSIDENTIEL,193842917.0,2023,-1.0,-1.8369701987210297e-16,449028
Chaudière-Appalaches,AGRICOLE,29092061.0,2023,-0.8660254037844386,0.5000000000000001,449028
Chaudière-Appalaches,INSTITUTIONNEL,28927952.7,2023,-0.8660254037844386,0.5000000000000001,449028
Côte-Nord,AGRICOLE,435302.0,2016,0.49999999999999994,0.8660254037844387,92418
Côte-Nord,COMMERCIAL,53463316.95322581,2016,0.49999999999999994,0.8660254037844387,92418
Côte-Nord,INDUSTRIEL,1224707372.8557796,2016,0.49999999999999994,0.8660254037844387,92418
Côte-Nord,RÉSIDENTIEL,118196958.0,2016,0.49999999999999994,0.8660254037844387,92418
Côte-Nord,COMMERCIAL,47423580.37191324,2016,0.8660254037844386,0.5000000000000001,92418
Côte-Nord,RÉSIDENTIEL,101533262.0,2016,0.8660254037844386,0.5000000000000001,92418
Côte-Nord,INSTITUTIONNEL,33823559.0,2016,0.8660254037844387,-0.4999999999999998,92418
Côte-Nord,INDUSTRIEL,1164093367.5428572,2016,0.49999999999999994,-0.8660254037844387,92418
Côte-Nord,INSTITUTIONNEL,26238516.55483871,2016,0.49999999999999994,-0.8660254037844387,92418
Côte-Nord,RÉSIDENTIEL,49766136.0,2016,0.49999999999999994,-0.8660254037844387,92418
Côte-Nord,COMMERCIAL,30652099.300000004,2016,1.2246467991473532e-16,-1.0,92418
Côte-Nord,RÉSIDENTIEL,38916917.0,2016,1.2246467991473532e-16,-1.0,92418
Côte-Nord,INSTITUTIONNEL,18799327.50645161,2016,-0.4999999999999997,-0.8660254037844388,92418
Côte-Nord,AGRICOLE,253129.0,2016,-0.8660254037844385,-0.5000000000000004,92418
Côte-Nord,COMMERCIAL,29877659.9,2016,-0.8660254037844385,-0.5000000000000004,92418
Côte-Nord,RÉSIDENTIEL,34533076.0,2016,-0.8660254037844385,-0.5000000000000004,92418
Côte-Nord,AGRICOLE,298586.0,2016,-0.8660254037844386,0.5000000000000001,92418
Côte-Nord,INSTITUTIONNEL,27913071.220817026,2016,-0.8660254037844386,0.5000000000000001,92418
Côte-Nord,RÉSIDENTIEL,53940214.0,2016,-0.8660254037844386,0.5000000000000001,92418
Côte-Nord,COMMERCIAL,38846852.400000006,2016,-0.5000000000000004,0.8660254037844384,92418
Côte-Nord,INDUSTRIEL,1161308406.1,2016,-0.5000000000000004,0.8660254037844384,92418
Côte-Nord,INSTITUTIONNEL,34278021.27581574,2016,-0.5000000000000004,0.8660254037844384,92418
Côte-Nord,INDUSTRIEL,1203919751.2,2016,-2.4492935982947064e-16,1.0,92418
Côte-Nord,INSTITUTIONNEL,45269091.514834575,2016,-2.4492935982947064e-16,1.0,92418
Côte-Nord,INDUSTRIEL,1216534178.328571,2017,0.49999999999999994,0.8660254037844387,91491
Côte-Nord,INSTITUTIONNEL,47495355.75613316,2017,0.49999999999999994,0.8660254037844387,91491
Côte-Nord,RÉSIDENTIEL,93520209.0,2017,0.8660254037844386,0.5000000000000001,91491
Côte-Nord,INDUSTRIEL,1234930895.5714288,2017,1.0,6.123233995736766e-17,91491
Côte-Nord,INDUSTRIEL,1178857263.7,2017,0.8660254037844387,-0.4999999999999998,91491
Côte-Nord,AGRICOLE,281176.0,2017,0.49999999999999994,-0.8660254037844387,91491
Côte-Nord,INDUSTRIEL,1186775004.4,2017,0.49999999999999994,-0.8660254037844387,91491
Côte-Nord,RÉSIDENTIEL,51403895.0,2017,0.49999999999999994,-0.8660254037844387,91491
Côte-Nord,AGRICOLE,248656.0,2017,1.2246467991473532e-16,-1.0,91491
Côte-Nord,INDUSTRIEL,1154529613.016129,2017,1.2246467991473532e-16,-1.0,91491
Côte-Nord,COMMERCIAL,26579821.2,2017,-0.4999999999999997,-0.8660254037844388,91491
Côte-Nord,INSTITUTIONNEL,18605631.34215054,2017,-0.4999999999999997,-0.8660254037844388,91491
Côte-Nord,RÉSIDENTIEL,33672330.0,2017,-0.8660254037844385,-0.5000000000000004,91491
Côte-Nord,COMMERCIAL,26158848.8,2017,-1.0,-1.8369701987210297e-16,91491
Côte-Nord,INSTITUTIONNEL,21010033.14107527,2017,-1.0,-1.8369701987210297e-16,91491
Côte-Nord,RÉSIDENTIEL,34737918.0,2017,-1.0,-1.8369701987210297e-16,91491
Côte-Nord,AGRICOLE,291545.0,2017,-0.8660254037844386,0.5000000000000001,91491
Côte-Nord,COMMERCIAL,31514263.8,2017,-0.8660254037844386,0.5000000000000001,91491
Côte-Nord,INSTITUTIONNEL,27387546.494408604,2017,-0.8660254037844386,0.5000000000000001,91491
Côte-Nord,AGRICOLE,332597.0,2017,-0.5000000000000004,0.8660254037844384,91491
Côte-Nord,INSTITUTIONNEL,46781279.6516129,2017,-2.4492935982947064e-16,1.0,91491
Côte-Nord,AGRICOLE,466766.0,2018,0.49999999999999994,0.8660254037844387,90760
Côte-Nord,INDUSTRIEL,1126047711.025807,2018,0.8660254037844386,0.5000000000000001,90760
Côte-Nord,INSTITUTIONNEL,41877523.95,2018,0.8660254037844386,0.5000000000000001,90760
Côte-Nord,COMMERCIAL,42872277.900000006,2018,1.0,6.123233995736766e-17,90760
Côte-Nord,INDUSTRIEL,1252045180.7617512,2018,1.0,6.123233995736766e-17,90760
Côte-Nord,AGRICOLE,296109.0,2018,0.49999999999999994,-0.8660254037844387,90760
Côte-Nord,INSTITUTIONNEL,27003271.825376343,2018,0.49999999999999994,-0.8660254037844387,90760
Côte-Nord,RÉSIDENTIEL,53096105.0,2018,0.49999999999999994,-0.8660254037844387,90760
Côte-Nord,AGRICOLE,264870.0,2018,1.2246467991473532e-16,-1.0,90760
Côte-Nord,COMMERCIAL,26984397.8,2018,-0.4999999999999997,-0.8660254037844388,90760
Côte-Nord,AGRICOLE,255547.0,2018,-0.8660254037844385,-0.5000000000000004,90760
Côte-Nord,RÉSIDENTIEL,32235571.0,2018,-0.8660254037844385,-0.5000000000000004,90760
Côte-Nord,AGRICOLE,257643.0,2018,-1.0,-1.8369701987210297e-16,90760
Côte-Nord,INDUSTRIEL,1185972141.438894,2018,-1.0,-1.8369701987210297e-16,90760
Côte-Nord,RÉSIDENTIEL,38203869.0,2018,-1.0,-1.8369701987210297e-16,90760
Côte-Nord,COMMERCIAL,41198157.7,2018,-0.5000000000000004,0.8660254037844384,90760
Côte-Nord,RÉSIDENTIEL,84181492.0,2018,-0.5000000000000004,0.8660254037844384,90760
Côte-Nord,AGRICOLE,422241.0,2018,-2.4492935982947064e-16,1.0,90760
Côte-Nord,COMMERCIAL,52436262.2,2019,0.49999999999999994,0.8660254037844387,90289
Côte-Nord,AGRICOLE,425501.0,2019,0.8660254037844386,0.5000000000000001,90289
Côte-Nord,INSTITUTIONNEL,44434074.46774194,2019,0.8660254037844386,0.5000000000000001,90289
Côte-Nord,INDUSTRIEL,1267798428.9458525,2019,1.0,6.123233995736766e-17,90289
Côte-Nord,INSTITUTIONNEL,42821729.4,2019,1.0,6.123233995736766e-17,90289
Côte-Nord,AGRICOLE,299829.0,2019,0.49999999999999994,-0.8660254037844387,90289
Côte-Nord,COMMERCIAL,29417689.7,2019,0.49999999999999994,-0.8660254037844387,90289
Côte-Nord,RÉSIDENTIEL,55633102.0,2019,0.49999999999999994,-0.8660254037844387,90289
Côte-Nord,COMMERCIAL,27404472.6,2019,-0.4999999999999997,-0.8660254037844388,90289
Côte-Nord,AGRICOLE,238564.0,2019,-0.8660254037844385,-0.5000000000000004,90289
Côte-Nord,COMMERCIAL,27145824.5,2019,-0.8660254037844385,-0.5000000000000004,90289
Côte-Nord,AGRICOLE,275419.0,2019,-0.8660254037844386,0.5000000000000001,90289
Côte-Nord,AGRICOLE,344417.0,2019,-0.5000000000000004,0.8660254037844384,90289
Côte-Nord,INSTITUTIONNEL,54130288.187096775,2019,-2.4492935982947064e-16,1.0,90289
Côte-Nord,RÉSIDENTIEL,103121852.0,2019,-2.4492935982947064e-16,1.0,90289
Côte-Nord,INSTITUTIONNEL,56388082.33290322,2020,0.49999999999999994,0.8660254037844387,90121
Côte-Nord,RÉSIDENTIEL,109458220.0,2020,0.49999999999999994,0.8660254037844387,90121
Côte-Nord,COMMERCIAL,44155156.8,2020,0.8660254037844386,0.5000000000000001,90121
Côte-Nord,RÉSIDENTIEL,89540836.0,2020,1.0,6.123233995736766e-17,90121
Côte-Nord,AGRICOLE,305657.0,2020,0.49999999999999994,-0.8660254037844387,90121
Côte-Nord,COMMERCIAL,29442281.9,2020,0.49999999999999994,-0.8660254037844387,90121
Côte-Nord,INDUSTRIEL,1192984411.2155194,2020,0.49999999999999994,-0.8660254037844387,90121
Côte-Nord,INSTITUTIONNEL,33911421.12193549,2020,0.49999999999999994,-0.8660254037844387,90121
Côte-Nord,RÉSIDENTIEL,53252848.0,2020,0.49999999999999994,-0.8660254037844387,90121
Côte-Nord,AGRICOLE,258919.0,2020,-0.4999999999999997,-0.8660254037844388,90121
Côte-Nord,INSTITUTIONNEL,24627123.7655914,2020,-0.4999999999999997,-0.8660254037844388,90121
Côte-Nord,RÉSIDENTIEL,33153157.0,2020,-0.4999999999999997,-0.8660254037844388,90121
Côte-Nord,AGRICOLE,237812.0,2020,-0.8660254037844385,-0.5000000000000004,90121
Côte-Nord,COMMERCIAL,25687912.1,2020,-0.8660254037844385,-0.5000000000000004,90121
Côte-Nord,INDUSTRIEL,1168232741.4686637,2020,-0.8660254037844385,-0.5000000000000004,90121
Côte-Nord,AGRICOLE,245891.0,2020,-1.0,-1.8369701987210297e-16,90121
Côte-Nord,COMMERCIAL,26737428.8,2020,-1.0,-1.8369701987210297e-16,90121
Côte-Nord,INSTITUTIONNEL,29238212.361720428,2020,-1.0,-1.8369701987210297e-16,90121
Côte-Nord,COMMERCIAL,36003320.1,2020,-0.8660254037844386,0.5000000000000001,90121
Côte-Nord,INDUSTRIEL,1208861353.8329031,2020,-0.8660254037844386,0.5000000000000001,90121
Côte-Nord,INSTITUTIONNEL,37170741.04473119,2020,-0.8660254037844386,0.5000000000000001,90121
Côte-Nord,RÉSIDENTIEL,61455437.0,2020,-0.8660254037844386,0.5000000000000001,90121
Côte-Nord,INDUSTRIEL,1189952388.7937632,2020,-0.5000000000000004,0.8660254037844384,90121
Côte-Nord,INSTITUTIONNEL,43061289.341935486,2020,-0.5000000000000004,0.8660254037844384,90121
Côte-Nord,COMMERCIAL,45168414.7,2020,-2.4492935982947064e-16,1.0,90121
Côte-Nord,RÉSIDENTIEL,96130418.0,2020,-2.4492935982947064e-16,1.0,90121
Côte-Nord,AGRICOLE,406952.0,2021,0.49999999999999994,0.8660254037844387,90171
Côte-Nord,COMMERCIAL,46362930.900000006,2021,0.49999999999999994,0.8660254037844387,90171
Côte-Nord,RÉSIDENTIEL,101831265.0,2021,0.49999999999999994,0.8660254037844387,90171
Côte-Nord,INDUSTRIEL,1141102266.387097,2021,0.8660254037844386,0.5000000000000001,90171
Côte-Nord,INSTITUTIONNEL,46657287.5029885,2021,0.8660254037844386,0.5000000000000001,90171
Côte-Nord,COMMERCIAL,41029586.5,2021,1.0,6.123233995736766e-17,90171
Côte-Nord,INDUSTRIEL,1255532808.445161,2021,1.0,6.123233995736766e-17,90171
Côte-Nord,RÉSIDENTIEL,63957730.0,2021,0.8660254037844387,-0.4999999999999998,90171
Côte-Nord,AGRICOLE,340449.0,2021,0.49999999999999994,-0.8660254037844387,90171
Côte-Nord,AGRICOLE,277310.0,2021,1.2246467991473532e-16,-1.0,90171
Côte-Nord,INSTITUTIONNEL,25713571.855053764,2021,1.2246467991473532e-16,-1.0,90171
Côte-Nord,INDUSTRIEL,1192190411.0694318,2021,-0.4999999999999997,-0.8660254037844388,90171
Côte-Nord,AGRICOLE,250080.0,2021,-0.8660254037844385,-0.5000000000000004,90171
Côte-Nord,INSTITUTIONNEL,25132667.20967742,2021,-0.8660254037844385,-0.5000000000000004,90171
Côte-Nord,AGRICOLE,257180.0,2021,-1.0,-1.8369701987210297e-16,90171
Côte-Nord,INSTITUTIONNEL,31618772.87268817,2021,-0.8660254037844386,0.5000000000000001,90171
Côte-Nord,AGRICOLE,354372.0,2021,-0.5000000000000004,0.8660254037844384,90171
Côte-Nord,INDUSTRIEL,1198197242.485438,2021,-0.5000000000000004,0.8660254037844384,90171
Côte-Nord,AGRICOLE,491154.0,2021,-2.4492935982947064e-16,1.0,90171
Côte-Nord,INSTITUTIONNEL,50235641.78709677,2021,-2.4492935982947064e-16,1.0,90171
Côte-Nord,COMMERCIAL,55380150.7,2022,0.49999999999999994,0.8660254037844387,89987
Côte-Nord,INDUSTRIEL,1252809758.6069126,2022,0.49999999999999994,0.8660254037844387,89987
Côte-Nord,AGRICOLE,528076.0,2022,1.0,6.123233995736766e-17,89987
Côte-Nord,INSTITUTIONNEL,47361133.57333334,2022,1.0,6.123233995736766e-17,89987
Côte-Nord,RÉSIDENTIEL,94769856.0,2022,1.0,6.123233995736766e-17,89987
Côte-Nord,COMMERCIAL,46537604.3,2022,0.8660254037844387,-0.4999999999999998,89987
Côte-Nord,INDUSTRIEL,1208021657.0653763,2022,0.8660254037844387,-0.4999999999999998,89987
Côte-Nord,INSTITUTIONNEL,37629893.336666666,2022,0.8660254037844387,-0.4999999999999998,89987
Côte-Nord,AGRICOLE,299277.0,2022,1.2246467991473532e-16,-1.0,89987
Côte-Nord,COMMERCIAL,33275509.1,2022,1.2246467991473532e-16,-1.0,89987
Côte-Nord,AGRICOLE,285199.0,2022,-0.4999999999999997,-0.8660254037844388,89987
Côte-Nord,INDUSTRIEL,1219535872.3891551,2022,-0.4999999999999997,-0.8660254037844388,89987
Côte-Nord,RÉSIDENTIEL,34160373.0,2022,-0.4999999999999997,-0.8660254037844388,89987
Côte-Nord,AGRICOLE,260364.0,2022,-0.8660254037844385,-0.5000000000000004,89987
Côte-Nord,INDUSTRIEL,1222686777.2617512,2022,-0.8660254037844385,-0.5000000000000004,89987
Côte-Nord,RÉSIDENTIEL,32182444.0,2022,-0.8660254037844385,-0.5000000000000004,89987
Côte-Nord,AGRICOLE,276999.0,2022,-1.0,-1.8369701987210297e-16,89987
Côte-Nord,COMMERCIAL,33550564.5,2022,-1.0,-1.8369701987210297e-16,89987
Côte-Nord,INSTITUTIONNEL,31151144.11655914,2022,-0.8660254037844386,0.5000000000000001,89987
Côte-Nord,RÉSIDENTIEL,50696946.0,2022,-0.8660254037844386,0.5000000000000001,89987
Côte-Nord,AGRICOLE,521564.0,2023,0.49999999999999994,0.8660254037844387,89914
Côte-Nord,AGRICOLE,522015.0,2023,0.8660254037844386,0.5000000000000001,89914
Côte-Nord,INDUSTRIEL,1156904731.5888722,2023,0.8660254037844386,0.5000000000000001,89914
Côte-Nord,INSTITUTIONNEL,41615632.30666667,2023,1.0,6.123233995736766e-17,89914
Côte-Nord,RÉSIDENTIEL,84813906.0,2023,1.0,6.123233995736766e-17,89914
Côte-Nord,INDUSTRIEL,1221608905.0777266,2023,0.8660254037844387,-0.4999999999999998,89914
Côte-Nord,RÉSIDENTIEL,68097913.0,2023,0.8660254037844387,-0.4999999999999998,89914
Côte-Nord,AGRICOLE,335390.0,2023,0.49999999999999994,-0.8660254037844387,89914
Côte-Nord,COMMERCIAL,40501669.2,2023,0.49999999999999994,-0.8660254037844387,89914
Côte-Nord,INDUSTRIEL,1248673753.9494624,2023,0.49999999999999994,-0.8660254037844387,89914
Côte-Nord,COMMERCIAL,33738769.6,2023,1.2246467991473532e-16,-1.0,89914
Côte-Nord,INSTITUTIONNEL,21686844.99010753,2023,1.2246467991473532e-16,-1.0,89914
Côte-Nord,RÉSIDENTIEL,34020067.0,2023,-0.8660254037844385,-0.5000000000000004,89914
Côte-Nord,INDUSTRIEL,1198521520.436037,2023,-1.0,-1.8369701987210297e-16,89914
Côte-Nord,INSTITUTIONNEL,29009317.852150537,2023,-1.0,-1.8369701987210297e-16,89914
Côte-Nord,RÉSIDENTIEL,34071302.0,2023,-1.0,-1.8369701987210297e-16,89914
Côte-Nord,AGRICOLE,399838.0,2023,-0.5000000000000004,0.8660254037844384,89914
Côte-Nord,RÉSIDENTIEL,80638055.0,2023,-0.5000000000000004,0.8660254037844384,89914
Côte-Nord,INSTITUTIONNEL,55406590.22258064,2023,-2.4492935982947064e-16,1.0,89914
Estrie,AGRICOLE,,2016,0.8660254037844386,0.5000000000000001,466629
Estrie,COMMERCIAL,,2016,1.0,6.123233995736766e-17,466629
Estrie,AGRICOLE,,2016,0.8660254037844387,-0.4999999999999998,466629
Estrie,COMMERCIAL,,2016,0.49999999999999994,-0.8660254037844387,466629
Estrie,AGRICOLE,,2016,1.2246467991473532e-16,-1.0,466629
Estrie,INDUSTRIEL,,2016,1.2246467991473532e-16,-1.0,466629
Estrie,RÉSIDENTIEL,,2016,1.2246467991473532e-16,-1.0,466629
Estrie,INDUSTRIEL,,2016,-0.4999999999999997,-0.8660254037844388,466629
Estrie,INSTITUTIONNEL,,2016,-0.4999999999999997,-0.8660254037844388,466629
Estrie,COMMERCIAL,,2016,-0.8660254037844385,-0.5000000000000004,466629
Estrie,INDUSTRIEL,,2016,-0.8660254037844385,-0.5000000000000004,466629
Estrie,RÉSIDENTIEL,,2016,-0.8660254037844385,-0.5000000000000004,466629
Estrie,COMMERCIAL,,2016,-0.8660254037844386,0.5000000000000001,466629
Estrie,INSTITUTIONNEL,,2016,-0.8660254037844386,0.5000000000000001,466629
Estrie,INSTITUTIONNEL,,2016,-0.5000000000000004,0.8660254037844384,466629
Estrie,RÉSIDENTIEL,,2016,-0.5000000000000004,0.8660254037844384,466629
Estrie,INDUSTRIEL,,2016,-2.4492935982947064e-16,1.0,466629
Estrie,INSTITUTIONNEL,,2016,-2.4492935982947064e-16,1.0,466629
Estrie,RÉSIDENTIEL,,2016,-2.4492935982947064e-16,1.0,466629
Estrie,AGRICOLE,,2017,0.8660254037844386,0.5000000000000001,470571
Estrie,COMMERCIAL,,2017,0.8660254037844386,0.5000000000000001,470571
Estrie,RÉSIDENTIEL,,2017,0.8660254037844386,0.5000000000000001,470571
Estrie,INDUSTRIEL,,2017,1.0,6.123233995736766e-17,470571
Estrie,RÉSIDENTIEL,,2017,1.0,6.123233995736766e-17,470571
Estrie,INDUSTRIEL,,2017,0.8660254037844387,-0.4999999999999998,470571
Estrie,INDUSTRIEL,,2017,0.49999999999999994,-0.8660254037844387,470571
Estrie,AGRICOLE,,2017,1.2246467991473532e-16,-1.0,470571
Estrie,COMMERCIAL,,2017,1.2246467991473532e-16,-1.0,470571
Estrie,INSTITUTIONNEL,,2017,1.2246467991473532e-16,-1.0,470571
Estrie,RÉSIDENTIEL,,2017,1.2246467991473532e-16,-1.0,470571
Estrie,COMMERCIAL,,2017,-0.4999999999999997,-0.8660254037844388,470571
Estrie,COMMERCIAL,,2017,-1.0,-1.8369701987210297e-16,470571
Estrie,AGRICOLE,,2017,-0.8660254037844386,0.5000000000000001,470571
Estrie,INDUSTRIEL,,2017,-0.8660254037844386,0.5000000000000001,470571
Estrie,INDUSTRIEL,,2017,-0.5000000000000004,0.8660254037844384,470571
Estrie,RÉSIDENTIEL,,2017,-0.5000000000000004,0.8660254037844384,470571
Estrie,AGRICOLE,,2017,-2.4492935982947064e-16,1.0,470571
Estrie,COMMERCIAL,,2017,-2.4492935982947064e-16,1.0,470571
Estrie,RÉSIDENTIEL,,2017,-2.4492935982947064e-16,1.0,470571
Estrie,AGRICOLE,,2018,0.49999999999999994,0.8660254037844387,475678
Estrie,COMMERCIAL,,2018,0.49999999999999994,0.8660254037844387,475678
Estrie,INDUSTRIEL,,2018,0.49999999999999994,0.8660254037844387,475678
Estrie,INDUSTRIEL,,2018,0.8660254037844386,0.5000000000000001,475678
Estrie,INSTITUTIONNEL,,2018,0.8660254037844386,0.5000000000000001,475678
Estrie,AGRICOLE,,2018,1.0,6.123233995736766e-17,475678
Estrie,INSTITUTIONNEL,,2018,0.8660254037844387,-0.4999999999999998,475678
Estrie,COMMERCIAL,,2018,0.49999999999999994,-0.8660254037844387,475678
Estrie,INDUSTRIEL,,2018,1.2246467991473532e-16,-1.0,475678
Estrie,INSTITUTIONNEL,,2018,1.2246467991473532e-16,-1.0,475678
Estrie,COMMERCIAL,,2018,-0.4999999999999997,-0.8660254037844388,475678
Estrie,INDUSTRIEL,,2018,-0.4999999999999997,-0.8660254037844388,475678
Estrie,RÉSIDENTIEL,,2018,-0.4999999999999997,-0.8660254037844388,475678
Estrie,AGRICOLE,,2018,-0.8660254037844385,-0.5000000000000004,475678
Estrie,COMMERCIAL,,2018,-0.8660254037844385,-0.5000000000000004,475678
Estrie,INDUSTRIEL,,2018,-0.8660254037844385,-0.5000000000000004,475678
Estrie,RÉSIDENTIEL,,2018,-0.8660254037844385,-0.5000000000000004,475678
Estrie,AGRICOLE,,2018,-1.0,-1.8369701987210297e-16,475678
Estrie,RÉSIDENTIEL,,2018,-1.0,-1.8369701987210297e-16,475678
Estrie,INSTITUTIONNEL,,2018,-0.5000000000000004,0.8660254037844384,475678
Estrie,AGRICOLE,,2019,0.49999999999999994,0.8660254037844387,481616
Estrie,AGRICOLE,,2019,0.8660254037844386,0.5000000000000001,481616
Estrie,INDUSTRIEL,,2019,0.8660254037844386,0.5000000000000001,481616
Estrie,RÉSIDENTIEL,,2019,0.8660254037844386,0.5000000000000001,481616
Estrie,COMMERCIAL,,2019,1.0,6.123233995736766e-17,481616
Estrie,INDUSTRIEL,,2019,1.0,6.123233995736766e-17,481616
Estrie,RÉSIDENTIEL,,2019,1.0,6.123233995736766e-17,481616
Estrie,INSTITUTIONNEL,,2019,0.49999999999999994,-0.8660254037844387,481616
Estrie,COMMERCIAL,,2019,1.2246467991473532e-16,-1.0,481616
Estrie,INDUSTRIEL,,2019,1.2246467991473532e-16,-1.0,481616
Estrie,INSTITUTIONNEL,,2019,1.2246467991473532e-16,-1.0,481616
Estrie,AGRICOLE,,2019,-0.4999999999999997,-0.8660254037844388,481616
Estrie,COMMERCIAL,,2019,-0.4999999999999997,-0.8660254037844388,481616
Estrie,COMMERCIAL,,2019,-0.8660254037844385,-0.5000000000000004,481616
Estrie,AGRICOLE,,2019,-1.0,-1.8369701987210297e-16,481616
Estrie,INDUSTRIEL,,2019,-1.0,-1.8369701987210297e-16,481616
Estrie,INDUSTRIEL,,2019,-0.8660254037844386,0.5000000000000001,481616
Estrie,RÉSIDENTIEL,,2019,-0.8660254037844386,0.5000000000000001,481616
Estrie,RÉSIDENTIEL,,2019,-0.5000000000000004,0.8660254037844384,481616
Estrie,COMMERCIAL,,2020,0.49999999999999994,0.8660254037844387,489022
Estrie,INSTITUTIONNEL,,2020,0.49999999999999994,0.8660254037844387,489022
Estrie,RÉSIDENTIEL,,2020,0.49999999999999994,0.8660254037844387,489022
Estrie,AGRICOLE,,2020,0.8660254037844386,0.5000000000000001,489022
Estrie,COMMERCIAL,,2020,0.8660254037844386,0.5000000000000001,489022
Estrie,INDUSTRIEL,,2020,0.8660254037844386,0.5000000000000001,489022
Estrie,INSTITUTIONNEL,,2020,0.8660254037844386,0.5000000000000001,489022
Estrie,RÉSIDENTIEL,,2020,0.8660254037844386,0.5000000000000001,489022
Estrie,COMMERCIAL,,2020,1.0,6.123233995736766e-17,489022
Estrie,INSTITUTIONNEL,,2020,1.0,6.123233995736766e-17,489022
Estrie,INDUSTRIEL,,2020,1.2246467991473532e-16,-1.0,489022
Estrie,RÉSIDENTIEL,,2020,1.2246467991473532e-16,-1.0,489022
Estrie,INSTITUTIONNEL,,2020,-0.4999999999999997,-0.8660254037844388,489022
Estrie,AGRICOLE,,2020,-0.8660254037844385,-0.5000000000000004,489022
Estrie,COMMERCIAL,,2020,-0.8660254037844386,0.5000000000000001,489022
Estrie,INDUSTRIEL,,2020,-0.8660254037844386,0.5000000000000001,489022
Estrie,COMMERCIAL,,2020,-0.5000000000000004,0.8660254037844384,489022
Estrie,RÉSIDENTIEL,,2020,-0.5000000000000004,0.8660254037844384,489022
Estrie,COMMERCIAL,,2021,1.0,6.123233995736766e-17,498038
Estrie,INSTITUTIONNEL,,2021,1.0,6.123233995736766e-17,498038
Estrie,AGRICOLE,,2021,0.8660254037844387,-0.4999999999999998,498038
Estrie,INDUSTRIEL,,2021,0.8660254037844387,-0.4999999999999998,498038
Estrie,INSTITUTIONNEL,,2021,0.8660254037844387,-0.4999999999999998,498038
Estrie,RÉSIDENTIEL,,2021,0.8660254037844387,-0.4999999999999998,498038
Estrie,RÉSIDENTIEL,,2021,0.49999999999999994,-0.8660254037844387,498038
Estrie,COMMERCIAL,,2021,1.2246467991473532e-16,-1.0,498038
Estrie,INDUSTRIEL,,2021,1.2246467991473532e-16,-1.0,498038
Estrie,INSTITUTIONNEL,,2021,1.2246467991473532e-16,-1.0,498038
Estrie,INSTITUTIONNEL,,2021,-0.4999999999999997,-0.8660254037844388,498038
Estrie,RÉSIDENTIEL,,2021,-0.8660254037844385,-0.5000000000000004,498038
Estrie,AGRICOLE,,2021,-1.0,-1.8369701987210297e-16,498038
Estrie,COMMERCIAL,,2021,-1.0,-1.8369701987210297e-16,498038
Estrie,AGRICOLE,,2021,-0.8660254037844386,0.5000000000000001,498038
Estrie,RÉSIDENTIEL,,2021,-0.8660254037844386,0.5000000000000001,498038
Estrie,INSTITUTIONNEL,,2021,-0.5000000000000004,0.8660254037844384,498038
Estrie,AGRICOLE,,2022,0.49999999999999994,0.8660254037844387,506527
Estrie,COMMERCIAL,,2022,0.49999999999999994,0.8660254037844387,506527
Estrie,COMMERCIAL,,2022,0.8660254037844386,0.5000000000000001,506527
Estrie,INSTITUTIONNEL,,2022,0.8660254037844386,0.5000000000000001,506527
Estrie,COMMERCIAL,,2022,1.0,6.123233995736766e-17,506527
Estrie,INDUSTRIEL,,2022,1.0,6.123233995736766e-17,506527
Estrie,RÉSIDENTIEL,,2022,1.0,6.123233995736766e-17,506527
Estrie,RÉSIDENTIEL,,2022,0.8660254037844387,-0.4999999999999998,506527
Estrie,COMMERCIAL,,2022,0.49999999999999994,-0.8660254037844387,506527
Estrie,INSTITUTIONNEL,,2022,0.49999999999999994,-0.8660254037844387,506527
Estrie,RÉSIDENTIEL,,2022,0.49999999999999994,-0.8660254037844387,506527
Estrie,AGRICOLE,,2022,-0.4999999999999997,-0.8660254037844388,506527
Estrie,COMMERCIAL,,2022,-0.4999999999999997,-0.8660254037844388,506527
Estrie,INDUSTRIEL,,2022,-0.4999999999999997,-0.8660254037844388,506527
Estrie,RÉSIDENTIEL,,2022,-0.4999999999999997,-0.8660254037844388,506527
Estrie,COMMERCIAL,,2022,-0.8660254037844385,-0.5000000000000004,506527
Estrie,RÉSIDENTIEL,,2022,-0.8660254037844385,-0.5000000000000004,506527
Estrie,INDUSTRIEL,,2022,-0.8660254037844386,0.5000000000000001,506527
Estrie,INSTITUTIONNEL,,2022,-0.8660254037844386,0.5000000000000001,506527
Estrie,RÉSIDENTIEL,,2022,-0.8660254037844386,0.5000000000000001,506527
Estrie,COMMERCIAL,,2022,-0.5000000000000004,0.8660254037844384,506527
Estrie,INDUSTRIEL,,2022,-0.5000000000000004,0.8660254037844384,506527
Estrie,RÉSIDENTIEL,,2022,-0.5000000000000004,0.8660254037844384,506527
Estrie,INDUSTRIEL,,2022,-2.4492935982947064e-16,1.0,506527
Estrie,AGRICOLE,,2023,0.49999999999999994,0.8660254037844387,515271
Estrie,INDUSTRIEL,,2023,0.8660254037844386,0.5000000000000001,515271
Estrie,AGRICOLE,,2023,1.0,6.123233995736766e-17,515271
Estrie,COMMERCIAL,,2023,1.0,6.123233995736766e-17,515271
Estrie,INSTITUTIONNEL,,2023,1.0,6.123233995736766e-17,515271
Estrie,COMMERCIAL,,2023,0.8660254037844387,-0.4999999999999998,515271
Estrie,RÉSIDENTIEL,,2023,0.8660254037844387,-0.4999999999999998,515271
Estrie,RÉSIDENTIEL,,2023,0.49999999999999994,-0.8660254037844387,515271
Estrie,COMMERCIAL,,2023,1.2246467991473532e-16,-1.0,515271
Estrie,INSTITUTIONNEL,,2023,1.2246467991473532e-16,-1.0,515271
Estrie,COMMERCIAL,,2023,-0.4999999999999997,-0.8660254037844388,515271
Estrie,INDUSTRIEL,,2023,-0.4999999999999997,-0.8660254037844388,515271
Estrie,INSTITUTIONNEL,,2023,-0.4999999999999997,-0.8660254037844388,515271
Estrie,RÉSIDENTIEL,,2023,-0.4999999999999997,-0.8660254037844388,515271
Estrie,INDUSTRIEL,,2023,-0.8660254037844385,-0.5000000000000004,515271
Estrie,INSTITUTIONNEL,,2023,-0.8660254037844385,-0.5000000000000004,515271
Estrie,RÉSIDENTIEL,,2023,-0.8660254037844385,-0.5000000000000004,515271
Estrie,COMMERCIAL,,2023,-1.0,-1.8369701987210297e-16,515271
Estrie,RÉSIDENTIEL,,2023,-1.0,-1.8369701987210297e-16,515271
Estrie,COMMERCIAL,,2023,-0.5000000000000004,0.8660254037844384,515271
Estrie,INDUSTRIEL,,2023,-0.5000000000000004,0.8660254037844384,515271
Estrie,INSTITUTIONNEL,,2023,-0.5000000000000004,0.8660254037844384,515271
Estrie,RÉSIDENTIEL,,2023,-0.5000000000000004,0.8660254037844384,515271
Estrie,INSTITUTIONNEL,,2023,-2.4492935982947064e-16,1.0,515271
Estrie,RÉSIDENTIEL,,2023,-2.4492935982947064e-16,1.0,515271
Gaspésie--Îles-de-la-Madeleine,AGRICOLE,1142783.0,2016,0.49999999999999994,0.8660254037844387,90207
Gaspésie--Îles-de-la-Madeleine,RÉSIDENTIEL,111746843.0,2016,0.49999999999999994,0.8660254037844387,90207
Gaspésie--Îles-de-la-Madeleine,INDUSTRIEL,7231289.0,2016,0.8660254037844386,0.5000000000000001,90207
Gaspésie--Îles-de-la-Madeleine,RÉSIDENTIEL,96503106.0,2016,0.8660254037844386,0.5000000000000001,90207
Gaspésie--Îles-de-la-Madeleine,COMMERCIAL,32864887.0,2016,1.0,6.123233995736766e-17,90207
Gaspésie--Îles-de-la-Madeleine,INSTITUTIONNEL,14066880.0,2016,1.0,6.123233995736766e-17,90207
Gaspésie--Îles-de-la-Madeleine,RÉSIDENTIEL,90685600.0,2016,1.0,6.123233995736766e-17,90207
Gaspésie--Îles-de-la-Madeleine,AGRICOLE,1102722.0,2016,0.8660254037844387,-0.4999999999999998,90207
Gaspésie--Îles-de-la-Madeleine,RÉSIDENTIEL,76453864.0,2016,0.8660254037844387,-0.4999999999999998,90207
Gaspésie--Îles-de-la-Madeleine,AGRICOLE,888934.0,2016,0.49999999999999994,-0.8660254037844387,90207
Gaspésie--Îles-de-la-Madeleine,INDUSTRIEL,9080299.0,2016,0.49999999999999994,-0.8660254037844387,90207
Gaspésie--Îles-de-la-Madeleine,INSTITUTIONNEL,7757475.0,2016,1.2246467991473532e-16,-1.0,90207
Gaspésie--Îles-de-la-Madeleine,AGRICOLE,747313.0,2016,-0.8660254037844385,-0.5000000000000004,90207
Gaspésie--Îles-de-la-Madeleine,INSTITUTIONNEL,6901026.0,2016,-0.8660254037844385,-0.5000000000000004,90207
Gaspésie--Îles-de-la-Madeleine,COMMERCIAL,24381893.0,2016,-0.8660254037844386,0.5000000000000001,90207
Gaspésie--Îles-de-la-Madeleine,INDUSTRIEL,7983881.100000001,2016,-0.8660254037844386,0.5000000000000001,90207
Gaspésie--Îles-de-la-Madeleine,INSTITUTIONNEL,9749678.0,2016,-0.8660254037844386,0.5000000000000001,90207
Gaspésie--Îles-de-la-Madeleine,AGRICOLE,889924.0,2016,-0.5000000000000004,0.8660254037844384,90207
Gaspésie--Îles-de-la-Madeleine,COMMERCIAL,28150515.0,2016,-0.5000000000000004,0.8660254037844384,90207
Gaspésie--Îles-de-la-Madeleine,INSTITUTIONNEL,11494150.0,2016,-0.5000000000000004,0.8660254037844384,90207
Gaspésie--Îles-de-la-Madeleine,RÉSIDENTIEL,67634812.0,2016,-0.5000000000000004,0.8660254037844384,90207
Gaspésie--Îles-de-la-Madeleine,COMMERCIAL,35297793.0,2016,-2.4492935982947064e-16,1.0,90207
Gaspésie--Îles-de-la-Madeleine,INSTITUTIONNEL,14285461.0,2016,-2.4492935982947064e-16,1.0,90207
Gaspésie--Îles-de-la-Madeleine,COMMERCIAL,33604574.0,2017,0.8660254037844386,0.5000000000000001,89927
Gaspésie--Îles-de-la-Madeleine,INDUSTRIEL,8557605.6,2017,0.8660254037844386,0.5000000000000001,89927
Gaspésie--Îles-de-la-Madeleine,INSTITUTIONNEL,13590554.0,2017,0.8660254037844386,0.5000000000000001,89927
Gaspésie--Îles-de-la-Madeleine,COMMERCIAL,34709879.0,2017,1.0,6.123233995736766e-17,89927
Gaspésie--Îles-de-la-Madeleine,INDUSTRIEL,10098228.8,2017,1.0,6.123233995736766e-17,89927
Gaspésie--Îles-de-la-Madeleine,INSTITUTIONNEL,11089367.0,2017,0.8660254037844387,-0.4999999999999998,89927
Gaspésie--Îles-de-la-Madeleine,COMMERCIAL,24907825.0,2017,0.49999999999999994,-0.8660254037844387,89927
Gaspésie--Îles-de-la-Madeleine,RÉSIDENTIEL,54736488.0,2017,0.49999999999999994,-0.8660254037844387,89927
Gaspésie--Îles-de-la-Madeleine,COMMERCIAL,23228044.0,2017,1.2246467991473532e-16,-1.0,89927
Gaspésie--Îles-de-la-Madeleine,RÉSIDENTIEL,41503026.0,2017,1.2246467991473532e-16,-1.0,89927
Gaspésie--Îles-de-la-Madeleine,AGRICOLE,746069.0,2017,-1.0,-1.8369701987210297e-16,89927
Gaspésie--Îles-de-la-Madeleine,INSTITUTIONNEL,7429583.0,2017,-1.0,-1.8369701987210297e-16,89927
Gaspésie--Îles-de-la-Madeleine,AGRICOLE,793008.0,2017,-0.8660254037844386,0.5000000000000001,89927
Gaspésie--Îles-de-la-Madeleine,INDUSTRIEL,15386984.2,2017,-0.8660254037844386,0.5000000000000001,89927
Gaspésie--Îles-de-la-Madeleine,INSTITUTIONNEL,9163654.0,2017,-0.8660254037844386,0.5000000000000001,89927
Gaspésie--Îles-de-la-Madeleine,RÉSIDENTIEL,49392947.0,2017,-0.8660254037844386,0.5000000000000001,89927
Gaspésie--Îles-de-la-Madeleine,INDUSTRIEL,15856358.5,2017,-2.4492935982947064e-16,1.0,89927
Gaspésie--Îles-de-la-Madeleine,INSTITUTIONNEL,14617284.0,2017,-2.4492935982947064e-16,1.0,89927
Gaspésie--Îles-de-la-Madeleine,AGRICOLE,1089409.0,2018,0.8660254037844386,0.5000000000000001,89886
Gaspésie--Îles-de-la-Madeleine,INDUSTRIEL,15769822.5,2018,0.8660254037844386,0.5000000000000001,89886
Gaspésie--Îles-de-la-Madeleine,AGRICOLE,1156540.0,2018,1.0,6.123233995736766e-17,89886
Gaspésie--Îles-de-la-Madeleine,COMMERCIAL,31281852.0,2018,1.0,6.123233995736766e-17,89886
Gaspésie--Îles-de-la-Madeleine,COMMERCIAL,27137397.0,2018,0.8660254037844387,-0.4999999999999998,89886
Gaspésie--Îles-de-la-Madeleine,AGRICOLE,712129.0,2018,1.2246467991473532e-16,-1.0,89886
Gaspésie--Îles-de-la-Madeleine,AGRICOLE,727454.0,2018,-0.4999999999999997,-0.8660254037844388,89886
Gaspésie--Îles-de-la-Madeleine,RÉSIDENTIEL,38823549.0,2018,-0.4999999999999997,-0.8660254037844388,89886
Gaspésie--Îles-de-la-Madeleine,INDUSTRIEL,27343200.8,2018,-0.8660254037844385,-0.5000000000000004,89886
Gaspésie--Îles-de-la-Madeleine,INSTITUTIONNEL,6673752.0,2018,-0.8660254037844385,-0.5000000000000004,89886
Gaspésie--Îles-de-la-Madeleine,AGRICOLE,749083.0,2018,-1.0,-1.8369701987210297e-16,89886
Gaspésie--Îles-de-la-Madeleine,COMMERCIAL,22054080.0,2018,-1.0,-1.8369701987210297e-16,89886
Gaspésie--Îles-de-la-Madeleine,INDUSTRIEL,21236392.200000003,2018,-1.0,-1.8369701987210297e-16,89886
Gaspésie--Îles-de-la-Madeleine,INSTITUTIONNEL,7575800.0,2018,-1.0,-1.8369701987210297e-16,89886
Gaspésie--Îles-de-la-Madeleine,INSTITUTIONNEL,10630715.0,2018,-0.8660254037844386,0.5000000000000001,89886
Gaspésie--Îles-de-la-Madeleine,RÉSIDENTIEL,64583078.0,2018,-0.8660254037844386,0.5000000000000001,89886
Gaspésie--Îles-de-la-Madeleine,INDUSTRIEL,20247076.6,2018,-0.5000000000000004,0.8660254037844384,89886
Gaspésie--Îles-de-la-Madeleine,AGRICOLE,1192226.0,2018,-2.4492935982947064e-16,1.0,89886
Gaspésie--Îles-de-la-Madeleine,COMMERCIAL,34625501.0,2018,-2.4492935982947064e-16,1.0,89886
Gaspésie--Îles-de-la-Madeleine,RÉSIDENTIEL,105041495.0,2018,-2.4492935982947064e-16,1.0,89886
Gaspésie--Îles-de-la-Madeleine,RÉSIDENTIEL,94988546.0,2019,1.0,6.123233995736766e-17,89638
Gaspésie--Îles-de-la-Madeleine,COMMERCIAL,27716260.0,2019,0.8660254037844387,-0.4999999999999998,89638
Gaspésie--Îles-de-la-Madeleine,INSTITUTIONNEL,11511189.0,2019,0.8660254037844387,-0.4999999999999998,89638
Gaspésie--Îles-de-la-Madeleine,AGRICOLE,913989.0,2019,0.49999999999999994,-0.8660254037844387,89638
Gaspésie--Îles-de-la-Madeleine,RÉSIDENTIEL,62108802.0,2019,0.49999999999999994,-0.8660254037844387,89638
Gaspésie--Îles-de-la-Madeleine,INSTITUTIONNEL,7255169.0,2019,1.2246467991473532e-16,-1.0,89638
Gaspésie--Îles-de-la-Madeleine,RÉSIDENTIEL,44130121.0,2019,1.2246467991473532e-16,-1.0,89638
Gaspésie--Îles-de-la-Madeleine,RÉSIDENTIEL,40401770.0,2019,-0.4999999999999997,-0.8660254037844388,89638
Gaspésie--Îles-de-la-Madeleine,COMMERCIAL,23962232.0,2019,-0.8660254037844385,-0.5000000000000004,89638
Gaspésie--Îles-de-la-Madeleine,RÉSIDENTIEL,42720629.0,2019,-1.0,-1.8369701987210297e-16,89638
Gaspésie--Îles-de-la-Madeleine,COMMERCIAL,28853883.0,2019,-0.5000000000000004,0.8660254037844384,89638
Gaspésie--Îles-de-la-Madeleine,RÉSIDENTIEL,81700034.0,2019,-0.5000000000000004,0.8660254037844384,89638
Gaspésie--Îles-de-la-Madeleine,COMMERCIAL,34574194.0,2019,-2.4492935982947064e-16,1.0,89638
Gaspésie--Îles-de-la-Madeleine,INDUSTRIEL,26293937.9,2019,-2.4492935982947064e-16,1.0,89638
Gaspésie--Îles-de-la-Madeleine,INSTITUTIONNEL,14300705.0,2019,-2.4492935982947064e-16,1.0,89638
Gaspésie--Îles-de-la-Madeleine,AGRICOLE,1115100.0,2020,0.8660254037844387,-0.4999999999999998,89865
Gaspésie--Îles-de-la-Madeleine,COMMERCIAL,25985264.0,2020,0.8660254037844387,-0.4999999999999998,89865
Gaspésie--Îles-de-la-Madeleine,INDUSTRIEL,29225950.4,2020,1.2246467991473532e-16,-1.0,89865
Gaspésie--Îles-de-la-Madeleine,COMMERCIAL,24016732.0,2020,-0.4999999999999997,-0.8660254037844388,89865
Gaspésie--Îles-de-la-Madeleine,INSTITUTIONNEL,5893808.0,2020,-0.4999999999999997,-0.8660254037844388,89865
Gaspésie--Îles-de-la-Madeleine,COMMERCIAL,23283134.0,2020,-0.8660254037844385,-0.5000000000000004,89865
Gaspésie--Îles-de-la-Madeleine,COMMERCIAL,21945244.0,2020,-1.0,-1.8369701987210297e-16,89865
Gaspésie--Îles-de-la-Madeleine,INDUSTRIEL,28836259.3,2020,-1.0,-1.8369701987210297e-16,89865
Gaspésie--Îles-de-la-Madeleine,RÉSIDENTIEL,42529361.0,2020,-1.0,-1.8369701987210297e-16,89865
Gaspésie--Îles-de-la-Madeleine,INSTITUTIONNEL,9948461.0,2020,-0.8660254037844386,0.5000000000000001,89865
Gaspésie--Îles-de-la-Madeleine,INDUSTRIEL,29517464.9,2020,-2.4492935982947064e-16,1.0,89865
Gaspésie--Îles-de-la-Madeleine,RÉSIDENTIEL,96515582.0,2020,-2.4492935982947064e-16,1.0,89865
Gaspésie--Îles-de-la-Madeleine,AGRICOLE,1025068.0,2021,0.8660254037844386,0.5000000000000001,91324
Gaspésie--Îles-de-la-Madeleine,COMMERCIAL,32125642.0,2021,0.8660254037844386,0.5000000000000001,91324
Gaspésie--Îles-de-la-Madeleine,INSTITUTIONNEL,12912812.0,2021,0.8660254037844386,0.5000000000000001,91324
Gaspésie--Îles-de-la-Madeleine,INDUSTRIEL,27878455.6,2021,1.0,6.123233995736766e-17,91324
Gaspésie--Îles-de-la-Madeleine,COMMERCIAL,26670680.0,2021,0.8660254037844387,-0.4999999999999998,91324
Gaspésie--Îles-de-la-Madeleine,INDUSTRIEL,28839882.3,2021,0.8660254037844387,-0.4999999999999998,91324
Gaspésie--Îles-de-la-Madeleine,INSTITUTIONNEL,10692584.0,2021,0.8660254037844387,-0.4999999999999998,91324
Gaspésie--Îles-de-la-Madeleine,COMMERCIAL,25013202.0,2021,0.49999999999999994,-0.8660254037844387,91324
Gaspésie--Îles-de-la-Madeleine,AGRICOLE,646116.0,2021,1.2246467991473532e-16,-1.0,91324
Gaspésie--Îles-de-la-Madeleine,AGRICOLE,681092.0,2021,-0.4999999999999997,-0.8660254037844388,91324
Gaspésie--Îles-de-la-Madeleine,COMMERCIAL,24040612.0,2021,-0.4999999999999997,-0.8660254037844388,91324
Gaspésie--Îles-de-la-Madeleine,INDUSTRIEL,30111014.7,2021,-0.8660254037844385,-0.5000000000000004,91324
Gaspésie--Îles-de-la-Madeleine,RÉSIDENTIEL,41181466.0,2021,-0.8660254037844385,-0.5000000000000004,91324
Gaspésie--Îles-de-la-Madeleine,COMMERCIAL,22240174.0,2021,-0.8660254037844386,0.5000000000000001,91324
Gaspésie--Îles-de-la-Madeleine,RÉSIDENTIEL,52776203.0,2021,-0.8660254037844386,0.5000000000000001,91324
Gaspésie--Îles-de-la-Madeleine,AGRICOLE,1128346.0,2021,-2.4492935982947064e-16,1.0,91324
Gaspésie--Îles-de-la-Madeleine,RÉSIDENTIEL,105654594.0,2021,-2.4492935982947064e-16,1.0,91324
Gaspésie--Îles-de-la-Madeleine,AGRICOLE,1330707.0,2022,0.49999999999999994,0.8660254037844387,91804
Gaspésie--Îles-de-la-Madeleine,COMMERCIAL,38549993.0,2022,0.49999999999999994,0.8660254037844387,91804
Gaspésie--Îles-de-la-Madeleine,INDUSTRIEL,25529873.1,2022,0.49999999999999994,0.8660254037844387,91804
Gaspésie--Îles-de-la-Madeleine,AGRICOLE,1148312.0,2022,0.8660254037844386,0.5000000000000001,91804
Gaspésie--Îles-de-la-Madeleine,INSTITUTIONNEL,15133607.0,2022,0.8660254037844386,0.5000000000000001,91804
Gaspésie--Îles-de-la-Madeleine,INSTITUTIONNEL,12225858.0,2022,0.8660254037844387,-0.4999999999999998,91804
Gaspésie--Îles-de-la-Madeleine,AGRICOLE,669242.0,2022,1.2246467991473532e-16,-1.0,91804
Gaspésie--Îles-de-la-Madeleine,AGRICOLE,677014.0,2022,-0.4999999999999997,-0.8660254037844388,91804
Gaspésie--Îles-de-la-Madeleine,INDUSTRIEL,28435235.1,2022,-0.4999999999999997,-0.8660254037844388,91804
Gaspésie--Îles-de-la-Madeleine,COMMERCIAL,23639449.0,2022,-0.8660254037844385,-0.5000000000000004,91804
Gaspésie--Îles-de-la-Madeleine,COMMERCIAL,22011883.0,2022,-1.0,-1.8369701987210297e-16,91804
Gaspésie--Îles-de-la-Madeleine,INSTITUTIONNEL,10007025.0,2022,-0.8660254037844386,0.5000000000000001,91804
Gaspésie--Îles-de-la-Madeleine,INSTITUTIONNEL,12646708.0,2022,-0.5000000000000004,0.8660254037844384,91804
Gaspésie--Îles-de-la-Madeleine,RÉSIDENTIEL,80617361.0,2022,-0.5000000000000004,0.8660254037844384,91804
Gaspésie--Îles-de-la-Madeleine,RÉSIDENTIEL,104744860.0,2022,-2.4492935982947064e-16,1.0,91804
Gaspésie--Îles-de-la-Madeleine,INSTITUTIONNEL,15890167.0,2023,0.49999999999999994,0.8660254037844387,92059
Gaspésie--Îles-de-la-Madeleine,AGRICOLE,1168822.0,2023,0.8660254037844386,0.5000000000000001,92059
Gaspésie--Îles-de-la-Madeleine,AGRICOLE,1193821.0,2023,1.0,6.123233995736766e-17,92059
Gaspésie--Îles-de-la-Madeleine,COMMERCIAL,35238749.0,2023,1.0,6.123233995736766e-17,92059
Gaspésie--Îles-de-la-Madeleine,RÉSIDENTIEL,94716735.0,2023,1.0,6.123233995736766e-17,92059
Gaspésie--Îles-de-la-Madeleine,AGRICOLE,1233637.0,2023,0.8660254037844387,-0.4999999999999998,92059
Gaspésie--Îles-de-la-Madeleine,COMMERCIAL,28240283.0,2023,0.8660254037844387,-0.4999999999999998,92059
Gaspésie--Îles-de-la-Madeleine,COMMERCIAL,26142640.0,2023,0.49999999999999994,-0.8660254037844387,92059
Gaspésie--Îles-de-la-Madeleine,INSTITUTIONNEL,7869567.0,2023,-0.8660254037844385,-0.5000000000000004,92059
Gaspésie--Îles-de-la-Madeleine,RÉSIDENTIEL,42795161.0,2023,-0.8660254037844385,-0.5000000000000004,92059
Gaspésie--Îles-de-la-Madeleine,AGRICOLE,655023.0,2023,-1.0,-1.8369701987210297e-16,92059
Gaspésie--Îles-de-la-Madeleine,INDUSTRIEL,28228850.8,2023,-1.0,-1.8369701987210297e-16,92059
Gaspésie--Îles-de-la-Madeleine,RÉSIDENTIEL,40909094.0,2023,-1.0,-1.8369701987210297e-16,92059
Gaspésie--Îles-de-la-Madeleine,INDUSTRIEL,29613843.4,2023,-0.8660254037844386,0.5000000000000001,92059
Gaspésie--Îles-de-la-Madeleine,INDUSTRIEL,29769619.6,2023,-0.5000000000000004,0.8660254037844384,92059
Gaspésie--Îles-de-la-Madeleine,COMMERCIAL,34244032.0,2023,-2.4492935982947064e-16,1.0,92059
Lanaudière,COMMERCIAL,112677482.8,2016,0.49999999999999994,0.8660254037844387,497341
Lanaudière,INDUSTRIEL,66902249.4,2016,0.49999999999999994,0.8660254037844387,497341
Lanaudière,RÉSIDENTIEL,536370087.0,2016,0.8660254037844386,0.5000000000000001,497341
Lanaudière,AGRICOLE,11716752.0,2016,1.0,6.123233995736766e-17,497341
Lanaudière,COMMERCIAL,99565047.0,2016,1.0,6.123233995736766e-17,497341
Lanaudière,INDUSTRIEL,66135914.91428572,2016,1.0,6.123233995736766e-17,497341
Lanaudière,INDUSTRIEL,66807644.12655602,2016,0.8660254037844387,-0.4999999999999998,497341
Lanaudière,INSTITUTIONNEL,48887650.73,2016,0.8660254037844387,-0.4999999999999998,497341
Lanaudière,RÉSIDENTIEL,368579314.0,2016,0.8660254037844387,-0.4999999999999998,497341
Lanaudière,INSTITUTIONNEL,42708031.12483871,2016,0.49999999999999994,-0.8660254037844387,497341
Lanaudière,COMMERCIAL,82531927.2,2016,1.2246467991473532e-16,-1.0,497341
Lanaudière,INDUSTRIEL,69171668.92857143,2016,1.2246467991473532e-16,-1.0,497341
Lanaudière,RÉSIDENTIEL,224558478.0,2016,1.2246467991473532e-16,-1.0,497341
Lanaudière,COMMERCIAL,86162531.4,2016,-0.4999999999999997,-0.8660254037844388,497341
Lanaudière,INDUSTRIEL,66268344.842857145,2016,-0.4999999999999997,-0.8660254037844388,497341
Lanaudière,COMMERCIAL,90100008.4,2016,-0.8660254037844385,-0.5000000000000004,497341
Lanaudière,INDUSTRIEL,69141884.04285714,2016,-0.8660254037844385,-0.5000000000000004,497341
Lanaudière,AGRICOLE,9548287.0,2016,-1.0,-1.8369701987210297e-16,497341
Lanaudière,COMMERCIAL,82183272.6,2016,-1.0,-1.8369701987210297e-16,497341
Lanaudière,INDUSTRIEL,68455507.49907234,2016,-1.0,-1.8369701987210297e-16,497341
Lanaudière,INSTITUTIONNEL,39390111.0267742,2016,-1.0,-1.8369701987210297e-16,497341
Lanaudière,AGRICOLE,10686434.0,2016,-0.8660254037844386,0.5000000000000001,497341
Lanaudière,INSTITUTIONNEL,45164238.18290322,2016,-0.8660254037844386,0.5000000000000001,497341
Lanaudière,INDUSTRIEL,69437082.8,2016,-0.5000000000000004,0.8660254037844384,497341
Lanaudière,RÉSIDENTIEL,358835418.0,2016,-0.5000000000000004,0.8660254037844384,497341
Lanaudière,RÉSIDENTIEL,499585166.0,2017,0.8660254037844386,0.5000000000000001,502541
Lanaudière,INDUSTRIEL,69087816.65714286,2017,1.0,6.123233995736766e-17,502541
Lanaudière,RÉSIDENTIEL,537039187.0,2017,1.0,6.123233995736766e-17,502541
Lanaudière,INSTITUTIONNEL,47434923.43,2017,0.8660254037844387,-0.4999999999999998,502541
Lanaudière,RÉSIDENTIEL,335598597.0,2017,0.8660254037844387,-0.4999999999999998,502541
Lanaudière,INDUSTRIEL,68499218.58571428,2017,0.49999999999999994,-0.8660254037844387,502541
Lanaudière,RÉSIDENTIEL,263696523.0,2017,0.49999999999999994,-0.8660254037844387,502541
Lanaudière,COMMERCIAL,82030133.0,2017,1.2246467991473532e-16,-1.0,502541
Lanaudière,RÉSIDENTIEL,228160877.0,2017,1.2246467991473532e-16,-1.0,502541
Lanaudière,INDUSTRIEL,66616136.22857143,2017,-0.4999999999999997,-0.8660254037844388,502541
Lanaudière,INSTITUTIONNEL,39121469.256451614,2017,-0.4999999999999997,-0.8660254037844388,502541
Lanaudière,INSTITUTIONNEL,39557411.88709678,2017,-0.8660254037844385,-0.5000000000000004,502541
Lanaudière,INDUSTRIEL,70127546.64285713,2017,-1.0,-1.8369701987210297e-16,502541
Lanaudière,INDUSTRIEL,70665362.35714285,2017,-0.8660254037844386,0.5000000000000001,502541
Lanaudière,COMMERCIAL,99483244.6,2017,-0.5000000000000004,0.8660254037844384,502541
Lanaudière,INDUSTRIEL,69927765.44285715,2017,-0.5000000000000004,0.8660254037844384,502541
Lanaudière,INDUSTRIEL,66150860.37142856,2018,0.8660254037844386,0.5000000000000001,508038
Lanaudière,COMMERCIAL,102752806.2,2018,1.0,6.123233995736766e-17,508038
Lanaudière,AGRICOLE,10870388.0,2018,0.8660254037844387,-0.4999999999999998,508038
Lanaudière,COMMERCIAL,86314480.8,2018,0.49999999999999994,-0.8660254037844387,508038
Lanaudière,INSTITUTIONNEL,44462245.18387097,2018,0.49999999999999994,-0.8660254037844387,508038
Lanaudière,RÉSIDENTIEL,242611900.0,2018,0.49999999999999994,-0.8660254037844387,508038
Lanaudière,AGRICOLE,9123575.0,2018,1.2246467991473532e-16,-1.0,508038
Lanaudière,RÉSIDENTIEL,229199731.0,2018,1.2246467991473532e-16,-1.0,508038
Lanaudière,COMMERCIAL,94858609.6,2018,-0.4999999999999997,-0.8660254037844388,508038
Lanaudière,RÉSIDENTIEL,253734011.0,2018,-0.4999999999999997,-0.8660254037844388,508038
Lanaudière,INSTITUTIONNEL,,2018,-0.8660254037844385,-0.5000000000000004,508038
Lanaudière,RÉSIDENTIEL,,2018,-0.8660254037844385,-0.5000000000000004,508038
Lanaudière,COMMERCIAL,92765912.4,2018,-0.8660254037844386,0.5000000000000001,508038
Lanaudière,AGRICOLE,13133955.0,2018,-0.5000000000000004,0.8660254037844384,508038
Lanaudière,COMMERCIAL,106296933.6,2018,-0.5000000000000004,0.8660254037844384,508038
Lanaudière,INDUSTRIEL,71612145.95714286,2018,-0.5000000000000004,0.8660254037844384,508038
Lanaudière,AGRICOLE,13707950.0,2018,-2.4492935982947064e-16,1.0,508038
Lanaudière,INDUSTRIEL,72495514.7,2019,0.49999999999999994,0.8660254037844387,514445
Lanaudière,RÉSIDENTIEL,698518064.0,2019,0.49999999999999994,0.8660254037844387,514445
Lanaudière,COMMERCIAL,112802577.6,2019,0.8660254037844386,0.5000000000000001,514445
Lanaudière,INDUSTRIEL,66925448.7,2019,0.8660254037844386,0.5000000000000001,514445
Lanaudière,COMMERCIAL,111488384.6,2019,1.0,6.123233995736766e-17,514445
Lanaudière,INDUSTRIEL,72119500.2,2019,1.0,6.123233995736766e-17,514445
Lanaudière,RÉSIDENTIEL,527506953.0,2019,1.0,6.123233995736766e-17,514445
Lanaudière,AGRICOLE,9597712.0,2019,0.49999999999999994,-0.8660254037844387,514445
Lanaudière,INSTITUTIONNEL,47091470.94225806,2019,0.49999999999999994,-0.8660254037844387,514445
Lanaudière,COMMERCIAL,83637473.6,2019,1.2246467991473532e-16,-1.0,514445
Lanaudière,RÉSIDENTIEL,234881173.0,2019,1.2246467991473532e-16,-1.0,514445
Lanaudière,COMMERCIAL,93823574.0,2019,-0.4999999999999997,-0.8660254037844388,514445
Lanaudière,AGRICOLE,10191496.0,2019,-0.8660254037844385,-0.5000000000000004,514445
Lanaudière,COMMERCIAL,82387216.0,2019,-1.0,-1.8369701987210297e-16,514445
Lanaudière,INSTITUTIONNEL,43027782.20548387,2019,-1.0,-1.8369701987210297e-16,514445
Lanaudière,AGRICOLE,11075238.0,2019,-0.8660254037844386,0.5000000000000001,514445
Lanaudière,RÉSIDENTIEL,468076357.0,2019,-0.5000000000000004,0.8660254037844384,514445
Lanaudière,INSTITUTIONNEL,65985772.645161286,2020,0.8660254037844386,0.5000000000000001,522824
Lanaudière,AGRICOLE,12832019.0,2020,1.0,6.123233995736766e-17,522824
Lanaudière,INSTITUTIONNEL,49624334.18,2020,0.8660254037844387,-0.4999999999999998,522824
Lanaudière,AGRICOLE,10512591.0,2020,0.49999999999999994,-0.8660254037844387,522824
Lanaudière,INDUSTRIEL,54814106.7,2020,0.49999999999999994,-0.8660254037844387,522824
Lanaudière,INSTITUTIONNEL,42685136.202903226,2020,1.2246467991473532e-16,-1.0,522824
Lanaudière,INDUSTRIEL,68044071.5,2020,-0.4999999999999997,-0.8660254037844388,522824
Lanaudière,INSTITUTIONNEL,44305752.27129032,2020,-0.4999999999999997,-0.8660254037844388,522824
Lanaudière,AGRICOLE,10179522.0,2020,-1.0,-1.8369701987210297e-16,522824
Lanaudière,INSTITUTIONNEL,43708429.37580645,2020,-1.0,-1.8369701987210297e-16,522824
Lanaudière,AGRICOLE,12442020.0,2020,-0.8660254037844386,0.5000000000000001,522824
Lanaudière,COMMERCIAL,84192756.4,2020,-0.8660254037844386,0.5000000000000001,522824
Lanaudière,INDUSTRIEL,70992267.9,2020,-0.8660254037844386,0.5000000000000001,522824
Lanaudière,INSTITUTIONNEL,67256308.45483871,2020,-2.4492935982947064e-16,1.0,522824
Lanaudière,RÉSIDENTIEL,568500500.0,2020,-2.4492935982947064e-16,1.0,522824
Lanaudière,INDUSTRIEL,71491700.89999999,2021,0.49999999999999994,0.8660254037844387,532680
Lanaudière,INSTITUTIONNEL,70809431.33225806,2021,0.49999999999999994,0.8660254037844387,532680
Lanaudière,RÉSIDENTIEL,619077595.0,2021,0.49999999999999994,0.8660254037844387,532680
Lanaudière,RÉSIDENTIEL,579918705.0,2021,0.8660254037844386,0.5000000000000001,532680
Lanaudière,INSTITUTIONNEL,64169035.50357143,2021,1.0,6.123233995736766e-17,532680
Lanaudière,COMMERCIAL,86073618.8,2021,0.8660254037844387,-0.4999999999999998,532680
Lanaudière,COMMERCIAL,85185861.8,2021,0.49999999999999994,-0.8660254037844387,532680
Lanaudière,INDUSTRIEL,68022794.2,2021,0.49999999999999994,-0.8660254037844387,532680
Lanaudière,RÉSIDENTIEL,,2021,1.2246467991473532e-16,-1.0,532680
Lanaudière,AGRICOLE,10968382.0,2021,-0.4999999999999997,-0.8660254037844388,532680
Lanaudière,INDUSTRIEL,59969055.3,2021,-0.4999999999999997,-0.8660254037844388,532680
Lanaudière,RÉSIDENTIEL,265650154.0,2021,-0.4999999999999997,-0.8660254037844388,532680
Lanaudière,RÉSIDENTIEL,,2021,-0.8660254037844385,-0.5000000000000004,532680
Lanaudière,INSTITUTIONNEL,53710685.255806446,2021,-0.8660254037844386,0.5000000000000001,532680
Lanaudière,RÉSIDENTIEL,264596990.0,2021,-0.8660254037844386,0.5000000000000001,532680
Lanaudière,AGRICOLE,14675651.0,2022,0.8660254037844386,0.5000000000000001,541728
Lanaudière,COMMERCIAL,116816627.6,2022,1.0,6.123233995736766e-17,541728
Lanaudière,INDUSTRIEL,65004792.2,2022,1.0,6.123233995736766e-17,541728
Lanaudière,RÉSIDENTIEL,539895098.0,2022,1.0,6.123233995736766e-17,541728
Lanaudière,AGRICOLE,12365844.0,2022,0.8660254037844387,-0.4999999999999998,541728
Lanaudière,COMMERCIAL,,2022,0.49999999999999994,-0.8660254037844387,541728
Lanaudière,RÉSIDENTIEL,,2022,0.49999999999999994,-0.8660254037844387,541728
Lanaudière,INDUSTRIEL,60067305.8,2022,-0.4999999999999997,-0.8660254037844388,541728
Lanaudière,INSTITUTIONNEL,51990554.06419355,2022,-0.4999999999999997,-0.8660254037844388,541728
Lanaudière,AGRICOLE,,2022,-0.8660254037844385,-0.5000000000000004,541728
Lanaudière,RÉSIDENTIEL,,2022,-0.8660254037844385,-0.5000000000000004,541728
Lanaudière,AGRICOLE,11045486.0,2022,-1.0,-1.8369701987210297e-16,541728
Lanaudière,COMMERCIAL,86461284.6,2022,-1.0,-1.8369701987210297e-16,541728
Lanaudière,INDUSTRIEL,58417810.7,2022,-1.0,-1.8369701987210297e-16,541728
Lanaudière,RÉSIDENTIEL,246510363.0,2022,-1.0,-1.8369701987210297e-16,541728
Lanaudière,INSTITUTIONNEL,63009187.231612906,2022,-0.8660254037844386,0.5000000000000001,541728
Lanaudière,RÉSIDENTIEL,282161667.0,2022,-0.8660254037844386,0.5000000000000001,541728
Lanaudière,AGRICOLE,14353170.0,2022,-0.5000000000000004,0.8660254037844384,541728
Lanaudière,AGRICOLE,15203079.0,2023,0.49999999999999994,0.8660254037844387,551592
Lanaudière,INDUSTRIEL,67198387.80000001,2023,0.49999999999999994,0.8660254037844387,551592
Lanaudière,INSTITUTIONNEL,85847452.18709677,2023,0.49999999999999994,0.8660254037844387,551592
Lanaudière,AGRICOLE,14461690.0,2023,0.8660254037844386,0.5000000000000001,551592
Lanaudière,INSTITUTIONNEL,78346660.11463134,2023,0.8660254037844386,0.5000000000000001,551592
Lanaudière,COMMERCIAL,114756361.5,2023,1.0,6.123233995736766e-17,551592
Lanaudière,RÉSIDENTIEL,361369240.0,2023,0.8660254037844387,-0.4999999999999998,551592
Lanaudière,AGRICOLE,11336840.0,2023,0.49999999999999994,-0.8660254037844387,551592
Lanaudière,COMMERCIAL,90179323.6,2023,0.49999999999999994,-0.8660254037844387,551592
Lanaudière,AGRICOLE,10611669.0,2023,1.2246467991473532e-16,-1.0,551592
Lanaudière,RÉSIDENTIEL,259256291.0,2023,1.2246467991473532e-16,-1.0,551592
Lanaudière,COMMERCIAL,97455583.5,2023,-0.4999999999999997,-0.8660254037844388,551592
Lanaudière,AGRICOLE,12939558.0,2023,-0.8660254037844386,0.5000000000000001,551592
Lanaudière,COMMERCIAL,94304711.8,2023,-0.8660254037844386,0.5000000000000001,551592
Lanaudière,INDUSTRIEL,70285510.7,2023,-0.8660254037844386,0.5000000000000001,551592
Lanaudière,INSTITUTIONNEL,61814669.13709678,2023,-0.8660254037844386,0.5000000000000001,551592
Lanaudière,COMMERCIAL,114645827.9,2023,-0.5000000000000004,0.8660254037844384,551592
Lanaudière,INDUSTRIEL,69974506.8,2023,-0.5000000000000004,0.8660254037844384,551592
Lanaudière,COMMERCIAL,126662435.7,2023,-2.4492935982947064e-16,1.0,551592
Lanaudière,INSTITUTIONNEL,80660151.25806451,2023,-2.4492935982947064e-16,1.0,551592
Lanaudière,RÉSIDENTIEL,562226983.0,2023,-2.4492935982947064e-16,1.0,551592
Laurentides,COMMERCIAL,174314288.3,2016,0.49999999999999994,0.8660254037844387,594554
Laurentides,RÉSIDENTIEL,644416470.0,2016,1.0,6.123233995736766e-17,594554
Laurentides,COMMERCIAL,133980399.5,2016,0.8660254037844387,-0.4999999999999998,594554
Laurentides,INDUSTRIEL,62365205.7,2016,0.8660254037844387,-0.4999999999999998,594554
Laurentides,RÉSIDENTIEL,504618057.0,2016,0.8660254037844387,-0.4999999999999998,594554
Laurentides,AGRICOLE,6533347.0,2016,0.49999999999999994,-0.8660254037844387,594554
Laurentides,INDUSTRIEL,63085281.885714285,2016,0.49999999999999994,-0.8660254037844387,594554
Laurentides,INSTITUTIONNEL,34273459.1,2016,0.49999999999999994,-0.8660254037844387,594554
Laurentides,AGRICOLE,5828554.0,2016,1.2246467991473532e-16,-1.0,594554
Laurentides,INSTITUTIONNEL,31569411.1,2016,1.2246467991473532e-16,-1.0,594554
Laurentides,AGRICOLE,6051080.0,2016,-0.4999999999999997,-0.8660254037844388,594554
Laurentides,INDUSTRIEL,62482344.95714286,2016,-0.4999999999999997,-0.8660254037844388,594554
Laurentides,RÉSIDENTIEL,304979422.0,2016,-0.4999999999999997,-0.8660254037844388,594554
Laurentides,COMMERCIAL,124318309.3,2016,-1.0,-1.8369701987210297e-16,594554
Laurentides,INSTITUTIONNEL,32951098.4,2016,-1.0,-1.8369701987210297e-16,594554
Laurentides,RÉSIDENTIEL,278909755.0,2016,-1.0,-1.8369701987210297e-16,594554
Laurentides,RÉSIDENTIEL,492643513.0,2016,-0.5000000000000004,0.8660254037844384,594554
Laurentides,AGRICOLE,9813206.0,2016,-2.4492935982947064e-16,1.0,594554
Laurentides,INSTITUTIONNEL,46989815.2,2016,-2.4492935982947064e-16,1.0,594554
Laurentides,AGRICOLE,9044503.0,2017,0.8660254037844386,0.5000000000000001,602110
Laurentides,COMMERCIAL,152633768.5,2017,0.8660254037844386,0.5000000000000001,602110
Laurentides,INDUSTRIEL,62470674.46571429,2017,0.8660254037844386,0.5000000000000001,602110
Laurentides,INSTITUTIONNEL,43692439.7,2017,0.8660254037844386,0.5000000000000001,602110
Laurentides,RÉSIDENTIEL,684262547.0,2017,0.8660254037844386,0.5000000000000001,602110
Laurentides,INDUSTRIEL,68294697.57142857,2017,1.0,6.123233995736766e-17,602110
Laurentides,INDUSTRIEL,67443271.23142856,2017,0.49999999999999994,-0.8660254037844387,602110
Laurentides,RÉSIDENTIEL,357554859.0,2017,0.49999999999999994,-0.8660254037844387,602110
Laurentides,AGRICOLE,5670682.0,2017,1.2246467991473532e-16,-1.0,602110
Laurentides,AGRICOLE,5870871.0,2017,-0.4999999999999997,-0.8660254037844388,602110
Laurentides,COMMERCIAL,133050959.7,2017,-0.8660254037844385,-0.5000000000000004,602110
Laurentides,COMMERCIAL,124619781.8,2017,-1.0,-1.8369701987210297e-16,602110
Laurentides,INDUSTRIEL,64881013.28571428,2017,-1.0,-1.8369701987210297e-16,602110
Laurentides,INSTITUTIONNEL,32270332.7,2017,-1.0,-1.8369701987210297e-16,602110
Laurentides,INDUSTRIEL,68644190.86857143,2017,-0.5000000000000004,0.8660254037844384,602110
Laurentides,AGRICOLE,10780408.0,2017,-2.4492935982947064e-16,1.0,602110
Laurentides,INSTITUTIONNEL,50136579.5,2017,-2.4492935982947064e-16,1.0,602110
Laurentides,RÉSIDENTIEL,949158655.0,2018,0.49999999999999994,0.8660254037844387,610176
Laurentides,AGRICOLE,9981238.0,2018,1.0,6.123233995736766e-17,610176
Laurentides,RÉSIDENTIEL,652377194.0,2018,1.0,6.123233995736766e-17,610176
Laurentides,INDUSTRIEL,62135895.3,2018,0.8660254037844387,-0.4999999999999998,610176
Laurentides,RÉSIDENTIEL,542898083.0,2018,0.8660254037844387,-0.4999999999999998,610176
Laurentides,AGRICOLE,6509079.0,2018,0.49999999999999994,-0.8660254037844387,610176
Laurentides,COMMERCIAL,128424531.0,2018,0.49999999999999994,-0.8660254037844387,610176
Laurentides,RÉSIDENTIEL,324658784.0,2018,0.49999999999999994,-0.8660254037844387,610176
Laurentides,RÉSIDENTIEL,327392410.0,2018,-0.4999999999999997,-0.8660254037844388,610176
Laurentides,INDUSTRIEL,66969005.4,2018,-0.8660254037844385,-0.5000000000000004,610176
Laurentides,RÉSIDENTIEL,320806504.0,2018,-0.8660254037844385,-0.5000000000000004,610176
Laurentides,INDUSTRIEL,63404824.5,2018,-1.0,-1.8369701987210297e-16,610176
Laurentides,RÉSIDENTIEL,298755619.0,2018,-1.0,-1.8369701987210297e-16,610176
Laurentides,COMMERCIAL,163023114.1,2018,-0.8660254037844386,0.5000000000000001,610176
Laurentides,INDUSTRIEL,67246216.80000001,2018,-0.8660254037844386,0.5000000000000001,610176
Laurentides,INSTITUTIONNEL,37860644.9,2018,-0.8660254037844386,0.5000000000000001,610176
Laurentides,INSTITUTIONNEL,43777967.4,2018,-0.5000000000000004,0.8660254037844384,610176
Laurentides,AGRICOLE,11088811.0,2018,-2.4492935982947064e-16,1.0,610176
Laurentides,COMMERCIAL,206270468.3,2018,-2.4492935982947064e-16,1.0,610176
Laurentides,INDUSTRIEL,63166863.6,2018,-2.4492935982947064e-16,1.0,610176
Laurentides,INDUSTRIEL,67596896.19999999,2019,0.49999999999999994,0.8660254037844387,618316
Laurentides,COMMERCIAL,193281983.9,2019,0.8660254037844386,0.5000000000000001,618316
Laurentides,INDUSTRIEL,67168350.5,2019,1.0,6.123233995736766e-17,618316
Laurentides,COMMERCIAL,162690077.0,2019,0.8660254037844387,-0.4999999999999998,618316
Laurentides,COMMERCIAL,154761262.0,2019,0.49999999999999994,-0.8660254037844387,618316
Laurentides,INDUSTRIEL,61283219.2,2019,0.49999999999999994,-0.8660254037844387,618316
Laurentides,INSTITUTIONNEL,35117001.3,2019,0.49999999999999994,-0.8660254037844387,618316
Laurentides,AGRICOLE,7033611.0,2019,-0.4999999999999997,-0.8660254037844388,618316
Laurentides,INDUSTRIEL,63978452.0,2019,-0.4999999999999997,-0.8660254037844388,618316
Laurentides,INSTITUTIONNEL,31844135.0,2019,-0.4999999999999997,-0.8660254037844388,618316
Laurentides,AGRICOLE,6786776.0,2019,-1.0,-1.8369701987210297e-16,618316
Laurentides,INDUSTRIEL,61106543.5,2019,-0.8660254037844386,0.5000000000000001,618316
Laurentides,RÉSIDENTIEL,384286707.0,2019,-0.8660254037844386,0.5000000000000001,618316
Laurentides,COMMERCIAL,186240252.2,2019,-0.5000000000000004,0.8660254037844384,618316
Laurentides,AGRICOLE,11474424.0,2019,-2.4492935982947064e-16,1.0,618316
Laurentides,INDUSTRIEL,61399635.0,2019,-2.4492935982947064e-16,1.0,618316
Laurentides,AGRICOLE,11501318.0,2020,0.49999999999999994,0.8660254037844387,628998
Laurentides,AGRICOLE,10962646.0,2020,0.8660254037844386,0.5000000000000001,628998
Laurentides,INDUSTRIEL,63654974.2,2020,1.0,6.123233995736766e-17,628998
Laurentides,RÉSIDENTIEL,668711190.0,2020,1.0,6.123233995736766e-17,628998
Laurentides,AGRICOLE,9744686.0,2020,0.8660254037844387,-0.4999999999999998,628998
Laurentides,INSTITUTIONNEL,34990882.4,2020,0.8660254037844387,-0.4999999999999998,628998
Laurentides,RÉSIDENTIEL,536904513.0,2020,0.8660254037844387,-0.4999999999999998,628998
Laurentides,INDUSTRIEL,55054505.400000006,2020,0.49999999999999994,-0.8660254037844387,628998
Laurentides,COMMERCIAL,129555911.2,2020,1.2246467991473532e-16,-1.0,628998
Laurentides,INSTITUTIONNEL,31794850.1,2020,-0.4999999999999997,-0.8660254037844388,628998
Laurentides,RÉSIDENTIEL,360488943.0,2020,-0.4999999999999997,-0.8660254037844388,628998
Laurentides,RÉSIDENTIEL,342230474.0,2020,-0.8660254037844385,-0.5000000000000004,628998
Laurentides,AGRICOLE,7615226.0,2020,-1.0,-1.8369701987210297e-16,628998
Laurentides,COMMERCIAL,135281547.1,2020,-1.0,-1.8369701987210297e-16,628998
Laurentides,RÉSIDENTIEL,320959764.0,2020,-1.0,-1.8369701987210297e-16,628998
Laurentides,INDUSTRIEL,,2020,-0.5000000000000004,0.8660254037844384,628998
Laurentides,INSTITUTIONNEL,,2020,-0.5000000000000004,0.8660254037844384,628998
Laurentides,RÉSIDENTIEL,,2020,-0.5000000000000004,0.8660254037844384,628998
Laurentides,AGRICOLE,11622475.0,2020,-2.4492935982947064e-16,1.0,628998
Laurentides,COMMERCIAL,195905906.0,2020,-2.4492935982947064e-16,1.0,628998
Laurentides,INDUSTRIEL,58766899.3,2021,0.8660254037844386,0.5000000000000001,643216
Laurentides,RÉSIDENTIEL,806200371.0,2021,0.8660254037844386,0.5000000000000001,643216
Laurentides,INDUSTRIEL,66511320.1,2021,1.0,6.123233995736766e-17,643216
Laurentides,COMMERCIAL,146184627.0,2021,0.8660254037844387,-0.4999999999999998,643216
Laurentides,INDUSTRIEL,59031288.1,2021,0.8660254037844387,-0.4999999999999998,643216
Laurentides,RÉSIDENTIEL,449606332.0,2021,0.8660254037844387,-0.4999999999999998,643216
Laurentides,AGRICOLE,7825204.0,2021,0.49999999999999994,-0.8660254037844387,643216
Laurentides,COMMERCIAL,147245827.3,2021,0.49999999999999994,-0.8660254037844387,643216
Laurentides,INSTITUTIONNEL,33174995.2,2021,0.49999999999999994,-0.8660254037844387,643216
Laurentides,RÉSIDENTIEL,341693843.0,2021,1.2246467991473532e-16,-1.0,643216
Laurentides,INDUSTRIEL,62340144.3,2021,-0.8660254037844385,-0.5000000000000004,643216
Laurentides,INSTITUTIONNEL,33884525.0,2021,-0.8660254037844385,-0.5000000000000004,643216
Laurentides,RÉSIDENTIEL,363690981.0,2021,-0.8660254037844385,-0.5000000000000004,643216
Laurentides,COMMERCIAL,148860604.3,2021,-1.0,-1.8369701987210297e-16,643216
Laurentides,RÉSIDENTIEL,309515520.0,2021,-1.0,-1.8369701987210297e-16,643216
Laurentides,INDUSTRIEL,59934932.0,2021,-0.5000000000000004,0.8660254037844384,643216
Laurentides,RÉSIDENTIEL,831848893.0,2021,-2.4492935982947064e-16,1.0,643216
Laurentides,INDUSTRIEL,67140349.0,2022,0.49999999999999994,0.8660254037844387,653655
Laurentides,COMMERCIAL,204481593.0,2022,1.0,6.123233995736766e-17,653655
Laurentides,INDUSTRIEL,67048290.4,2022,1.0,6.123233995736766e-17,653655
Laurentides,COMMERCIAL,168063702.9,2022,0.8660254037844387,-0.4999999999999998,653655
Laurentides,INDUSTRIEL,61385573.0,2022,0.8660254037844387,-0.4999999999999998,653655
Laurentides,INSTITUTIONNEL,40183462.9,2022,0.8660254037844387,-0.4999999999999998,653655
Laurentides,RÉSIDENTIEL,529861876.0,2022,0.8660254037844387,-0.4999999999999998,653655
Laurentides,AGRICOLE,7796796.0,2022,0.49999999999999994,-0.8660254037844387,653655
Laurentides,INSTITUTIONNEL,31598401.4,2022,1.2246467991473532e-16,-1.0,653655
Laurentides,AGRICOLE,7263437.0,2022,-0.4999999999999997,-0.8660254037844388,653655
Laurentides,COMMERCIAL,161498265.8,2022,-0.4999999999999997,-0.8660254037844388,653655
Laurentides,INDUSTRIEL,61942877.3,2022,-0.4999999999999997,-0.8660254037844388,653655
Laurentides,AGRICOLE,7402918.0,2022,-0.8660254037844385,-0.5000000000000004,653655
Laurentides,COMMERCIAL,159538966.9,2022,-0.8660254037844386,0.5000000000000001,653655
Laurentides,INSTITUTIONNEL,37202272.8,2022,-0.8660254037844386,0.5000000000000001,653655
Laurentides,AGRICOLE,11100750.0,2022,-0.5000000000000004,0.8660254037844384,653655
Laurentides,COMMERCIAL,209284685.3,2022,-2.4492935982947064e-16,1.0,653655
Laurentides,RÉSIDENTIEL,775208159.0,2022,-2.4492935982947064e-16,1.0,653655
Laurentides,AGRICOLE,13920990.0,2023,0.8660254037844386,0.5000000000000001,663358
Laurentides,INDUSTRIEL,61327140.7,2023,0.8660254037844386,0.5000000000000001,663358
Laurentides,INSTITUTIONNEL,46256787.1,2023,0.8660254037844386,0.5000000000000001,663358
Laurentides,RÉSIDENTIEL,828318196.0,2023,0.8660254037844386,0.5000000000000001,663358
Laurentides,INDUSTRIEL,61307436.4,2023,1.0,6.123233995736766e-17,663358
Laurentides,INSTITUTIONNEL,46071484.3,2023,1.0,6.123233995736766e-17,663358
Laurentides,RÉSIDENTIEL,699791000.0,2023,1.0,6.123233995736766e-17,663358
Laurentides,AGRICOLE,10792934.0,2023,0.8660254037844387,-0.4999999999999998,663358
Laurentides,COMMERCIAL,163026257.4,2023,0.8660254037844387,-0.4999999999999998,663358
Laurentides,INDUSTRIEL,55455966.7,2023,0.8660254037844387,-0.4999999999999998,663358
Laurentides,AGRICOLE,8128057.0,2023,0.49999999999999994,-0.8660254037844387,663358
Laurentides,COMMERCIAL,159274068.60000002,2023,0.49999999999999994,-0.8660254037844387,663358
Laurentides,COMMERCIAL,157259677.1,2023,1.2246467991473532e-16,-1.0,663358
Laurentides,INDUSTRIEL,54531163.4,2023,1.2246467991473532e-16,-1.0,663358
Laurentides,RÉSIDENTIEL,338024495.0,2023,1.2246467991473532e-16,-1.0,663358
Laurentides,RÉSIDENTIEL,363817091.0,2023,-0.4999999999999997,-0.8660254037844388,663358
Laurentides,AGRICOLE,7289947.0,2023,-0.8660254037844385,-0.5000000000000004,663358
Laurentides,COMMERCIAL,171634682.9,2023,-0.8660254037844385,-0.5000000000000004,663358
Laurentides,INSTITUTIONNEL,31512921.2,2023,-0.8660254037844385,-0.5000000000000004,663358
Laurentides,COMMERCIAL,163491730.5,2023,-1.0,-1.8369701987210297e-16,663358
Laurentides,RÉSIDENTIEL,373636287.0,2023,-0.8660254037844386,0.5000000000000001,663358
Laurentides,AGRICOLE,11866571.0,2023,-0.5000000000000004,0.8660254037844384,663358
Laurentides,RÉSIDENTIEL,634380320.0,2023,-0.5000000000000004,0.8660254037844384,663358
Laurentides,INSTITUTIONNEL,46454375.9,2023,-2.4492935982947064e-16,1.0,663358
Laval,COMMERCIAL,136219683.8,2016,0.49999999999999994,0.8660254037844387,425838
Laval,INSTITUTIONNEL,25424165.2,2016,0.8660254037844386,0.5000000000000001,425838
Laval,INDUSTRIEL,33178583.0,2016,1.0,6.123233995736766e-17,425838
Laval,INSTITUTIONNEL,25001277.8,2016,1.0,6.123233995736766e-17,425838
Laval,INSTITUTIONNEL,22250951.6,2016,0.8660254037844387,-0.4999999999999998,425838
Laval,RÉSIDENTIEL,185515550.0,2016,0.49999999999999994,-0.8660254037844387,425838
Laval,AGRICOLE,685779.0,2016,1.2246467991473532e-16,-1.0,425838
Laval,COMMERCIAL,103301687.8,2016,1.2246467991473532e-16,-1.0,425838
Laval,AGRICOLE,853853.0,2016,-0.4999999999999997,-0.8660254037844388,425838
Laval,INDUSTRIEL,30831172.503225803,2016,-0.4999999999999997,-0.8660254037844388,425838
Laval,AGRICOLE,845534.0,2016,-0.8660254037844385,-0.5000000000000004,425838
Laval,INDUSTRIEL,32543691.29032258,2016,-0.8660254037844385,-0.5000000000000004,425838
Laval,AGRICOLE,738215.0,2016,-1.0,-1.8369701987210297e-16,425838
Laval,RÉSIDENTIEL,154679141.0,2016,-1.0,-1.8369701987210297e-16,425838
Laval,AGRICOLE,769495.0,2016,-0.8660254037844386,0.5000000000000001,425838
Laval,COMMERCIAL,101560509.4,2016,-0.8660254037844386,0.5000000000000001,425838
Laval,INDUSTRIEL,32064821.525806453,2016,-0.8660254037844386,0.5000000000000001,425838
Laval,AGRICOLE,702544.0,2016,-0.5000000000000004,0.8660254037844384,425838
Laval,INDUSTRIEL,33409552.274193548,2016,-0.5000000000000004,0.8660254037844384,425838
Laval,RÉSIDENTIEL,271831925.0,2016,-0.5000000000000004,0.8660254037844384,425838
Laval,AGRICOLE,887856.0,2017,0.49999999999999994,0.8660254037844387,429570
Laval,RÉSIDENTIEL,441220177.0,2017,0.49999999999999994,0.8660254037844387,429570
Laval,COMMERCIAL,119513419.85,2017,0.8660254037844386,0.5000000000000001,429570
Laval,RÉSIDENTIEL,387938827.0,2017,0.8660254037844386,0.5000000000000001,429570
Laval,AGRICOLE,1026324.0,2017,1.0,6.123233995736766e-17,429570
Laval,COMMERCIAL,129042677.5,2017,1.0,6.123233995736766e-17,429570
Laval,RÉSIDENTIEL,417543327.0,2017,1.0,6.123233995736766e-17,429570
Laval,INSTITUTIONNEL,21734505.8,2017,0.8660254037844387,-0.4999999999999998,429570
Laval,RÉSIDENTIEL,243901520.0,2017,0.8660254037844387,-0.4999999999999998,429570
Laval,AGRICOLE,688195.0,2017,0.49999999999999994,-0.8660254037844387,429570
Laval,RÉSIDENTIEL,188465652.0,2017,0.49999999999999994,-0.8660254037844387,429570
Laval,COMMERCIAL,100519515.5,2017,1.2246467991473532e-16,-1.0,429570
Laval,COMMERCIAL,104772173.9,2017,-0.4999999999999997,-0.8660254037844388,429570
Laval,INSTITUTIONNEL,17967583.0,2017,-0.4999999999999997,-0.8660254037844388,429570
Laval,RÉSIDENTIEL,174519349.0,2017,-0.4999999999999997,-0.8660254037844388,429570
Laval,RÉSIDENTIEL,171294003.0,2017,-0.8660254037844385,-0.5000000000000004,429570
Laval,INSTITUTIONNEL,18880818.6,2017,-1.0,-1.8369701987210297e-16,429570
Laval,RÉSIDENTIEL,159691309.0,2017,-1.0,-1.8369701987210297e-16,429570
Laval,AGRICOLE,771712.0,2017,-0.8660254037844386,0.5000000000000001,429570
Laval,INDUSTRIEL,35407948.86290322,2017,-0.8660254037844386,0.5000000000000001,429570
Laval,INSTITUTIONNEL,19539702.0,2017,-0.8660254037844386,0.5000000000000001,429570
Laval,INDUSTRIEL,37588573.38709678,2017,-0.5000000000000004,0.8660254037844384,429570
Laval,INSTITUTIONNEL,26041260.0,2017,-2.4492935982947064e-16,1.0,429570
Laval,RÉSIDENTIEL,495759502.0,2017,-2.4492935982947064e-16,1.0,429570
Laval,COMMERCIAL,146120617.5,2018,0.49999999999999994,0.8660254037844387,434464
Laval,RÉSIDENTIEL,533257139.0,2018,0.49999999999999994,0.8660254037844387,434464
Laval,INDUSTRIEL,34889033.96555299,2018,0.8660254037844386,0.5000000000000001,434464
Laval,AGRICOLE,1036888.0,2018,1.0,6.123233995736766e-17,434464
Laval,INSTITUTIONNEL,22447156.8,2018,0.8660254037844387,-0.4999999999999998,434464
Laval,RÉSIDENTIEL,290842967.0,2018,0.8660254037844387,-0.4999999999999998,434464
Laval,INDUSTRIEL,36673775.145161286,2018,0.49999999999999994,-0.8660254037844387,434464
Laval,INSTITUTIONNEL,20408294.0,2018,0.49999999999999994,-0.8660254037844387,434464
Laval,RÉSIDENTIEL,170494901.0,2018,0.49999999999999994,-0.8660254037844387,434464
Laval,COMMERCIAL,102778621.4,2018,1.2246467991473532e-16,-1.0,434464
Laval,RÉSIDENTIEL,169261376.0,2018,1.2246467991473532e-16,-1.0,434464
Laval,COMMERCIAL,115579238.0,2018,-0.4999999999999997,-0.8660254037844388,434464
Laval,INDUSTRIEL,35743228.687096775,2018,-0.4999999999999997,-0.8660254037844388,434464
Laval,RÉSIDENTIEL,193964185.0,2018,-0.4999999999999997,-0.8660254037844388,434464
Laval,AGRICOLE,941244.0,2018,-0.8660254037844385,-0.5000000000000004,434464
Laval,RÉSIDENTIEL,186010103.0,2018,-0.8660254037844385,-0.5000000000000004,434464
Laval,INDUSTRIEL,33012543.12580645,2018,-1.0,-1.8369701987210297e-16,434464
Laval,INDUSTRIEL,36380674.13225806,2018,-0.8660254037844386,0.5000000000000001,434464
Laval,RÉSIDENTIEL,233860317.0,2018,-0.8660254037844386,0.5000000000000001,434464
Laval,AGRICOLE,853416.0,2018,-0.5000000000000004,0.8660254037844384,434464
Laval,INDUSTRIEL,34328870.09677419,2018,-2.4492935982947064e-16,1.0,434464
Laval,RÉSIDENTIEL,457609152.0,2018,-2.4492935982947064e-16,1.0,434464
Laval,COMMERCIAL,148184681.2,2019,0.49999999999999994,0.8660254037844387,438498
Laval,INDUSTRIEL,37775245.23225807,2019,0.49999999999999994,0.8660254037844387,438498
Laval,INSTITUTIONNEL,27542678.4,2019,0.49999999999999994,0.8660254037844387,438498
Laval,COMMERCIAL,129731556.0,2019,0.8660254037844386,0.5000000000000001,438498
Laval,INDUSTRIEL,35306981.78168203,2019,0.8660254037844386,0.5000000000000001,438498
Laval,INSTITUTIONNEL,24696163.0,2019,0.8660254037844386,0.5000000000000001,438498
Laval,RÉSIDENTIEL,455873410.0,2019,0.8660254037844386,0.5000000000000001,438498
Laval,AGRICOLE,1033076.0,2019,1.0,6.123233995736766e-17,438498
Laval,INDUSTRIEL,37064375.18928572,2019,1.0,6.123233995736766e-17,438498
Laval,RÉSIDENTIEL,401201904.0,2019,1.0,6.123233995736766e-17,438498
Laval,COMMERCIAL,106580856.5,2019,0.8660254037844387,-0.4999999999999998,438498
Laval,INSTITUTIONNEL,22454167.0,2019,0.8660254037844387,-0.4999999999999998,438498
Laval,RÉSIDENTIEL,275135532.0,2019,0.8660254037844387,-0.4999999999999998,438498
Laval,COMMERCIAL,100775215.5,2019,0.49999999999999994,-0.8660254037844387,438498
Laval,RÉSIDENTIEL,192003631.0,2019,0.49999999999999994,-0.8660254037844387,438498
Laval,AGRICOLE,645903.0,2019,1.2246467991473532e-16,-1.0,438498
Laval,COMMERCIAL,99302094.8,2019,1.2246467991473532e-16,-1.0,438498
Laval,INSTITUTIONNEL,18811687.6,2019,1.2246467991473532e-16,-1.0,438498
Laval,RÉSIDENTIEL,169071462.0,2019,1.2246467991473532e-16,-1.0,438498
Laval,INDUSTRIEL,34462150.45967742,2019,-0.4999999999999997,-0.8660254037844388,438498
Laval,RÉSIDENTIEL,177474762.0,2019,-0.8660254037844385,-0.5000000000000004,438498
Laval,AGRICOLE,834125.0,2019,-1.0,-1.8369701987210297e-16,438498
Laval,RÉSIDENTIEL,149963315.0,2019,-1.0,-1.8369701987210297e-16,438498
Laval,AGRICOLE,938281.0,2019,-0.8660254037844386,0.5000000000000001,438498
Laval,INDUSTRIEL,33095498.572580647,2019,-0.8660254037844386,0.5000000000000001,438498
Laval,RÉSIDENTIEL,348210158.0,2019,-0.5000000000000004,0.8660254037844384,438498
Laval,INSTITUTIONNEL,25583112.3,2019,-2.4492935982947064e-16,1.0,438498
Laval,RÉSIDENTIEL,443839585.0,2019,-2.4492935982947064e-16,1.0,438498
Laval,AGRICOLE,1071445.0,2020,0.49999999999999994,0.8660254037844387,441071
Laval,COMMERCIAL,137797605.4,2020,0.49999999999999994,0.8660254037844387,441071
Laval,INSTITUTIONNEL,26493304.9,2020,0.49999999999999994,0.8660254037844387,441071
Laval,COMMERCIAL,115583253.9,2020,1.0,6.123233995736766e-17,441071
Laval,INDUSTRIEL,33548637.686206896,2020,1.0,6.123233995736766e-17,441071
Laval,AGRICOLE,853144.0,2020,0.8660254037844387,-0.4999999999999998,441071
Laval,INDUSTRIEL,32399472.89032258,2020,1.2246467991473532e-16,-1.0,441071
Laval,RÉSIDENTIEL,192832636.0,2020,1.2246467991473532e-16,-1.0,441071
Laval,INDUSTRIEL,33585906.99032258,2020,-0.4999999999999997,-0.8660254037844388,441071
Laval,RÉSIDENTIEL,191426802.0,2020,-0.8660254037844385,-0.5000000000000004,441071
Laval,RÉSIDENTIEL,162185229.0,2020,-1.0,-1.8369701987210297e-16,441071
Laval,INDUSTRIEL,34173350.867741935,2020,-0.8660254037844386,0.5000000000000001,441071
Laval,INDUSTRIEL,34381460.132258065,2020,-0.5000000000000004,0.8660254037844384,441071
Laval,INDUSTRIEL,34267628.548387095,2021,0.49999999999999994,0.8660254037844387,440489
Laval,COMMERCIAL,119168321.5,2021,0.8660254037844386,0.5000000000000001,440489
Laval,RÉSIDENTIEL,432258442.0,2021,0.8660254037844386,0.5000000000000001,440489
Laval,COMMERCIAL,117281993.0,2021,1.0,6.123233995736766e-17,440489
Laval,INDUSTRIEL,35311004.77142857,2021,1.0,6.123233995736766e-17,440489
Laval,AGRICOLE,816170.0,2021,0.8660254037844387,-0.4999999999999998,440489
Laval,INDUSTRIEL,32139691.2,2021,0.8660254037844387,-0.4999999999999998,440489
Laval,INDUSTRIEL,32741571.338709675,2021,0.49999999999999994,-0.8660254037844387,440489
Laval,RÉSIDENTIEL,193626584.0,2021,0.49999999999999994,-0.8660254037844387,440489
Laval,COMMERCIAL,101617911.8,2021,1.2246467991473532e-16,-1.0,440489
Laval,AGRICOLE,930997.0,2021,-0.4999999999999997,-0.8660254037844388,440489
Laval,INDUSTRIEL,30996655.48064516,2021,-0.4999999999999997,-0.8660254037844388,440489
Laval,AGRICOLE,1060394.0,2021,-0.8660254037844385,-0.5000000000000004,440489
Laval,AGRICOLE,889808.0,2021,-0.8660254037844386,0.5000000000000001,440489
Laval,INSTITUTIONNEL,19352533.1,2021,-0.8660254037844386,0.5000000000000001,440489
Laval,RÉSIDENTIEL,185731420.0,2021,-0.8660254037844386,0.5000000000000001,440489
Laval,AGRICOLE,790721.0,2021,-0.5000000000000004,0.8660254037844384,440489
Laval,COMMERCIAL,111083108.6,2021,-0.5000000000000004,0.8660254037844384,440489
Laval,INDUSTRIEL,33560814.4,2021,-0.5000000000000004,0.8660254037844384,440489
Laval,AGRICOLE,912744.0,2021,-2.4492935982947064e-16,1.0,440489
Laval,RÉSIDENTIEL,588834079.0,2022,0.49999999999999994,0.8660254037844387,443792
Laval,AGRICOLE,1017496.0,2022,0.8660254037844386,0.5000000000000001,443792
Laval,AGRICOLE,981472.0,2022,1.0,6.123233995736766e-17,443792
Laval,INSTITUTIONNEL,21808987.6,2022,0.8660254037844387,-0.4999999999999998,443792
Laval,COMMERCIAL,100125130.0,2022,0.49999999999999994,-0.8660254037844387,443792
Laval,INSTITUTIONNEL,19324829.8,2022,0.49999999999999994,-0.8660254037844387,443792
Laval,RÉSIDENTIEL,185470495.0,2022,0.49999999999999994,-0.8660254037844387,443792
Laval,INDUSTRIEL,31048556.25483871,2022,1.2246467991473532e-16,-1.0,443792
Laval,RÉSIDENTIEL,175187983.0,2022,1.2246467991473532e-16,-1.0,443792
Laval,INDUSTRIEL,30178926.990322582,2022,-0.4999999999999997,-0.8660254037844388,443792
Laval,INSTITUTIONNEL,18477313.1,2022,-0.4999999999999997,-0.8660254037844388,443792
Laval,RÉSIDENTIEL,196760306.0,2022,-0.4999999999999997,-0.8660254037844388,443792
Laval,AGRICOLE,907048.0,2022,-0.8660254037844385,-0.5000000000000004,443792
Laval,AGRICOLE,745388.0,2022,-1.0,-1.8369701987210297e-16,443792
Laval,COMMERCIAL,97928579.0,2022,-0.8660254037844386,0.5000000000000001,443792
Laval,INDUSTRIEL,30332940.03548387,2022,-0.8660254037844386,0.5000000000000001,443792
Laval,RÉSIDENTIEL,189891296.0,2022,-0.8660254037844386,0.5000000000000001,443792
Laval,AGRICOLE,869663.0,2022,-2.4492935982947064e-16,1.0,443792
Laval,COMMERCIAL,127867104.0,2022,-2.4492935982947064e-16,1.0,443792
Laval,INSTITUTIONNEL,25459641.9,2022,-2.4492935982947064e-16,1.0,443792
Laval,RÉSIDENTIEL,369874718.0,2023,1.0,6.123233995736766e-17,450710
Laval,COMMERCIAL,99201378.9,2023,0.49999999999999994,-0.8660254037844387,450710
Laval,INDUSTRIEL,30033474.017741937,2023,0.49999999999999994,-0.8660254037844387,450710
Laval,INSTITUTIONNEL,19832722.9,2023,0.49999999999999994,-0.8660254037844387,450710
Laval,INDUSTRIEL,29661680.727419358,2023,-0.4999999999999997,-0.8660254037844388,450710
Laval,INDUSTRIEL,30763407.71612903,2023,-0.8660254037844385,-0.5000000000000004,450710
Laval,RÉSIDENTIEL,182487767.0,2023,-0.8660254037844385,-0.5000000000000004,450710
Laval,AGRICOLE,856936.0,2023,-1.0,-1.8369701987210297e-16,450710
Laval,COMMERCIAL,98206751.4,2023,-1.0,-1.8369701987210297e-16,450710
Laval,INDUSTRIEL,29323672.80645161,2023,-1.0,-1.8369701987210297e-16,450710
Laval,COMMERCIAL,99078738.8,2023,-0.8660254037844386,0.5000000000000001,450710
Laval,RÉSIDENTIEL,185299935.0,2023,-0.8660254037844386,0.5000000000000001,450710
Laval,COMMERCIAL,115422773.9,2023,-0.5000000000000004,0.8660254037844384,450710
Laval,INDUSTRIEL,30899587.880645163,2023,-0.5000000000000004,0.8660254037844384,450710
Laval,AGRICOLE,893611.0,2023,-2.4492935982947064e-16,1.0,450710
Laval,COMMERCIAL,126809364.0,2023,-2.4492935982947064e-16,1.0,450710
Mauricie,COMMERCIAL,86595387.4,2016,0.49999999999999994,0.8660254037844387,266790
Mauricie,INDUSTRIEL,211951497.830506,2016,0.49999999999999994,0.8660254037844387,266790
Mauricie,INSTITUTIONNEL,25562118.0,2016,0.49999999999999994,0.8660254037844387,266790
Mauricie,RÉSIDENTIEL,202124301.0,2016,0.8660254037844387,-0.4999999999999998,266790
Mauricie,INSTITUTIONNEL,18514685.0,2016,0.49999999999999994,-0.8660254037844387,266790
Mauricie,COMMERCIAL,61953261.0,2016,1.2246467991473532e-16,-1.0,266790
Mauricie,RÉSIDENTIEL,113807030.0,2016,1.2246467991473532e-16,-1.0,266790
Mauricie,AGRICOLE,5127037.0,2016,-0.4999999999999997,-0.8660254037844388,266790
Mauricie,INDUSTRIEL,196051869.94377145,2016,-0.4999999999999997,-0.8660254037844388,266790
Mauricie,INSTITUTIONNEL,18385617.0,2016,-0.8660254037844385,-0.5000000000000004,266790
Mauricie,COMMERCIAL,62530571.4,2016,-0.8660254037844386,0.5000000000000001,266790
Mauricie,INDUSTRIEL,205453941.9244163,2016,-0.8660254037844386,0.5000000000000001,266790
Mauricie,AGRICOLE,8794588.0,2016,-2.4492935982947064e-16,1.0,266790
Mauricie,INDUSTRIEL,202311368.2383126,2016,-2.4492935982947064e-16,1.0,266790
Mauricie,INSTITUTIONNEL,25392853.0,2017,0.49999999999999994,0.8660254037844387,267648
Mauricie,AGRICOLE,7502536.0,2017,0.8660254037844386,0.5000000000000001,267648
Mauricie,COMMERCIAL,77069962.8,2017,0.8660254037844386,0.5000000000000001,267648
Mauricie,INSTITUTIONNEL,23181240.0,2017,0.8660254037844386,0.5000000000000001,267648
Mauricie,COMMERCIAL,83652537.0,2017,1.0,6.123233995736766e-17,267648
Mauricie,RÉSIDENTIEL,289738021.0,2017,1.0,6.123233995736766e-17,267648
Mauricie,AGRICOLE,6213682.0,2017,0.8660254037844387,-0.4999999999999998,267648
Mauricie,AGRICOLE,5676764.0,2017,0.49999999999999994,-0.8660254037844387,267648
Mauricie,AGRICOLE,5181892.0,2017,-0.4999999999999997,-0.8660254037844388,267648
Mauricie,COMMERCIAL,63384300.4,2017,-0.4999999999999997,-0.8660254037844388,267648
Mauricie,COMMERCIAL,64186839.0,2017,-0.8660254037844385,-0.5000000000000004,267648
Mauricie,RÉSIDENTIEL,115667868.0,2017,-0.8660254037844385,-0.5000000000000004,267648
Mauricie,AGRICOLE,5731548.0,2017,-1.0,-1.8369701987210297e-16,267648
Mauricie,INSTITUTIONNEL,18309763.0,2017,-1.0,-1.8369701987210297e-16,267648
Mauricie,AGRICOLE,6517565.0,2017,-0.8660254037844386,0.5000000000000001,267648
Mauricie,INDUSTRIEL,168901704.2069345,2017,-0.8660254037844386,0.5000000000000001,267648
Mauricie,INSTITUTIONNEL,19433728.0,2017,-0.8660254037844386,0.5000000000000001,267648
Mauricie,AGRICOLE,8793648.0,2017,-0.5000000000000004,0.8660254037844384,267648
Mauricie,RÉSIDENTIEL,230373227.0,2017,-0.5000000000000004,0.8660254037844384,267648
Mauricie,COMMERCIAL,90295412.8,2017,-2.4492935982947064e-16,1.0,267648
Mauricie,INSTITUTIONNEL,26364157.0,2017,-2.4492935982947064e-16,1.0,267648
Mauricie,AGRICOLE,9904337.0,2018,0.49999999999999994,0.8660254037844387,268119
Mauricie,INSTITUTIONNEL,27622290.0,2018,0.49999999999999994,0.8660254037844387,268119
Mauricie,RÉSIDENTIEL,367867624.0,2018,0.49999999999999994,0.8660254037844387,268119
Mauricie,AGRICOLE,8145030.0,2018,0.8660254037844386,0.5000000000000001,268119
Mauricie,INDUSTRIEL,163567261.50800595,2018,0.8660254037844386,0.5000000000000001,268119
Mauricie,RÉSIDENTIEL,280774425.0,2018,0.8660254037844386,0.5000000000000001,268119
Mauricie,AGRICOLE,7407033.0,2018,1.0,6.123233995736766e-17,268119
Mauricie,INSTITUTIONNEL,23859173.0,2018,1.0,6.123233995736766e-17,268119
Mauricie,INDUSTRIEL,169540698.42617032,2018,0.8660254037844387,-0.4999999999999998,268119
Mauricie,INDUSTRIEL,158786508.45445913,2018,1.2246467991473532e-16,-1.0,268119
Mauricie,INSTITUTIONNEL,17305227.0,2018,1.2246467991473532e-16,-1.0,268119
Mauricie,INSTITUTIONNEL,18014028.0,2018,-0.4999999999999997,-0.8660254037844388,268119
Mauricie,AGRICOLE,5645872.0,2018,-0.8660254037844385,-0.5000000000000004,268119
Mauricie,COMMERCIAL,68559493.4,2018,-0.8660254037844385,-0.5000000000000004,268119
Mauricie,AGRICOLE,4981094.0,2018,-1.0,-1.8369701987210297e-16,268119
Mauricie,COMMERCIAL,61563329.4,2018,-1.0,-1.8369701987210297e-16,268119
Mauricie,AGRICOLE,7164152.0,2018,-0.8660254037844386,0.5000000000000001,268119
Mauricie,RÉSIDENTIEL,175151719.0,2018,-0.8660254037844386,0.5000000000000001,268119
Mauricie,COMMERCIAL,87814557.4,2018,-2.4492935982947064e-16,1.0,268119
Mauricie,RÉSIDENTIEL,324154266.0,2018,-2.4492935982947064e-16,1.0,268119
Mauricie,COMMERCIAL,96192261.4,2019,0.49999999999999994,0.8660254037844387,269354
Mauricie,RÉSIDENTIEL,367183934.0,2019,0.49999999999999994,0.8660254037844387,269354
Mauricie,COMMERCIAL,84353040.6,2019,0.8660254037844386,0.5000000000000001,269354
Mauricie,RÉSIDENTIEL,309486911.0,2019,0.8660254037844386,0.5000000000000001,269354
Mauricie,COMMERCIAL,82560240.6,2019,1.0,6.123233995736766e-17,269354
Mauricie,INDUSTRIEL,183899052.0713617,2019,1.0,6.123233995736766e-17,269354
Mauricie,INSTITUTIONNEL,24644345.0,2019,1.0,6.123233995736766e-17,269354
Mauricie,INDUSTRIEL,173437028.4877688,2019,0.49999999999999994,-0.8660254037844387,269354
Mauricie,AGRICOLE,4901491.0,2019,1.2246467991473532e-16,-1.0,269354
Mauricie,RÉSIDENTIEL,117057038.0,2019,1.2246467991473532e-16,-1.0,269354
Mauricie,INSTITUTIONNEL,18813778.0,2019,-1.0,-1.8369701987210297e-16,269354
Mauricie,RÉSIDENTIEL,110655531.0,2019,-1.0,-1.8369701987210297e-16,269354
Mauricie,AGRICOLE,6313329.0,2019,-0.8660254037844386,0.5000000000000001,269354
Mauricie,INDUSTRIEL,185528464.1649011,2019,-0.8660254037844386,0.5000000000000001,269354
Mauricie,INSTITUTIONNEL,20724893.0,2019,-0.8660254037844386,0.5000000000000001,269354
Mauricie,AGRICOLE,8693779.0,2019,-0.5000000000000004,0.8660254037844384,269354
Mauricie,INDUSTRIEL,177844755.96587846,2019,-0.5000000000000004,0.8660254037844384,269354
Mauricie,COMMERCIAL,86574844.8,2019,-2.4492935982947064e-16,1.0,269354
Mauricie,AGRICOLE,9740191.0,2020,0.49999999999999994,0.8660254037844387,271594
Mauricie,COMMERCIAL,89234570.8,2020,0.49999999999999994,0.8660254037844387,271594
Mauricie,INSTITUTIONNEL,26143536.0,2020,0.49999999999999994,0.8660254037844387,271594
Mauricie,AGRICOLE,8953112.0,2020,0.8660254037844386,0.5000000000000001,271594
Mauricie,INDUSTRIEL,183445541.27996635,2020,0.8660254037844386,0.5000000000000001,271594
Mauricie,INSTITUTIONNEL,24656994.0,2020,0.8660254037844386,0.5000000000000001,271594
Mauricie,AGRICOLE,6649921.0,2020,0.8660254037844387,-0.4999999999999998,271594
Mauricie,RÉSIDENTIEL,206338822.0,2020,0.8660254037844387,-0.4999999999999998,271594
Mauricie,AGRICOLE,5287033.0,2020,0.49999999999999994,-0.8660254037844387,271594
Mauricie,COMMERCIAL,56411436.2,2020,0.49999999999999994,-0.8660254037844387,271594
Mauricie,RÉSIDENTIEL,154059020.0,2020,0.49999999999999994,-0.8660254037844387,271594
Mauricie,AGRICOLE,5147859.0,2020,1.2246467991473532e-16,-1.0,271594
Mauricie,COMMERCIAL,58993606.2,2020,1.2246467991473532e-16,-1.0,271594
Mauricie,AGRICOLE,5573072.0,2020,-0.8660254037844385,-0.5000000000000004,271594
Mauricie,INDUSTRIEL,177643432.50253555,2020,-0.8660254037844385,-0.5000000000000004,271594
Mauricie,COMMERCIAL,64225653.0,2020,-0.8660254037844386,0.5000000000000001,271594
Mauricie,INDUSTRIEL,171265278.18246928,2020,-0.5000000000000004,0.8660254037844384,271594
Mauricie,INSTITUTIONNEL,24907548.0,2021,0.49999999999999994,0.8660254037844387,274353
Mauricie,RÉSIDENTIEL,321326365.0,2021,0.49999999999999994,0.8660254037844387,274353
Mauricie,AGRICOLE,9061065.0,2021,0.8660254037844386,0.5000000000000001,274353
Mauricie,AGRICOLE,8307736.0,2021,1.0,6.123233995736766e-17,274353
Mauricie,COMMERCIAL,63210665.4,2021,0.8660254037844387,-0.4999999999999998,274353
Mauricie,INDUSTRIEL,169679763.20193067,2021,0.8660254037844387,-0.4999999999999998,274353
Mauricie,RÉSIDENTIEL,171915592.0,2021,0.8660254037844387,-0.4999999999999998,274353
Mauricie,COMMERCIAL,64018601.8,2021,1.2246467991473532e-16,-1.0,274353
Mauricie,INSTITUTIONNEL,18056169.0,2021,1.2246467991473532e-16,-1.0,274353
Mauricie,RÉSIDENTIEL,124740726.0,2021,1.2246467991473532e-16,-1.0,274353
Mauricie,INDUSTRIEL,175590512.74098307,2021,-0.4999999999999997,-0.8660254037844388,274353
Mauricie,RÉSIDENTIEL,136013834.0,2021,-0.8660254037844385,-0.5000000000000004,274353
Mauricie,AGRICOLE,7685682.0,2021,-0.8660254037844386,0.5000000000000001,274353
Mauricie,COMMERCIAL,62621247.2,2021,-0.8660254037844386,0.5000000000000001,274353
Mauricie,INSTITUTIONNEL,25766617.0,2021,-2.4492935982947064e-16,1.0,274353
Mauricie,COMMERCIAL,100518411.4,2022,0.49999999999999994,0.8660254037844387,278560
Mauricie,INSTITUTIONNEL,28311907.0,2022,0.49999999999999994,0.8660254037844387,278560
Mauricie,COMMERCIAL,68029297.2,2022,0.8660254037844387,-0.4999999999999998,278560
Mauricie,INDUSTRIEL,180434720.6150202,2022,0.8660254037844387,-0.4999999999999998,278560
Mauricie,RÉSIDENTIEL,201892525.0,2022,0.8660254037844387,-0.4999999999999998,278560
Mauricie,COMMERCIAL,63717744.8,2022,0.49999999999999994,-0.8660254037844387,278560
Mauricie,RÉSIDENTIEL,135394575.0,2022,0.49999999999999994,-0.8660254037844387,278560
Mauricie,RÉSIDENTIEL,122669943.0,2022,1.2246467991473532e-16,-1.0,278560
Mauricie,AGRICOLE,5752947.0,2022,-0.4999999999999997,-0.8660254037844388,278560
Mauricie,INDUSTRIEL,179755950.21954685,2022,-0.4999999999999997,-0.8660254037844388,278560
Mauricie,AGRICOLE,5846933.0,2022,-0.8660254037844385,-0.5000000000000004,278560
Mauricie,INDUSTRIEL,169970141.6575883,2022,-0.8660254037844385,-0.5000000000000004,278560
Mauricie,RÉSIDENTIEL,130317101.0,2022,-0.8660254037844385,-0.5000000000000004,278560
Mauricie,INDUSTRIEL,166265003.80548388,2022,-1.0,-1.8369701987210297e-16,278560
Mauricie,INSTITUTIONNEL,20508280.0,2022,-0.8660254037844386,0.5000000000000001,278560
Mauricie,INDUSTRIEL,182855284.978821,2022,-0.5000000000000004,0.8660254037844384,278560
Mauricie,AGRICOLE,9316207.0,2022,-2.4492935982947064e-16,1.0,278560
Mauricie,RÉSIDENTIEL,297471191.0,2022,-2.4492935982947064e-16,1.0,278560
Mauricie,INSTITUTIONNEL,26212794.0,2023,0.49999999999999994,0.8660254037844387,282534
Mauricie,INDUSTRIEL,173893097.05639225,2023,0.8660254037844386,0.5000000000000001,282534
Mauricie,COMMERCIAL,82742640.2,2023,1.0,6.123233995736766e-17,282534
Mauricie,INDUSTRIEL,188605217.5437268,2023,1.0,6.123233995736766e-17,282534
Mauricie,AGRICOLE,5324850.0,2023,1.2246467991473532e-16,-1.0,282534
Mauricie,COMMERCIAL,63607860.8,2023,1.2246467991473532e-16,-1.0,282534
Mauricie,INDUSTRIEL,160435643.92179337,2023,-0.4999999999999997,-0.8660254037844388,282534
Mauricie,AGRICOLE,5714169.0,2023,-0.8660254037844385,-0.5000000000000004,282534
Mauricie,COMMERCIAL,66529083.5,2023,-0.8660254037844385,-0.5000000000000004,282534
Mauricie,INDUSTRIEL,168320493.32384792,2023,-0.8660254037844385,-0.5000000000000004,282534
Mauricie,RÉSIDENTIEL,119907618.0,2023,-1.0,-1.8369701987210297e-16,282534
Mauricie,INDUSTRIEL,170221900.67598504,2023,-0.8660254037844386,0.5000000000000001,282534
Mauricie,INSTITUTIONNEL,20212258.0,2023,-0.8660254037844386,0.5000000000000001,282534
Mauricie,RÉSIDENTIEL,138636409.0,2023,-0.8660254037844386,0.5000000000000001,282534
Mauricie,AGRICOLE,9294918.0,2023,-0.5000000000000004,0.8660254037844384,282534
Mauricie,RÉSIDENTIEL,241811774.0,2023,-0.5000000000000004,0.8660254037844384,282534
Mauricie,AGRICOLE,9455228.0,2023,-2.4492935982947064e-16,1.0,282534
Montréal,RÉSIDENTIEL,1906118857.0,2016,0.49999999999999994,0.8660254037844387,1960740
Montréal,INSTITUTIONNEL,263880857.921802,2016,0.8660254037844386,0.5000000000000001,1960740
Montréal,INSTITUTIONNEL,263787668.762069,2016,1.0,6.123233995736766e-17,1960740
Montréal,COMMERCIAL,802948879.0157574,2016,0.8660254037844387,-0.4999999999999998,1960740
Montréal,INDUSTRIEL,316745483.5672946,2016,0.8660254037844387,-0.4999999999999998,1960740
Montréal,INSTITUTIONNEL,236194549.9,2016,0.8660254037844387,-0.4999999999999998,1960740
Montréal,RÉSIDENTIEL,1097614638.0,2016,0.8660254037844387,-0.4999999999999998,1960740
Montréal,COMMERCIAL,775742777.4777907,2016,0.49999999999999994,-0.8660254037844387,1960740
Montréal,INDUSTRIEL,323978022.32006943,2016,1.2246467991473532e-16,-1.0,1960740
Montréal,AGRICOLE,589795.0,2016,-0.4999999999999997,-0.8660254037844388,1960740
Montréal,INSTITUTIONNEL,218886437.0,2016,-0.4999999999999997,-0.8660254037844388,1960740
Montréal,AGRICOLE,608922.0,2016,-0.8660254037844385,-0.5000000000000004,1960740
Montréal,INDUSTRIEL,342677003.5476508,2016,-0.8660254037844385,-0.5000000000000004,1960740
Montréal,RÉSIDENTIEL,676463939.0,2016,-0.8660254037844385,-0.5000000000000004,1960740
Montréal,COMMERCIAL,769640206.284516,2016,-1.0,-1.8369701987210297e-16,1960740
Montréal,INDUSTRIEL,322455776.3242581,2016,-1.0,-1.8369701987210297e-16,1960740
Montréal,INSTITUTIONNEL,216218475.1,2016,-1.0,-1.8369701987210297e-16,1960740
Montréal,AGRICOLE,600962.0,2016,-0.8660254037844386,0.5000000000000001,1960740
Montréal,COMMERCIAL,811523341.0548388,2016,-0.5000000000000004,0.8660254037844384,1960740
Montréal,INDUSTRIEL,328474021.5667339,2016,-2.4492935982947064e-16,1.0,1960740
Montréal,RÉSIDENTIEL,1809984693.0,2017,0.49999999999999994,0.8660254037844387,1983795
Montréal,COMMERCIAL,885607256.6391706,2017,0.8660254037844386,0.5000000000000001,1983795
Montréal,RÉSIDENTIEL,1598650605.0,2017,0.8660254037844386,0.5000000000000001,1983795
Montréal,AGRICOLE,826629.0,2017,1.0,6.123233995736766e-17,1983795
Montréal,AGRICOLE,612975.0,2017,0.8660254037844387,-0.4999999999999998,1983795
Montréal,RÉSIDENTIEL,978356067.0,2017,0.8660254037844387,-0.4999999999999998,1983795
Montréal,INDUSTRIEL,329968900.86540145,2017,0.49999999999999994,-0.8660254037844387,1983795
Montréal,INSTITUTIONNEL,221178850.8,2017,0.49999999999999994,-0.8660254037844387,1983795
Montréal,COMMERCIAL,772231887.1301075,2017,1.2246467991473532e-16,-1.0,1983795
Montréal,INSTITUTIONNEL,209479922.4,2017,1.2246467991473532e-16,-1.0,1983795
Montréal,INDUSTRIEL,334852759.32715845,2017,-0.4999999999999997,-0.8660254037844388,1983795
Montréal,INDUSTRIEL,345254032.1648575,2017,-0.8660254037844385,-0.5000000000000004,1983795
Montréal,INSTITUTIONNEL,216076423.8,2017,-0.8660254037844385,-0.5000000000000004,1983795
Montréal,RÉSIDENTIEL,619557108.0,2017,-0.8660254037844385,-0.5000000000000004,1983795
Montréal,AGRICOLE,540488.0,2017,-1.0,-1.8369701987210297e-16,1983795
Montréal,COMMERCIAL,773688648.6161289,2017,-1.0,-1.8369701987210297e-16,1983795
Montréal,INDUSTRIEL,327902627.9558484,2017,-1.0,-1.8369701987210297e-16,1983795
Montréal,RÉSIDENTIEL,596489172.0,2017,-1.0,-1.8369701987210297e-16,1983795
Montréal,RÉSIDENTIEL,657196465.0,2017,-0.8660254037844386,0.5000000000000001,1983795
Montréal,INDUSTRIEL,329740844.5114773,2017,-0.5000000000000004,0.8660254037844384,1983795
Montréal,INSTITUTIONNEL,239087351.9,2017,-0.5000000000000004,0.8660254037844384,1983795
Montréal,RÉSIDENTIEL,1295514781.0,2017,-0.5000000000000004,0.8660254037844384,1983795
Montréal,RÉSIDENTIEL,2026346098.0,2017,-2.4492935982947064e-16,1.0,1983795
Montréal,COMMERCIAL,1070942584.88477,2018,0.49999999999999994,0.8660254037844387,2023837
Montréal,INDUSTRIEL,320296980.70088536,2018,0.8660254037844386,0.5000000000000001,2023837
Montréal,INSTITUTIONNEL,244736186.4,2018,0.8660254037844386,0.5000000000000001,2023837
Montréal,RÉSIDENTIEL,1628673820.0,2018,0.8660254037844386,0.5000000000000001,2023837
Montréal,AGRICOLE,726430.0,2018,1.0,6.123233995736766e-17,2023837
Montréal,INSTITUTIONNEL,253302477.8,2018,1.0,6.123233995736766e-17,2023837
Montréal,RÉSIDENTIEL,1499360451.0,2018,1.0,6.123233995736766e-17,2023837
Montréal,AGRICOLE,580889.0,2018,0.8660254037844387,-0.4999999999999998,2023837
Montréal,COMMERCIAL,792255467.0992864,2018,0.49999999999999994,-0.8660254037844387,2023837
Montréal,INDUSTRIEL,325610341.7091304,2018,0.49999999999999994,-0.8660254037844387,2023837
Montréal,INSTITUTIONNEL,212173474.8,2018,0.49999999999999994,-0.8660254037844387,2023837
Montréal,RÉSIDENTIEL,654375600.0,2018,0.49999999999999994,-0.8660254037844387,2023837
Montréal,INDUSTRIEL,324955605.6675693,2018,1.2246467991473532e-16,-1.0,2023837
Montréal,RÉSIDENTIEL,611745140.0,2018,1.2246467991473532e-16,-1.0,2023837
Montréal,COMMERCIAL,889841608.3107526,2018,-0.4999999999999997,-0.8660254037844388,2023837
Montréal,INDUSTRIEL,343050111.636521,2018,-0.4999999999999997,-0.8660254037844388,2023837
Montréal,RÉSIDENTIEL,720507473.0,2018,-0.4999999999999997,-0.8660254037844388,2023837
Montréal,COMMERCIAL,892132129.6193547,2018,-0.8660254037844385,-0.5000000000000004,2023837
Montréal,INDUSTRIEL,349437915.29653555,2018,-0.8660254037844385,-0.5000000000000004,2023837
Montréal,COMMERCIAL,787504001.8698926,2018,-1.0,-1.8369701987210297e-16,2023837
Montréal,INDUSTRIEL,321778457.60113955,2018,-1.0,-1.8369701987210297e-16,2023837
Montréal,RÉSIDENTIEL,606785488.0,2018,-1.0,-1.8369701987210297e-16,2023837
Montréal,AGRICOLE,656357.0,2018,-0.8660254037844386,0.5000000000000001,2023837
Montréal,COMMERCIAL,823884185.3107525,2018,-0.8660254037844386,0.5000000000000001,2023837
Montréal,RÉSIDENTIEL,956467459.0,2018,-0.8660254037844386,0.5000000000000001,2023837
Montréal,AGRICOLE,787988.0,2018,-0.5000000000000004,0.8660254037844384,2023837
Montréal,INSTITUTIONNEL,247770029.40000004,2018,-0.5000000000000004,0.8660254037844384,2023837
Montréal,INDUSTRIEL,332460196.9356268,2018,-2.4492935982947064e-16,1.0,2023837
Montréal,RÉSIDENTIEL,1865512212.0,2018,-2.4492935982947064e-16,1.0,2023837
Montréal,AGRICOLE,1010616.0,2019,0.49999999999999994,0.8660254037844387,2059126
Montréal,INDUSTRIEL,323342845.5823881,2019,0.8660254037844386,0.5000000000000001,2059126
Montréal,AGRICOLE,780095.0,2019,1.0,6.123233995736766e-17,2059126
Montréal,INDUSTRIEL,339209405.4431524,2019,1.0,6.123233995736766e-17,2059126
Montréal,RÉSIDENTIEL,1115550917.0,2019,0.8660254037844387,-0.4999999999999998,2059126
Montréal,AGRICOLE,515922.0,2019,0.49999999999999994,-0.8660254037844387,2059126
Montréal,INDUSTRIEL,317357240.1252462,2019,0.49999999999999994,-0.8660254037844387,2059126
Montréal,RÉSIDENTIEL,736212611.0,2019,0.49999999999999994,-0.8660254037844387,2059126
Montréal,AGRICOLE,496693.0,2019,1.2246467991473532e-16,-1.0,2059126
Montréal,INDUSTRIEL,314201114.0936531,2019,1.2246467991473532e-16,-1.0,2059126
Montréal,INDUSTRIEL,341839235.25825644,2019,-0.4999999999999997,-0.8660254037844388,2059126
Montréal,COMMERCIAL,843432889.0290322,2019,-0.8660254037844385,-0.5000000000000004,2059126
Montréal,INSTITUTIONNEL,208503827.3,2019,-0.8660254037844385,-0.5000000000000004,2059126
Montréal,AGRICOLE,616515.0,2019,-1.0,-1.8369701987210297e-16,2059126
Montréal,INSTITUTIONNEL,216461098.80000004,2019,-0.8660254037844386,0.5000000000000001,2059126
Montréal,RÉSIDENTIEL,787850786.0,2019,-0.8660254037844386,0.5000000000000001,2059126
Montréal,COMMERCIAL,906605540.7225808,2019,-0.5000000000000004,0.8660254037844384,2059126
Montréal,AGRICOLE,1044144.0,2019,-2.4492935982947064e-16,1.0,2059126
Montréal,COMMERCIAL,994796402.9741936,2019,-2.4492935982947064e-16,1.0,2059126
Montréal,INDUSTRIEL,332462837.74784184,2019,-2.4492935982947064e-16,1.0,2059126
Montréal,INSTITUTIONNEL,260246505.4,2019,-2.4492935982947064e-16,1.0,2059126
Montréal,RÉSIDENTIEL,1829365675.0,2019,-2.4492935982947064e-16,1.0,2059126
Montréal,INDUSTRIEL,341290875.1597365,2020,0.49999999999999994,0.8660254037844387,2061967
Montréal,RÉSIDENTIEL,1900201137.0,2020,0.49999999999999994,0.8660254037844387,2061967
Montréal,RÉSIDENTIEL,1746878413.0,2020,0.8660254037844386,0.5000000000000001,2061967
Montréal,AGRICOLE,925470.0,2020,1.0,6.123233995736766e-17,2061967
Montréal,COMMERCIAL,884213374.5965519,2020,1.0,6.123233995736766e-17,2061967
Montréal,INSTITUTIONNEL,240487226.00000003,2020,1.0,6.123233995736766e-17,2061967
Montréal,RÉSIDENTIEL,1478121362.0,2020,1.0,6.123233995736766e-17,2061967
Montréal,INDUSTRIEL,271967139.99484974,2020,0.8660254037844387,-0.4999999999999998,2061967
Montréal,INSTITUTIONNEL,192313805.0,2020,0.8660254037844387,-0.4999999999999998,2061967
Montréal,COMMERCIAL,701218590.3451612,2020,0.49999999999999994,-0.8660254037844387,2061967
Montréal,INSTITUTIONNEL,186181452.8,2020,0.49999999999999994,-0.8660254037844387,2061967
Montréal,COMMERCIAL,729313540.4319221,2020,1.2246467991473532e-16,-1.0,2061967
Montréal,INDUSTRIEL,324778772.887682,2020,-0.4999999999999997,-0.8660254037844388,2061967
Montréal,INSTITUTIONNEL,200512790.5,2020,-0.4999999999999997,-0.8660254037844388,2061967
Montréal,RÉSIDENTIEL,767835445.0,2020,-0.4999999999999997,-0.8660254037844388,2061967
Montréal,COMMERCIAL,788748503.0354837,2020,-0.8660254037844385,-0.5000000000000004,2061967
Montréal,INSTITUTIONNEL,200152216.3,2020,-0.8660254037844385,-0.5000000000000004,2061967
Montréal,RÉSIDENTIEL,679054842.0,2020,-0.8660254037844385,-0.5000000000000004,2061967
Montréal,AGRICOLE,717700.0,2020,-1.0,-1.8369701987210297e-16,2061967
Montréal,AGRICOLE,880287.0,2020,-0.8660254037844386,0.5000000000000001,2061967
Montréal,COMMERCIAL,743450361.3193549,2020,-0.8660254037844386,0.5000000000000001,2061967
Montréal,RÉSIDENTIEL,855236557.0,2020,-0.8660254037844386,0.5000000000000001,2061967
Montréal,AGRICOLE,990599.0,2020,-0.5000000000000004,0.8660254037844384,2061967
Montréal,COMMERCIAL,795277301.2806453,2020,-0.5000000000000004,0.8660254037844384,2061967
Montréal,AGRICOLE,1201015.0,2020,-2.4492935982947064e-16,1.0,2061967
Montréal,COMMERCIAL,923147543.7903228,2020,-2.4492935982947064e-16,1.0,2061967
Montréal,AGRICOLE,1268605.0,2021,0.49999999999999994,0.8660254037844387,2015879
Montréal,INSTITUTIONNEL,251272166.2,2021,0.49999999999999994,0.8660254037844387,2015879
Montréal,RÉSIDENTIEL,1920874442.0,2021,0.49999999999999994,0.8660254037844387,2015879
Montréal,COMMERCIAL,896808537.7516128,2021,0.8660254037844386,0.5000000000000001,2015879
Montréal,INDUSTRIEL,318789550.1762508,2021,0.8660254037844386,0.5000000000000001,2015879
Montréal,AGRICOLE,1142364.0,2021,1.0,6.123233995736766e-17,2015879
Montréal,COMMERCIAL,738636508.0333333,2021,0.8660254037844387,-0.4999999999999998,2015879
Montréal,INDUSTRIEL,302808177.9567313,2021,0.8660254037844387,-0.4999999999999998,2015879
Montréal,AGRICOLE,1008930.0,2021,0.49999999999999994,-0.8660254037844387,2015879
Montréal,INDUSTRIEL,313719395.7798729,2021,0.49999999999999994,-0.8660254037844387,2015879
Montréal,INSTITUTIONNEL,190281985.5,2021,0.49999999999999994,-0.8660254037844387,2015879
Montréal,INSTITUTIONNEL,190657216.7,2021,1.2246467991473532e-16,-1.0,2015879
Montréal,COMMERCIAL,802079720.9817204,2021,-0.4999999999999997,-0.8660254037844388,2015879
Montréal,AGRICOLE,1225690.0,2021,-0.8660254037844385,-0.5000000000000004,2015879
Montréal,INDUSTRIEL,330967259.2842151,2021,-0.8660254037844385,-0.5000000000000004,2015879
Montréal,COMMERCIAL,746479590.2451615,2021,-1.0,-1.8369701987210297e-16,2015879
Montréal,INSTITUTIONNEL,188053475.00000003,2021,-1.0,-1.8369701987210297e-16,2015879
Montréal,RÉSIDENTIEL,576368718.0,2021,-1.0,-1.8369701987210297e-16,2015879
Montréal,INSTITUTIONNEL,195256553.5,2021,-0.8660254037844386,0.5000000000000001,2015879
Montréal,RÉSIDENTIEL,725064580.0,2021,-0.8660254037844386,0.5000000000000001,2015879
Montréal,COMMERCIAL,834115255.2419356,2021,-0.5000000000000004,0.8660254037844384,2015879
Montréal,COMMERCIAL,964841446.7741936,2021,-2.4492935982947064e-16,1.0,2015879
Montréal,INSTITUTIONNEL,248390484.8,2021,-2.4492935982947064e-16,1.0,2015879
Montréal,AGRICOLE,1569206.0,2022,0.49999999999999994,0.8660254037844387,2035975
Montréal,INDUSTRIEL,346658499.6619202,2022,0.49999999999999994,0.8660254037844387,2035975
Montréal,RÉSIDENTIEL,2392959200.0,2022,0.49999999999999994,0.8660254037844387,2035975
Montréal,COMMERCIAL,957464876.2692872,2022,0.8660254037844386,0.5000000000000001,2035975
Montréal,INSTITUTIONNEL,250092988.1,2022,1.0,6.123233995736766e-17,2035975
Montréal,AGRICOLE,1190354.0,2022,0.8660254037844387,-0.4999999999999998,2035975
Montréal,COMMERCIAL,792339618.0333334,2022,0.8660254037844387,-0.4999999999999998,2035975
Montréal,INDUSTRIEL,302181572.7491245,2022,0.8660254037844387,-0.4999999999999998,2035975
Montréal,AGRICOLE,1183051.0,2022,0.49999999999999994,-0.8660254037844387,2035975
Montréal,INSTITUTIONNEL,195398701.7,2022,0.49999999999999994,-0.8660254037844387,2035975
Montréal,RÉSIDENTIEL,680334014.0,2022,0.49999999999999994,-0.8660254037844387,2035975
Montréal,AGRICOLE,1192446.0,2022,1.2246467991473532e-16,-1.0,2035975
Montréal,AGRICOLE,1253015.0,2022,-0.4999999999999997,-0.8660254037844388,2035975
Montréal,INDUSTRIEL,323421375.6796951,2022,-0.4999999999999997,-0.8660254037844388,2035975
Montréal,COMMERCIAL,833903058.7064517,2022,-0.8660254037844385,-0.5000000000000004,2035975
Montréal,INDUSTRIEL,324980971.36886185,2022,-0.8660254037844385,-0.5000000000000004,2035975
Montréal,INSTITUTIONNEL,191450620.50000003,2022,-1.0,-1.8369701987210297e-16,2035975
Montréal,RÉSIDENTIEL,603180603.0,2022,-1.0,-1.8369701987210297e-16,2035975
Montréal,INDUSTRIEL,303913499.9074808,2022,-0.8660254037844386,0.5000000000000001,2035975
Montréal,INDUSTRIEL,320824142.0943881,2022,-0.5000000000000004,0.8660254037844384,2035975
Montréal,INSTITUTIONNEL,219325199.7,2022,-0.5000000000000004,0.8660254037844384,2035975
Montréal,AGRICOLE,1358319.0,2022,-2.4492935982947064e-16,1.0,2035975
Montréal,INDUSTRIEL,320243333.4829697,2022,-2.4492935982947064e-16,1.0,2035975
Montréal,RÉSIDENTIEL,1674124836.0,2022,-2.4492935982947064e-16,1.0,2035975
Montréal,INDUSTRIEL,333343046.1293037,2023,0.49999999999999994,0.8660254037844387,2109525
Montréal,AGRICOLE,1274159.0,2023,1.0,6.123233995736766e-17,2109525
Montréal,COMMERCIAL,931223403.2214284,2023,1.0,6.123233995736766e-17,2109525
Montréal,INSTITUTIONNEL,245711508.5,2023,1.0,6.123233995736766e-17,2109525
Montréal,AGRICOLE,1098626.0,2023,0.8660254037844387,-0.4999999999999998,2109525
Montréal,INDUSTRIEL,296939685.49650073,2023,0.8660254037844387,-0.4999999999999998,2109525
Montréal,INSTITUTIONNEL,203556071.0,2023,0.8660254037844387,-0.4999999999999998,2109525
Montréal,AGRICOLE,1144636.0,2023,0.49999999999999994,-0.8660254037844387,2109525
Montréal,INSTITUTIONNEL,195862656.1,2023,0.49999999999999994,-0.8660254037844387,2109525
Montréal,INSTITUTIONNEL,187959533.3,2023,1.2246467991473532e-16,-1.0,2109525
Montréal,RÉSIDENTIEL,637714836.0,2023,1.2246467991473532e-16,-1.0,2109525
Montréal,COMMERCIAL,836233387.5387095,2023,-0.4999999999999997,-0.8660254037844388,2109525
Montréal,RÉSIDENTIEL,713980173.0,2023,-0.4999999999999997,-0.8660254037844388,2109525
Montréal,INDUSTRIEL,318721535.00516325,2023,-0.8660254037844385,-0.5000000000000004,2109525
Montréal,INSTITUTIONNEL,196867963.9,2023,-0.8660254037844385,-0.5000000000000004,2109525
Montréal,RÉSIDENTIEL,607673050.0,2023,-1.0,-1.8369701987210297e-16,2109525
Montréal,INDUSTRIEL,324116342.6851728,2023,-0.5000000000000004,0.8660254037844384,2109525
Montréal,RÉSIDENTIEL,1323450891.0,2023,-0.5000000000000004,0.8660254037844384,2109525
Montréal,RÉSIDENTIEL,1641326799.0,2023,-2.4492935982947064e-16,1.0,2109525
Montérégie,AGRICOLE,41704531.0,2016,0.8660254037844386,0.5000000000000001,1379361
Montérégie,COMMERCIAL,362081631.8,2016,0.8660254037844386,0.5000000000000001,1379361
Montérégie,AGRICOLE,40412720.0,2016,1.0,6.123233995736766e-17,1379361
Montérégie,COMMERCIAL,345482781.0,2016,1.0,6.123233995736766e-17,1379361
Montérégie,INDUSTRIEL,899104404.2347425,2016,1.0,6.123233995736766e-17,1379361
Montérégie,INSTITUTIONNEL,127893022.60344829,2016,1.0,6.123233995736766e-17,1379361
Montérégie,INSTITUTIONNEL,111670471.51333334,2016,0.8660254037844387,-0.4999999999999998,1379361
Montérégie,RÉSIDENTIEL,925728471.0,2016,0.8660254037844387,-0.4999999999999998,1379361
Montérégie,AGRICOLE,31614423.0,2016,0.49999999999999994,-0.8660254037844387,1379361
Montérégie,COMMERCIAL,295202425.2,2016,0.49999999999999994,-0.8660254037844387,1379361
Montérégie,RÉSIDENTIEL,648617477.0,2016,0.49999999999999994,-0.8660254037844387,1379361
Montérégie,INDUSTRIEL,736388565.505722,2016,1.2246467991473532e-16,-1.0,1379361
Montérégie,RÉSIDENTIEL,627766930.0,2016,-0.4999999999999997,-0.8660254037844388,1379361
Montérégie,AGRICOLE,34094202.0,2016,-1.0,-1.8369701987210297e-16,1379361
Montérégie,INDUSTRIEL,773657611.6178342,2016,-1.0,-1.8369701987210297e-16,1379361
Montérégie,AGRICOLE,39555851.0,2016,-0.8660254037844386,0.5000000000000001,1379361
Montérégie,INDUSTRIEL,736911659.2820892,2016,-0.8660254037844386,0.5000000000000001,1379361
Montérégie,RÉSIDENTIEL,912911673.0,2016,-0.5000000000000004,0.8660254037844384,1379361
Montérégie,INSTITUTIONNEL,133154790.97948664,2016,-2.4492935982947064e-16,1.0,1379361
Montérégie,AGRICOLE,47571473.0,2017,0.49999999999999994,0.8660254037844387,1392341
Montérégie,INDUSTRIEL,814597834.7237376,2017,0.49999999999999994,0.8660254037844387,1392341
Montérégie,RÉSIDENTIEL,1432664830.0,2017,0.49999999999999994,0.8660254037844387,1392341
Montérégie,AGRICOLE,42418291.0,2017,0.8660254037844386,0.5000000000000001,1392341
Montérégie,COMMERCIAL,346880176.0,2017,0.8660254037844386,0.5000000000000001,1392341
Montérégie,INSTITUTIONNEL,122859883.32903226,2017,0.8660254037844386,0.5000000000000001,1392341
Montérégie,RÉSIDENTIEL,1262556318.0,2017,0.8660254037844386,0.5000000000000001,1392341
Montérégie,RÉSIDENTIEL,1377999776.0,2017,1.0,6.123233995736766e-17,1392341
Montérégie,AGRICOLE,35934435.0,2017,0.8660254037844387,-0.4999999999999998,1392341
Montérégie,AGRICOLE,33272770.0,2017,0.49999999999999994,-0.8660254037844387,1392341
Montérégie,COMMERCIAL,296734440.5,2017,0.49999999999999994,-0.8660254037844387,1392341
Montérégie,INSTITUTIONNEL,101468438.18580644,2017,0.49999999999999994,-0.8660254037844387,1392341
Montérégie,INDUSTRIEL,753697463.949515,2017,1.2246467991473532e-16,-1.0,1392341
Montérégie,INSTITUTIONNEL,95328647.24086022,2017,1.2246467991473532e-16,-1.0,1392341
Montérégie,RÉSIDENTIEL,598312036.0,2017,1.2246467991473532e-16,-1.0,1392341
Montérégie,COMMERCIAL,309058621.3,2017,-0.4999999999999997,-0.8660254037844388,1392341
Montérégie,RÉSIDENTIEL,612172707.0,2017,-0.8660254037844385,-0.5000000000000004,1392341
Montérégie,INDUSTRIEL,743345597.079861,2017,-1.0,-1.8369701987210297e-16,1392341
Montérégie,AGRICOLE,39595112.0,2017,-0.8660254037844386,0.5000000000000001,1392341
Montérégie,INSTITUTIONNEL,119943929.2309238,2017,-0.5000000000000004,0.8660254037844384,1392341
Montérégie,AGRICOLE,52856408.0,2017,-2.4492935982947064e-16,1.0,1392341
Montérégie,COMMERCIAL,430700047.2,2018,0.49999999999999994,0.8660254037844387,1409425
Montérégie,AGRICOLE,43921025.0,2018,0.8660254037844386,0.5000000000000001,1409425
Montérégie,AGRICOLE,44330381.0,2018,1.0,6.123233995736766e-17,1409425
Montérégie,INDUSTRIEL,821480320.7905716,2018,1.0,6.123233995736766e-17,1409425
Montérégie,INSTITUTIONNEL,128784485.0,2018,1.0,6.123233995736766e-17,1409425
Montérégie,RÉSIDENTIEL,1215490921.0,2018,1.0,6.123233995736766e-17,1409425
Montérégie,INDUSTRIEL,735023211.2800814,2018,0.8660254037844387,-0.4999999999999998,1409425
Montérégie,RÉSIDENTIEL,994262644.0,2018,0.8660254037844387,-0.4999999999999998,1409425
Montérégie,INSTITUTIONNEL,101524232.7961952,2018,0.49999999999999994,-0.8660254037844387,1409425
Montérégie,RÉSIDENTIEL,602289206.0,2018,0.49999999999999994,-0.8660254037844387,1409425
Montérégie,INDUSTRIEL,692594810.7637252,2018,1.2246467991473532e-16,-1.0,1409425
Montérégie,COMMERCIAL,344951953.8,2018,-0.4999999999999997,-0.8660254037844388,1409425
Montérégie,INDUSTRIEL,697831442.1319432,2018,-0.4999999999999997,-0.8660254037844388,1409425
Montérégie,INSTITUTIONNEL,103601348.39229998,2018,-0.4999999999999997,-0.8660254037844388,1409425
Montérégie,AGRICOLE,38356267.0,2018,-0.8660254037844385,-0.5000000000000004,1409425
Montérégie,RÉSIDENTIEL,667779646.0,2018,-0.8660254037844385,-0.5000000000000004,1409425
Montérégie,INDUSTRIEL,705059860.558894,2018,-1.0,-1.8369701987210297e-16,1409425
Montérégie,COMMERCIAL,322793320.0,2018,-0.8660254037844386,0.5000000000000001,1409425
Montérégie,RÉSIDENTIEL,787267950.0,2018,-0.8660254037844386,0.5000000000000001,1409425
Montérégie,RÉSIDENTIEL,1167611834.0,2018,-0.5000000000000004,0.8660254037844384,1409425
Montérégie,COMMERCIAL,401940552.9,2018,-2.4492935982947064e-16,1.0,1409425
Montérégie,AGRICOLE,47553247.0,2019,0.8660254037844386,0.5000000000000001,1428377
Montérégie,INDUSTRIEL,746787839.1258701,2019,1.0,6.123233995736766e-17,1428377
Montérégie,INSTITUTIONNEL,141818719.770734,2019,1.0,6.123233995736766e-17,1428377
Montérégie,RÉSIDENTIEL,1338771208.0,2019,1.0,6.123233995736766e-17,1428377
Montérégie,AGRICOLE,38651325.0,2019,0.8660254037844387,-0.4999999999999998,1428377
Montérégie,INSTITUTIONNEL,121990298.68666668,2019,0.8660254037844387,-0.4999999999999998,1428377
Montérégie,RÉSIDENTIEL,950995707.0,2019,0.8660254037844387,-0.4999999999999998,1428377
Montérégie,AGRICOLE,34106866.0,2019,0.49999999999999994,-0.8660254037844387,1428377
Montérégie,INDUSTRIEL,709275235.3346864,2019,1.2246467991473532e-16,-1.0,1428377
Montérégie,COMMERCIAL,345309172.70000005,2019,-0.4999999999999997,-0.8660254037844388,1428377
Montérégie,AGRICOLE,37214002.0,2019,-0.8660254037844385,-0.5000000000000004,1428377
Montérégie,RÉSIDENTIEL,636256452.0,2019,-0.8660254037844385,-0.5000000000000004,1428377
Montérégie,AGRICOLE,34215772.0,2019,-1.0,-1.8369701987210297e-16,1428377
Montérégie,INSTITUTIONNEL,101641143.827957,2019,-1.0,-1.8369701987210297e-16,1428377
Montérégie,AGRICOLE,39935675.0,2019,-0.8660254037844386,0.5000000000000001,1428377
Montérégie,COMMERCIAL,315122491.50000006,2019,-0.8660254037844386,0.5000000000000001,1428377
Montérégie,INDUSTRIEL,788165475.0558679,2019,-0.8660254037844386,0.5000000000000001,1428377
Montérégie,AGRICOLE,52973164.0,2019,-0.5000000000000004,0.8660254037844384,1428377
Montérégie,COMMERCIAL,369047043.3,2019,-0.5000000000000004,0.8660254037844384,1428377
Montérégie,INSTITUTIONNEL,133865360.08116063,2019,-0.5000000000000004,0.8660254037844384,1428377
Montérégie,COMMERCIAL,409463985.6,2019,-2.4492935982947064e-16,1.0,1428377
Montérégie,INSTITUTIONNEL,146521403.07704556,2019,-2.4492935982947064e-16,1.0,1428377
Montérégie,RÉSIDENTIEL,1478934155.0,2019,-2.4492935982947064e-16,1.0,1428377
Montérégie,AGRICOLE,51287991.0,2020,0.49999999999999994,0.8660254037844387,1444581
Montérégie,COMMERCIAL,418814905.3,2020,0.49999999999999994,0.8660254037844387,1444581
Montérégie,COMMERCIAL,354283420.4,2020,1.0,6.123233995736766e-17,1444581
Montérégie,AGRICOLE,38735779.0,2020,0.8660254037844387,-0.4999999999999998,1444581
Montérégie,INSTITUTIONNEL,109109451.5,2020,0.8660254037844387,-0.4999999999999998,1444581
Montérégie,COMMERCIAL,281960347.6,2020,0.49999999999999994,-0.8660254037844387,1444581
Montérégie,AGRICOLE,35099996.0,2020,1.2246467991473532e-16,-1.0,1444581
Montérégie,COMMERCIAL,298302095.2,2020,1.2246467991473532e-16,-1.0,1444581
Montérégie,INSTITUTIONNEL,93866660.81021506,2020,1.2246467991473532e-16,-1.0,1444581
Montérégie,AGRICOLE,40228505.0,2020,-0.4999999999999997,-0.8660254037844388,1444581
Montérégie,INSTITUTIONNEL,102211563.06075267,2020,-0.4999999999999997,-0.8660254037844388,1444581
Montérégie,COMMERCIAL,301228948.0,2020,-1.0,-1.8369701987210297e-16,1444581
Montérégie,INDUSTRIEL,718615972.8285167,2020,-0.8660254037844386,0.5000000000000001,1444581
Montérégie,INDUSTRIEL,701739217.1817701,2020,-0.5000000000000004,0.8660254037844384,1444581
Montérégie,INSTITUTIONNEL,116462092.03548388,2020,-0.5000000000000004,0.8660254037844384,1444581
Montérégie,INSTITUTIONNEL,135465139.8419355,2020,-2.4492935982947064e-16,1.0,1444581
Montérégie,COMMERCIAL,403547814.9,2021,0.49999999999999994,0.8660254037844387,1456782
Montérégie,AGRICOLE,48881430.0,2021,0.8660254037844386,0.5000000000000001,1456782
Montérégie,INDUSTRIEL,735577752.2677069,2021,0.8660254037844386,0.5000000000000001,1456782
Montérégie,RÉSIDENTIEL,1451948260.0,2021,0.8660254037844386,0.5000000000000001,1456782
Montérégie,INSTITUTIONNEL,135835120.50666666,2021,1.0,6.123233995736766e-17,1456782
Montérégie,INSTITUTIONNEL,111349474.27666666,2021,0.8660254037844387,-0.4999999999999998,1456782
Montérégie,INDUSTRIEL,791642746.1438594,2021,0.49999999999999994,-0.8660254037844387,1456782
Montérégie,INSTITUTIONNEL,106156777.82010752,2021,0.49999999999999994,-0.8660254037844387,1456782
Montérégie,AGRICOLE,37533431.0,2021,1.2246467991473532e-16,-1.0,1456782
Montérégie,INDUSTRIEL,763393265.1949885,2021,-0.4999999999999997,-0.8660254037844388,1456782
Montérégie,INSTITUTIONNEL,103748573.9980645,2021,-0.4999999999999997,-0.8660254037844388,1456782
Montérégie,RÉSIDENTIEL,689080974.0,2021,-0.4999999999999997,-0.8660254037844388,1456782
Montérégie,AGRICOLE,42539563.0,2021,-0.8660254037844385,-0.5000000000000004,1456782
Montérégie,AGRICOLE,38138184.0,2021,-1.0,-1.8369701987210297e-16,1456782
Montérégie,COMMERCIAL,315370062.99999994,2021,-1.0,-1.8369701987210297e-16,1456782
Montérégie,COMMERCIAL,319763103.2,2021,-0.8660254037844386,0.5000000000000001,1456782
Montérégie,RÉSIDENTIEL,654158785.0,2021,-0.8660254037844386,0.5000000000000001,1456782
Montérégie,AGRICOLE,52221074.0,2021,-0.5000000000000004,0.8660254037844384,1456782
Montérégie,COMMERCIAL,355850269.2,2021,-0.5000000000000004,0.8660254037844384,1456782
Montérégie,RÉSIDENTIEL,1012003528.0,2021,-0.5000000000000004,0.8660254037844384,1456782
Montérégie,INSTITUTIONNEL,143361726.34103447,2022,0.8660254037844386,0.5000000000000001,1471331
Montérégie,AGRICOLE,51196115.0,2022,1.0,6.123233995736766e-17,1471331
Montérégie,COMMERCIAL,402310673.1,2022,1.0,6.123233995736766e-17,1471331
Montérégie,INSTITUTIONNEL,143367771.89,2022,1.0,6.123233995736766e-17,1471331
Montérégie,AGRICOLE,41818806.0,2022,0.8660254037844387,-0.4999999999999998,1471331
Montérégie,AGRICOLE,36773950.0,2022,0.49999999999999994,-0.8660254037844387,1471331
Montérégie,COMMERCIAL,333506038.8,2022,0.49999999999999994,-0.8660254037844387,1471331
Montérégie,RÉSIDENTIEL,646805939.0,2022,1.2246467991473532e-16,-1.0,1471331
Montérégie,INDUSTRIEL,742990303.6556005,2022,-0.4999999999999997,-0.8660254037844388,1471331
Montérégie,RÉSIDENTIEL,717461705.0,2022,-0.4999999999999997,-0.8660254037844388,1471331
Montérégie,COMMERCIAL,353923528.79999995,2022,-0.8660254037844385,-0.5000000000000004,1471331
Montérégie,INSTITUTIONNEL,107720706.19032258,2022,-0.8660254037844385,-0.5000000000000004,1471331
Montérégie,RÉSIDENTIEL,703121538.0,2022,-0.8660254037844385,-0.5000000000000004,1471331
Montérégie,AGRICOLE,38739661.0,2022,-1.0,-1.8369701987210297e-16,1471331
Montérégie,INDUSTRIEL,728220723.55564,2022,-1.0,-1.8369701987210297e-16,1471331
Montérégie,AGRICOLE,48209980.0,2022,-0.8660254037844386,0.5000000000000001,1471331
Montérégie,AGRICOLE,53444443.0,2022,-2.4492935982947064e-16,1.0,1471331
Montérégie,INSTITUTIONNEL,146672433.94638488,2023,0.49999999999999994,0.8660254037844387,1492662
Montérégie,RÉSIDENTIEL,1504479407.0,2023,0.49999999999999994,0.8660254037844387,1492662
Montérégie,INDUSTRIEL,671048556.6757661,2023,0.8660254037844386,0.5000000000000001,1492662
Montérégie,INSTITUTIONNEL,141000287.13770115,2023,0.8660254037844386,0.5000000000000001,1492662
Montérégie,INSTITUTIONNEL,141982699.39333332,2023,1.0,6.123233995736766e-17,1492662
Montérégie,RÉSIDENTIEL,1267053412.0,2023,1.0,6.123233995736766e-17,1492662
Montérégie,AGRICOLE,42164749.0,2023,0.8660254037844387,-0.4999999999999998,1492662
Montérégie,INDUSTRIEL,762685947.95032,2023,0.49999999999999994,-0.8660254037844387,1492662
Montérégie,INSTITUTIONNEL,109440622.69801895,2023,0.49999999999999994,-0.8660254037844387,1492662
Montérégie,INSTITUTIONNEL,103841355.7582258,2023,1.2246467991473532e-16,-1.0,1492662
Montérégie,RÉSIDENTIEL,667424597.0,2023,1.2246467991473532e-16,-1.0,1492662
Montérégie,INDUSTRIEL,651391958.9543366,2023,-0.4999999999999997,-0.8660254037844388,1492662
Montérégie,INSTITUTIONNEL,109887599.65088646,2023,-0.4999999999999997,-0.8660254037844388,1492662
Montérégie,AGRICOLE,41263321.0,2023,-0.8660254037844385,-0.5000000000000004,1492662
Montérégie,INSTITUTIONNEL,107395800.5896774,2023,-1.0,-1.8369701987210297e-16,1492662
Montérégie,RÉSIDENTIEL,628764460.0,2023,-1.0,-1.8369701987210297e-16,1492662
Montérégie,AGRICOLE,47579108.0,2023,-0.8660254037844386,0.5000000000000001,1492662
Montérégie,COMMERCIAL,333053484.5,2023,-0.8660254037844386,0.5000000000000001,1492662
Montérégie,INSTITUTIONNEL,114725659.46193548,2023,-0.8660254037844386,0.5000000000000001,1492662
Montérégie,AGRICOLE,57441591.0,2023,-0.5000000000000004,0.8660254037844384,1492662
Montérégie,AGRICOLE,55058998.0,2023,-2.4492935982947064e-16,1.0,1492662
Montérégie,COMMERCIAL,409285985.3,2023,-2.4492935982947064e-16,1.0,1492662
Montérégie,INSTITUTIONNEL,143471958.53548387,2023,-2.4492935982947064e-16,1.0,1492662
Nord-du-Québec,AGRICOLE,46955.0,2016,0.49999999999999994,0.8660254037844387,44683
Nord-du-Québec,RÉSIDENTIEL,40672487.0,2016,0.49999999999999994,0.8660254037844387,44683
Nord-du-Québec,AGRICOLE,44144.0,2016,0.8660254037844386,0.5000000000000001,44683
Nord-du-Québec,INSTITUTIONNEL,27624927.5,2016,0.8660254037844386,0.5000000000000001,44683
Nord-du-Québec,RÉSIDENTIEL,35562720.0,2016,0.8660254037844386,0.5000000000000001,44683
Nord-du-Québec,INDUSTRIEL,48954779.52424242,2016,1.0,6.123233995736766e-17,44683
Nord-du-Québec,INSTITUTIONNEL,27736587.6,2016,1.0,6.123233995736766e-17,44683
Nord-du-Québec,AGRICOLE,,2016,0.8660254037844387,-0.4999999999999998,44683
Nord-du-Québec,COMMERCIAL,,2016,0.8660254037844387,-0.4999999999999998,44683
Nord-du-Québec,COMMERCIAL,12118233.0,2016,1.2246467991473532e-16,-1.0,44683
Nord-du-Québec,INSTITUTIONNEL,18852210.6,2016,1.2246467991473532e-16,-1.0,44683
Nord-du-Québec,COMMERCIAL,11838731.0,2016,-0.4999999999999997,-0.8660254037844388,44683
Nord-du-Québec,INSTITUTIONNEL,18011909.0,2016,-0.4999999999999997,-0.8660254037844388,44683
Nord-du-Québec,AGRICOLE,16538.0,2016,-0.8660254037844385,-0.5000000000000004,44683
Nord-du-Québec,AGRICOLE,16551.0,2016,-1.0,-1.8369701987210297e-16,44683
Nord-du-Québec,COMMERCIAL,12513558.0,2016,-1.0,-1.8369701987210297e-16,44683
Nord-du-Québec,INDUSTRIEL,41612698.6,2016,-1.0,-1.8369701987210297e-16,44683
Nord-du-Québec,INSTITUTIONNEL,21900946.9,2016,-0.8660254037844386,0.5000000000000001,44683
Nord-du-Québec,RÉSIDENTIEL,19775492.0,2016,-0.8660254037844386,0.5000000000000001,44683
Nord-du-Québec,INDUSTRIEL,44863328.9,2016,-0.5000000000000004,0.8660254037844384,44683
Nord-du-Québec,INDUSTRIEL,50422423.3,2017,0.49999999999999994,0.8660254037844387,44934
Nord-du-Québec,INSTITUTIONNEL,28089587.8,2017,0.49999999999999994,0.8660254037844387,44934
Nord-du-Québec,COMMERCIAL,20890375.0,2017,0.8660254037844386,0.5000000000000001,44934
Nord-du-Québec,AGRICOLE,51121.0,2017,1.0,6.123233995736766e-17,44934
Nord-du-Québec,INSTITUTIONNEL,28530798.7,2017,1.0,6.123233995736766e-17,44934
Nord-du-Québec,COMMERCIAL,16600927.0,2017,0.8660254037844387,-0.4999999999999998,44934
Nord-du-Québec,INDUSTRIEL,45629874.400000006,2017,0.8660254037844387,-0.4999999999999998,44934
Nord-du-Québec,AGRICOLE,23899.0,2017,0.49999999999999994,-0.8660254037844387,44934
Nord-du-Québec,AGRICOLE,16222.0,2017,1.2246467991473532e-16,-1.0,44934
Nord-du-Québec,INDUSTRIEL,42336843.0,2017,1.2246467991473532e-16,-1.0,44934
Nord-du-Québec,RÉSIDENTIEL,14134054.0,2017,-0.4999999999999997,-0.8660254037844388,44934
Nord-du-Québec,RÉSIDENTIEL,15029766.0,2017,-0.8660254037844385,-0.5000000000000004,44934
Nord-du-Québec,AGRICOLE,16053.0,2017,-1.0,-1.8369701987210297e-16,44934
Nord-du-Québec,COMMERCIAL,14433650.0,2017,-0.8660254037844386,0.5000000000000001,44934
Nord-du-Québec,RÉSIDENTIEL,18806877.0,2017,-0.8660254037844386,0.5000000000000001,44934
Nord-du-Québec,INDUSTRIEL,,2017,-0.5000000000000004,0.8660254037844384,44934
Nord-du-Québec,INSTITUTIONNEL,,2017,-2.4492935982947064e-16,1.0,44934
Nord-du-Québec,COMMERCIAL,,2018,0.8660254037844386,0.5000000000000001,45277
Nord-du-Québec,INDUSTRIEL,,2018,0.8660254037844386,0.5000000000000001,45277
Nord-du-Québec,RÉSIDENTIEL,,2018,0.8660254037844386,0.5000000000000001,45277
Nord-du-Québec,INSTITUTIONNEL,,2018,0.8660254037844387,-0.4999999999999998,45277
Nord-du-Québec,RÉSIDENTIEL,,2018,0.8660254037844387,-0.4999999999999998,45277
Nord-du-Québec,AGRICOLE,,2018,-1.0,-1.8369701987210297e-16,45277
Nord-du-Québec,COMMERCIAL,,2018,-1.0,-1.8369701987210297e-16,45277
Nord-du-Québec,INSTITUTIONNEL,,2018,-1.0,-1.8369701987210297e-16,45277
Nord-du-Québec,COMMERCIAL,,2018,-0.8660254037844386,0.5000000000000001,45277
Nord-du-Québec,RÉSIDENTIEL,,2018,-0.8660254037844386,0.5000000000000001,45277
Nord-du-Québec,AGRICOLE,,2018,-0.5000000000000004,0.8660254037844384,45277
Nord-du-Québec,COMMERCIAL,,2018,-2.4492935982947064e-16,1.0,45277
Nord-du-Québec,AGRICOLE,,2019,0.49999999999999994,0.8660254037844387,45516
Nord-du-Québec,COMMERCIAL,,2019,0.49999999999999994,0.8660254037844387,45516
Nord-du-Québec,INSTITUTIONNEL,,2019,0.8660254037844386,0.5000000000000001,45516
Nord-du-Québec,RÉSIDENTIEL,,2019,0.8660254037844386,0.5000000000000001,45516
Nord-du-Québec,COMMERCIAL,,2019,1.0,6.123233995736766e-17,45516
Nord-du-Québec,COMMERCIAL,15324966.0,2019,0.49999999999999994,-0.8660254037844387,45516
Nord-du-Québec,INDUSTRIEL,45776322.8,2019,0.49999999999999994,-0.8660254037844387,45516
Nord-du-Québec,AGRICOLE,16422.0,2019,1.2246467991473532e-16,-1.0,45516
Nord-du-Québec,COMMERCIAL,12203687.0,2019,1.2246467991473532e-16,-1.0,45516
Nord-du-Québec,RÉSIDENTIEL,16863088.0,2019,1.2246467991473532e-16,-1.0,45516
Nord-du-Québec,AGRICOLE,11328.0,2019,-0.4999999999999997,-0.8660254037844388,45516
Nord-du-Québec,INDUSTRIEL,41035052.3,2019,-0.8660254037844385,-0.5000000000000004,45516
Nord-du-Québec,RÉSIDENTIEL,15376440.0,2019,-0.8660254037844385,-0.5000000000000004,45516
Nord-du-Québec,AGRICOLE,12109.0,2019,-1.0,-1.8369701987210297e-16,45516
Nord-du-Québec,COMMERCIAL,12521749.0,2019,-1.0,-1.8369701987210297e-16,45516
Nord-du-Québec,INSTITUTIONNEL,21294835.2,2019,-0.8660254037844386,0.5000000000000001,45516
Nord-du-Québec,COMMERCIAL,19772544.0,2019,-0.5000000000000004,0.8660254037844384,45516
Nord-du-Québec,INDUSTRIEL,51031820.6,2019,-0.5000000000000004,0.8660254037844384,45516
Nord-du-Québec,INSTITUTIONNEL,24576841.7,2019,-0.5000000000000004,0.8660254037844384,45516
Nord-du-Québec,INDUSTRIEL,,2019,-2.4492935982947064e-16,1.0,45516
Nord-du-Québec,INSTITUTIONNEL,,2019,-2.4492935982947064e-16,1.0,45516
Nord-du-Québec,RÉSIDENTIEL,,2019,-2.4492935982947064e-16,1.0,45516
Nord-du-Québec,INSTITUTIONNEL,,2020,0.49999999999999994,0.8660254037844387,45712
Nord-du-Québec,RÉSIDENTIEL,,2020,0.49999999999999994,0.8660254037844387,45712
Nord-du-Québec,AGRICOLE,,2020,0.8660254037844386,0.5000000000000001,45712
Nord-du-Québec,COMMERCIAL,20383963.0,2020,1.0,6.123233995736766e-17,45712
Nord-du-Québec,INSTITUTIONNEL,26183603.4,2020,1.0,6.123233995736766e-17,45712
Nord-du-Québec,RÉSIDENTIEL,33052975.0,2020,1.0,6.123233995736766e-17,45712
Nord-du-Québec,COMMERCIAL,13758427.0,2020,0.49999999999999994,-0.8660254037844387,45712
Nord-du-Québec,RÉSIDENTIEL,22196279.0,2020,0.49999999999999994,-0.8660254037844387,45712
Nord-du-Québec,COMMERCIAL,11173365.0,2020,1.2246467991473532e-16,-1.0,45712
Nord-du-Québec,AGRICOLE,11291.0,2020,-0.4999999999999997,-0.8660254037844388,45712
Nord-du-Québec,INSTITUTIONNEL,17218612.4,2020,-0.4999999999999997,-0.8660254037844388,45712
Nord-du-Québec,AGRICOLE,12151.0,2020,-0.8660254037844385,-0.5000000000000004,45712
Nord-du-Québec,INSTITUTIONNEL,17256476.3,2020,-0.8660254037844385,-0.5000000000000004,45712
Nord-du-Québec,COMMERCIAL,,2020,-1.0,-1.8369701987210297e-16,45712
Nord-du-Québec,INSTITUTIONNEL,,2020,-1.0,-1.8369701987210297e-16,45712
Nord-du-Québec,INDUSTRIEL,57292186.9,2020,-0.8660254037844386,0.5000000000000001,45712
Nord-du-Québec,INSTITUTIONNEL,22344285.4,2020,-0.8660254037844386,0.5000000000000001,45712
Nord-du-Québec,INDUSTRIEL,,2020,-2.4492935982947064e-16,1.0,45712
Nord-du-Québec,RÉSIDENTIEL,,2020,-2.4492935982947064e-16,1.0,45712
Nord-du-Québec,COMMERCIAL,21899295.0,2021,0.49999999999999994,0.8660254037844387,46128
Nord-du-Québec,INDUSTRIEL,60145171.5,2021,0.49999999999999994,0.8660254037844387,46128
Nord-du-Québec,INSTITUTIONNEL,26866270.8,2021,1.0,6.123233995736766e-17,46128
Nord-du-Québec,AGRICOLE,157081.0,2021,0.8660254037844387,-0.4999999999999998,46128
Nord-du-Québec,INDUSTRIEL,56134291.0,2021,0.8660254037844387,-0.4999999999999998,46128
Nord-du-Québec,INSTITUTIONNEL,23443435.7,2021,0.8660254037844387,-0.4999999999999998,46128
Nord-du-Québec,RÉSIDENTIEL,26512754.0,2021,0.8660254037844387,-0.4999999999999998,46128
Nord-du-Québec,AGRICOLE,106219.0,2021,0.49999999999999994,-0.8660254037844387,46128
Nord-du-Québec,COMMERCIAL,13929674.0,2021,0.49999999999999994,-0.8660254037844387,46128
Nord-du-Québec,RÉSIDENTIEL,20556346.0,2021,0.49999999999999994,-0.8660254037844387,46128
Nord-du-Québec,AGRICOLE,32799.0,2021,1.2246467991473532e-16,-1.0,46128
Nord-du-Québec,INDUSTRIEL,50604324.7,2021,-0.4999999999999997,-0.8660254037844388,46128
Nord-du-Québec,AGRICOLE,45785.0,2021,-0.8660254037844385,-0.5000000000000004,46128
Nord-du-Québec,INSTITUTIONNEL,18664645.7,2021,-1.0,-1.8369701987210297e-16,46128
Nord-du-Québec,COMMERCIAL,18488523.0,2021,-0.5000000000000004,0.8660254037844384,46128
Nord-du-Québec,INDUSTRIEL,68706627.7,2021,-0.5000000000000004,0.8660254037844384,46128
Nord-du-Québec,INSTITUTIONNEL,24478385.1,2021,-0.5000000000000004,0.8660254037844384,46128
Nord-du-Québec,RÉSIDENTIEL,29195400.0,2021,-0.5000000000000004,0.8660254037844384,46128
Nord-du-Québec,COMMERCIAL,23092930.0,2021,-2.4492935982947064e-16,1.0,46128
Nord-du-Québec,COMMERCIAL,26617955.0,2022,0.49999999999999994,0.8660254037844387,46369
Nord-du-Québec,INSTITUTIONNEL,31669828.7,2022,0.49999999999999994,0.8660254037844387,46369
Nord-du-Québec,INSTITUTIONNEL,,2022,0.8660254037844386,0.5000000000000001,46369
Nord-du-Québec,RÉSIDENTIEL,,2022,0.8660254037844386,0.5000000000000001,46369
Nord-du-Québec,INSTITUTIONNEL,24263369.2,2022,0.8660254037844387,-0.4999999999999998,46369
Nord-du-Québec,COMMERCIAL,14599032.0,2022,0.49999999999999994,-0.8660254037844387,46369
Nord-du-Québec,AGRICOLE,41774.0,2022,1.2246467991473532e-16,-1.0,46369
Nord-du-Québec,INDUSTRIEL,59469259.2,2022,1.2246467991473532e-16,-1.0,46369
Nord-du-Québec,COMMERCIAL,,2022,-0.4999999999999997,-0.8660254037844388,46369
Nord-du-Québec,INDUSTRIEL,,2022,-0.4999999999999997,-0.8660254037844388,46369
Nord-du-Québec,INSTITUTIONNEL,,2022,-0.4999999999999997,-0.8660254037844388,46369
Nord-du-Québec,AGRICOLE,27197.0,2022,-0.8660254037844385,-0.5000000000000004,46369
Nord-du-Québec,INSTITUTIONNEL,18636432.4,2022,-0.8660254037844385,-0.5000000000000004,46369
Nord-du-Québec,INDUSTRIEL,62564135.8,2023,0.49999999999999994,0.8660254037844387,46650
Nord-du-Québec,AGRICOLE,68933.0,2023,0.8660254037844386,0.5000000000000001,46650
Nord-du-Québec,COMMERCIAL,23877683.0,2023,0.8660254037844386,0.5000000000000001,46650
Nord-du-Québec,INSTITUTIONNEL,27235486.2,2023,0.8660254037844386,0.5000000000000001,46650
Nord-du-Québec,RÉSIDENTIEL,39437394.0,2023,0.8660254037844386,0.5000000000000001,46650
Nord-du-Québec,RÉSIDENTIEL,37371563.0,2023,1.0,6.123233995736766e-17,46650
Nord-du-Québec,INSTITUTIONNEL,24148623.1,2023,0.8660254037844387,-0.4999999999999998,46650
Nord-du-Québec,RÉSIDENTIEL,28690634.0,2023,0.8660254037844387,-0.4999999999999998,46650
Nord-du-Québec,INDUSTRIEL,,2023,0.49999999999999994,-0.8660254037844387,46650
Nord-du-Québec,AGRICOLE,,2023,1.2246467991473532e-16,-1.0,46650
Nord-du-Québec,INDUSTRIEL,,2023,1.2246467991473532e-16,-1.0,46650
Nord-du-Québec,AGRICOLE,34902.0,2023,-0.4999999999999997,-0.8660254037844388,46650
Nord-du-Québec,INDUSTRIEL,44665143.89999999,2023,-0.4999999999999997,-0.8660254037844388,46650
Nord-du-Québec,RÉSIDENTIEL,15510084.0,2023,-0.4999999999999997,-0.8660254037844388,46650
Nord-du-Québec,COMMERCIAL,,2023,-0.8660254037844385,-0.5000000000000004,46650
Nord-du-Québec,RÉSIDENTIEL,,2023,-0.8660254037844385,-0.5000000000000004,46650
Nord-du-Québec,COMMERCIAL,,2023,-1.0,-1.8369701987210297e-16,46650
Nord-du-Québec,INDUSTRIEL,,2023,-1.0,-1.8369701987210297e-16,46650
Nord-du-Québec,AGRICOLE,247134.0,2023,-0.5000000000000004,0.8660254037844384,46650
Nord-du-Québec,INSTITUTIONNEL,24644397.1,2023,-0.5000000000000004,0.8660254037844384,46650
Nord-du-Québec,INSTITUTIONNEL,27107206.3,2023,-2.4492935982947064e-16,1.0,46650
Nord-du-Québec,RÉSIDENTIEL,37122163.0,2023,-2.4492935982947064e-16,1.0,46650
Outaouais,COMMERCIAL,,2016,0.49999999999999994,0.8660254037844387,385453
Outaouais,INDUSTRIEL,,2016,0.8660254037844386,0.5000000000000001,385453
Outaouais,AGRICOLE,,2016,1.0,6.123233995736766e-17,385453
Outaouais,INSTITUTIONNEL,,2016,1.0,6.123233995736766e-17,385453
Outaouais,AGRICOLE,,2016,0.8660254037844387,-0.4999999999999998,385453
Outaouais,COMMERCIAL,,2016,0.8660254037844387,-0.4999999999999998,385453
Outaouais,INDUSTRIEL,,2016,0.8660254037844387,-0.4999999999999998,385453
Outaouais,INSTITUTIONNEL,,2016,0.8660254037844387,-0.4999999999999998,385453
Outaouais,RÉSIDENTIEL,,2016,0.8660254037844387,-0.4999999999999998,385453
Outaouais,INSTITUTIONNEL,,2016,0.49999999999999994,-0.8660254037844387,385453
Outaouais,RÉSIDENTIEL,,2016,0.49999999999999994,-0.8660254037844387,385453
Outaouais,AGRICOLE,,2016,1.2246467991473532e-16,-1.0,385453
Outaouais,RÉSIDENTIEL,,2016,1.2246467991473532e-16,-1.0,385453
Outaouais,AGRICOLE,,2016,-0.8660254037844385,-0.5000000000000004,385453
Outaouais,INSTITUTIONNEL,,2016,-0.8660254037844385,-0.5000000000000004,385453
Outaouais,RÉSIDENTIEL,,2016,-0.8660254037844385,-0.5000000000000004,385453
Outaouais,INSTITUTIONNEL,,2016,-1.0,-1.8369701987210297e-16,385453
Outaouais,INDUSTRIEL,,2016,-0.8660254037844386,0.5000000000000001,385453
Outaouais,INDUSTRIEL,,2016,-0.5000000000000004,0.8660254037844384,385453
Outaouais,INSTITUTIONNEL,,2016,-0.5000000000000004,0.8660254037844384,385453
Outaouais,AGRICOLE,,2016,-2.4492935982947064e-16,1.0,385453
Outaouais,RÉSIDENTIEL,,2016,-2.4492935982947064e-16,1.0,385453
Outaouais,INDUSTRIEL,,2017,0.49999999999999994,0.8660254037844387,388992
Outaouais,INSTITUTIONNEL,,2017,0.8660254037844386,0.5000000000000001,388992
Outaouais,COMMERCIAL,,2017,1.0,6.123233995736766e-17,388992
Outaouais,INDUSTRIEL,,2017,1.0,6.123233995736766e-17,388992
Outaouais,RÉSIDENTIEL,,2017,1.0,6.123233995736766e-17,388992
Outaouais,INSTITUTIONNEL,,2017,0.8660254037844387,-0.4999999999999998,388992
Outaouais,RÉSIDENTIEL,,2017,0.8660254037844387,-0.4999999999999998,388992
Outaouais,AGRICOLE,,2017,0.49999999999999994,-0.8660254037844387,388992
Outaouais,COMMERCIAL,,2017,0.49999999999999994,-0.8660254037844387,388992
Outaouais,AGRICOLE,,2017,1.2246467991473532e-16,-1.0,388992
Outaouais,COMMERCIAL,,2017,1.2246467991473532e-16,-1.0,388992
Outaouais,COMMERCIAL,,2017,-0.4999999999999997,-0.8660254037844388,388992
Outaouais,INSTITUTIONNEL,,2017,-0.4999999999999997,-0.8660254037844388,388992
Outaouais,INSTITUTIONNEL,,2017,-1.0,-1.8369701987210297e-16,388992
Outaouais,RÉSIDENTIEL,,2017,-1.0,-1.8369701987210297e-16,388992
Outaouais,INDUSTRIEL,,2017,-0.8660254037844386,0.5000000000000001,388992
Outaouais,INSTITUTIONNEL,,2017,-0.8660254037844386,0.5000000000000001,388992
Outaouais,AGRICOLE,,2017,-0.5000000000000004,0.8660254037844384,388992
Outaouais,INDUSTRIEL,,2017,-0.5000000000000004,0.8660254037844384,388992
Outaouais,INSTITUTIONNEL,,2017,-0.5000000000000004,0.8660254037844384,388992
Outaouais,RÉSIDENTIEL,,2017,-0.5000000000000004,0.8660254037844384,388992
Outaouais,COMMERCIAL,,2017,-2.4492935982947064e-16,1.0,388992
Outaouais,INSTITUTIONNEL,,2018,0.49999999999999994,0.8660254037844387,393568
Outaouais,AGRICOLE,,2018,0.8660254037844386,0.5000000000000001,393568
Outaouais,COMMERCIAL,,2018,0.8660254037844386,0.5000000000000001,393568
Outaouais,INSTITUTIONNEL,,2018,0.8660254037844386,0.5000000000000001,393568
Outaouais,AGRICOLE,,2018,0.8660254037844387,-0.4999999999999998,393568
Outaouais,COMMERCIAL,,2018,0.8660254037844387,-0.4999999999999998,393568
Outaouais,INDUSTRIEL,,2018,0.8660254037844387,-0.4999999999999998,393568
Outaouais,RÉSIDENTIEL,,2018,0.8660254037844387,-0.4999999999999998,393568
Outaouais,COMMERCIAL,,2018,0.49999999999999994,-0.8660254037844387,393568
Outaouais,INSTITUTIONNEL,,2018,0.49999999999999994,-0.8660254037844387,393568
Outaouais,RÉSIDENTIEL,,2018,0.49999999999999994,-0.8660254037844387,393568
Outaouais,AGRICOLE,,2018,1.2246467991473532e-16,-1.0,393568
Outaouais,INDUSTRIEL,,2018,1.2246467991473532e-16,-1.0,393568
Outaouais,RÉSIDENTIEL,,2018,1.2246467991473532e-16,-1.0,393568
Outaouais,COMMERCIAL,,2018,-0.4999999999999997,-0.8660254037844388,393568
Outaouais,INDUSTRIEL,,2018,-0.4999999999999997,-0.8660254037844388,393568
Outaouais,AGRICOLE,,2018,-0.8660254037844385,-0.5000000000000004,393568
Outaouais,COMMERCIAL,,2018,-0.8660254037844385,-0.5000000000000004,393568
Outaouais,RÉSIDENTIEL,,2018,-0.8660254037844385,-0.5000000000000004,393568
Outaouais,COMMERCIAL,,2018,-1.0,-1.8369701987210297e-16,393568
Outaouais,INDUSTRIEL,,2018,-1.0,-1.8369701987210297e-16,393568
Outaouais,RÉSIDENTIEL,,2018,-1.0,-1.8369701987210297e-16,393568
Outaouais,INDUSTRIEL,,2018,-2.4492935982947064e-16,1.0,393568
Outaouais,RÉSIDENTIEL,,2018,-2.4492935982947064e-16,1.0,393568
Outaouais,COMMERCIAL,,2019,0.8660254037844386,0.5000000000000001,399090
Outaouais,RÉSIDENTIEL,,2019,0.8660254037844386,0.5000000000000001,399090
Outaouais,INDUSTRIEL,,2019,1.0,6.123233995736766e-17,399090
Outaouais,INSTITUTIONNEL,,2019,1.0,6.123233995736766e-17,399090
Outaouais,RÉSIDENTIEL,,2019,1.0,6.123233995736766e-17,399090
Outaouais,INDUSTRIEL,,2019,0.49999999999999994,-0.8660254037844387,399090
Outaouais,INSTITUTIONNEL,,2019,1.2246467991473532e-16,-1.0,399090
Outaouais,AGRICOLE,,2019,-0.4999999999999997,-0.8660254037844388,399090
Outaouais,COMMERCIAL,,2019,-0.4999999999999997,-0.8660254037844388,399090
Outaouais,RÉSIDENTIEL,,2019,-0.8660254037844385,-0.5000000000000004,399090
Outaouais,COMMERCIAL,,2019,-1.0,-1.8369701987210297e-16,399090
Outaouais,INDUSTRIEL,,2019,-1.0,-1.8369701987210297e-16,399090
Outaouais,RÉSIDENTIEL,,2019,-1.0,-1.8369701987210297e-16,399090
Outaouais,AGRICOLE,3390459.0,2019,-0.8660254037844386,0.5000000000000001,399090
Outaouais,AGRICOLE,,2019,-0.5000000000000004,0.8660254037844384,399090
Outaouais,INDUSTRIEL,,2019,-0.5000000000000004,0.8660254037844384,399090
Outaouais,INSTITUTIONNEL,,2019,-0.5000000000000004,0.8660254037844384,399090
Outaouais,AGRICOLE,,2019,-2.4492935982947064e-16,1.0,399090
Outaouais,COMMERCIAL,,2019,-2.4492935982947064e-16,1.0,399090
Outaouais,INDUSTRIEL,,2019,-2.4492935982947064e-16,1.0,399090
Outaouais,COMMERCIAL,,2020,0.49999999999999994,0.8660254037844387,404058
Outaouais,INDUSTRIEL,,2020,0.49999999999999994,0.8660254037844387,404058
Outaouais,RÉSIDENTIEL,,2020,0.49999999999999994,0.8660254037844387,404058
Outaouais,INSTITUTIONNEL,,2020,0.8660254037844386,0.5000000000000001,404058
Outaouais,RÉSIDENTIEL,,2020,0.8660254037844386,0.5000000000000001,404058
Outaouais,INDUSTRIEL,,2020,1.0,6.123233995736766e-17,404058
Outaouais,COMMERCIAL,,2020,0.49999999999999994,-0.8660254037844387,404058
Outaouais,INSTITUTIONNEL,,2020,1.2246467991473532e-16,-1.0,404058
Outaouais,RÉSIDENTIEL,,2020,1.2246467991473532e-16,-1.0,404058
Outaouais,AGRICOLE,,2020,-0.4999999999999997,-0.8660254037844388,404058
Outaouais,INDUSTRIEL,,2020,-0.8660254037844385,-0.5000000000000004,404058
Outaouais,INSTITUTIONNEL,,2020,-0.8660254037844385,-0.5000000000000004,404058
Outaouais,INDUSTRIEL,,2020,-1.0,-1.8369701987210297e-16,404058
Outaouais,INSTITUTIONNEL,,2020,-1.0,-1.8369701987210297e-16,404058
Outaouais,RÉSIDENTIEL,,2020,-0.8660254037844386,0.5000000000000001,404058
Outaouais,AGRICOLE,,2020,-0.5000000000000004,0.8660254037844384,404058
Outaouais,INSTITUTIONNEL,,2020,-0.5000000000000004,0.8660254037844384,404058
Outaouais,AGRICOLE,,2020,-2.4492935982947064e-16,1.0,404058
Outaouais,INSTITUTIONNEL,,2020,-2.4492935982947064e-16,1.0,404058
Outaouais,AGRICOLE,,2021,0.49999999999999994,0.8660254037844387,408052
Outaouais,COMMERCIAL,,2021,0.49999999999999994,0.8660254037844387,408052
Outaouais,INSTITUTIONNEL,,2021,0.49999999999999994,0.8660254037844387,408052
Outaouais,RÉSIDENTIEL,,2021,0.8660254037844386,0.5000000000000001,408052
Outaouais,RÉSIDENTIEL,,2021,1.0,6.123233995736766e-17,408052
Outaouais,AGRICOLE,,2021,0.8660254037844387,-0.4999999999999998,408052
Outaouais,RÉSIDENTIEL,,2021,1.2246467991473532e-16,-1.0,408052
Outaouais,COMMERCIAL,,2021,-0.4999999999999997,-0.8660254037844388,408052
Outaouais,INSTITUTIONNEL,,2021,-0.4999999999999997,-0.8660254037844388,408052
Outaouais,RÉSIDENTIEL,,2021,-0.4999999999999997,-0.8660254037844388,408052
Outaouais,COMMERCIAL,,2021,-0.8660254037844385,-0.5000000000000004,408052
Outaouais,INDUSTRIEL,,2021,-0.8660254037844385,-0.5000000000000004,408052
Outaouais,RÉSIDENTIEL,,2021,-0.8660254037844385,-0.5000000000000004,408052
Outaouais,INDUSTRIEL,202823200.6,2021,-0.8660254037844386,0.5000000000000001,408052
Outaouais,INSTITUTIONNEL,31121693.0,2021,-0.8660254037844386,0.5000000000000001,408052
Outaouais,COMMERCIAL,,2021,-0.5000000000000004,0.8660254037844384,408052
Outaouais,RÉSIDENTIEL,,2021,-0.5000000000000004,0.8660254037844384,408052
Outaouais,INSTITUTIONNEL,,2021,-2.4492935982947064e-16,1.0,408052
Outaouais,AGRICOLE,,2022,0.49999999999999994,0.8660254037844387,412121
Outaouais,COMMERCIAL,,2022,0.49999999999999994,0.8660254037844387,412121
Outaouais,RÉSIDENTIEL,,2022,0.49999999999999994,0.8660254037844387,412121
Outaouais,INDUSTRIEL,,2022,0.8660254037844386,0.5000000000000001,412121
Outaouais,INSTITUTIONNEL,,2022,0.8660254037844386,0.5000000000000001,412121
Outaouais,RÉSIDENTIEL,,2022,0.8660254037844386,0.5000000000000001,412121
Outaouais,COMMERCIAL,,2022,1.0,6.123233995736766e-17,412121
Outaouais,COMMERCIAL,,2022,0.8660254037844387,-0.4999999999999998,412121
Outaouais,RÉSIDENTIEL,,2022,0.8660254037844387,-0.4999999999999998,412121
Outaouais,INSTITUTIONNEL,,2022,0.49999999999999994,-0.8660254037844387,412121
Outaouais,COMMERCIAL,,2022,1.2246467991473532e-16,-1.0,412121
Outaouais,RÉSIDENTIEL,,2022,1.2246467991473532e-16,-1.0,412121
Outaouais,AGRICOLE,,2022,-0.4999999999999997,-0.8660254037844388,412121
Outaouais,INDUSTRIEL,,2022,-0.8660254037844385,-0.5000000000000004,412121
Outaouais,COMMERCIAL,,2022,-0.8660254037844386,0.5000000000000001,412121
Outaouais,INSTITUTIONNEL,,2022,-0.8660254037844386,0.5000000000000001,412121
Outaouais,RÉSIDENTIEL,,2022,-0.8660254037844386,0.5000000000000001,412121
Outaouais,INDUSTRIEL,,2022,-0.5000000000000004,0.8660254037844384,412121
Outaouais,RÉSIDENTIEL,,2022,-0.5000000000000004,0.8660254037844384,412121
Outaouais,AGRICOLE,,2022,-2.4492935982947064e-16,1.0,412121
Outaouais,INSTITUTIONNEL,,2022,-2.4492935982947064e-16,1.0,412121
Outaouais,AGRICOLE,,2023,0.8660254037844386,0.5000000000000001,418011
Outaouais,COMMERCIAL,,2023,1.0,6.123233995736766e-17,418011
Outaouais,INDUSTRIEL,,2023,1.0,6.123233995736766e-17,418011
Outaouais,INSTITUTIONNEL,,2023,1.0,6.123233995736766e-17,418011
Outaouais,RÉSIDENTIEL,,2023,1.0,6.123233995736766e-17,418011
Outaouais,AGRICOLE,,2023,0.8660254037844387,-0.4999999999999998,418011
Outaouais,INDUSTRIEL,,2023,0.8660254037844387,-0.4999999999999998,418011
Outaouais,INSTITUTIONNEL,,2023,0.8660254037844387,-0.4999999999999998,418011
Outaouais,RÉSIDENTIEL,,2023,0.8660254037844387,-0.4999999999999998,418011
Outaouais,AGRICOLE,,2023,0.49999999999999994,-0.8660254037844387,418011
Outaouais,INDUSTRIEL,,2023,1.2246467991473532e-16,-1.0,418011
Outaouais,RÉSIDENTIEL,,2023,1.2246467991473532e-16,-1.0,418011
Outaouais,INSTITUTIONNEL,,2023,-0.4999999999999997,-0.8660254037844388,418011
Outaouais,AGRICOLE,,2023,-1.0,-1.8369701987210297e-16,418011
Outaouais,COMMERCIAL,,2023,-1.0,-1.8369701987210297e-16,418011
Outaouais,RÉSIDENTIEL,,2023,-1.0,-1.8369701987210297e-16,418011
Outaouais,AGRICOLE,,2023,-0.8660254037844386,0.5000000000000001,418011
Outaouais,RÉSIDENTIEL,,2023,-0.8660254037844386,0.5000000000000001,418011
Outaouais,AGRICOLE,,2023,-0.5000000000000004,0.8660254037844384,418011
Outaouais,RÉSIDENTIEL,,2023,-0.5000000000000004,0.8660254037844384,418011
Outaouais,INDUSTRIEL,,2023,-2.4492935982947064e-16,1.0,418011
Outaouais,RÉSIDENTIEL,,2023,-2.4492935982947064e-16,1.0,418011
Saguenay--Lac-Saint-Jean,AGRICOLE,8920262.0,2016,0.49999999999999994,0.8660254037844387,277020
Saguenay--Lac-Saint-Jean,RÉSIDENTIEL,287475982.0,2016,0.49999999999999994,0.8660254037844387,277020
Saguenay--Lac-Saint-Jean,COMMERCIAL,62615090.0,2016,1.0,6.123233995736766e-17,277020
Saguenay--Lac-Saint-Jean,RÉSIDENTIEL,225998751.0,2016,1.0,6.123233995736766e-17,277020
Saguenay--Lac-Saint-Jean,COMMERCIAL,53608133.0,2016,0.8660254037844387,-0.4999999999999998,277020
Saguenay--Lac-Saint-Jean,INSTITUTIONNEL,68127578.33592743,2016,0.49999999999999994,-0.8660254037844387,277020
Saguenay--Lac-Saint-Jean,COMMERCIAL,45055343.0,2016,1.2246467991473532e-16,-1.0,277020
Saguenay--Lac-Saint-Jean,INDUSTRIEL,116622009.15069124,2016,1.2246467991473532e-16,-1.0,277020
Saguenay--Lac-Saint-Jean,AGRICOLE,5732701.0,2016,-0.4999999999999997,-0.8660254037844388,277020
Saguenay--Lac-Saint-Jean,INDUSTRIEL,114182145.14774194,2016,-0.4999999999999997,-0.8660254037844388,277020
Saguenay--Lac-Saint-Jean,INSTITUTIONNEL,56650433.79798387,2016,-0.8660254037844385,-0.5000000000000004,277020
Saguenay--Lac-Saint-Jean,RÉSIDENTIEL,101094181.0,2016,-0.8660254037844385,-0.5000000000000004,277020
Saguenay--Lac-Saint-Jean,AGRICOLE,7314884.0,2016,-0.5000000000000004,0.8660254037844384,277020
Saguenay--Lac-Saint-Jean,COMMERCIAL,56383373.3,2016,-0.5000000000000004,0.8660254037844384,277020
Saguenay--Lac-Saint-Jean,COMMERCIAL,74384778.0,2016,-2.4492935982947064e-16,1.0,277020
Saguenay--Lac-Saint-Jean,AGRICOLE,9078610.0,2017,0.49999999999999994,0.8660254037844387,276369
Saguenay--Lac-Saint-Jean,RÉSIDENTIEL,237091780.0,2017,0.8660254037844386,0.5000000000000001,276369
Saguenay--Lac-Saint-Jean,AGRICOLE,8726537.0,2017,1.0,6.123233995736766e-17,276369
Saguenay--Lac-Saint-Jean,INDUSTRIEL,154560420.97142857,2017,1.0,6.123233995736766e-17,276369
Saguenay--Lac-Saint-Jean,RÉSIDENTIEL,252847056.0,2017,1.0,6.123233995736766e-17,276369
Saguenay--Lac-Saint-Jean,COMMERCIAL,52864580.8,2017,0.8660254037844387,-0.4999999999999998,276369
Saguenay--Lac-Saint-Jean,RÉSIDENTIEL,166144042.0,2017,0.8660254037844387,-0.4999999999999998,276369
Saguenay--Lac-Saint-Jean,INDUSTRIEL,166914138.78788307,2017,0.49999999999999994,-0.8660254037844387,276369
Saguenay--Lac-Saint-Jean,INSTITUTIONNEL,68106003.43455645,2017,0.49999999999999994,-0.8660254037844387,276369
Saguenay--Lac-Saint-Jean,COMMERCIAL,45831552.8,2017,1.2246467991473532e-16,-1.0,276369
Saguenay--Lac-Saint-Jean,INDUSTRIEL,105770041.74129032,2017,1.2246467991473532e-16,-1.0,276369
Saguenay--Lac-Saint-Jean,AGRICOLE,5788659.0,2017,-0.4999999999999997,-0.8660254037844388,276369
Saguenay--Lac-Saint-Jean,INDUSTRIEL,152972846.67124423,2017,-0.4999999999999997,-0.8660254037844388,276369
Saguenay--Lac-Saint-Jean,RÉSIDENTIEL,98635440.0,2017,-0.4999999999999997,-0.8660254037844388,276369
Saguenay--Lac-Saint-Jean,COMMERCIAL,49327579.7,2017,-0.8660254037844385,-0.5000000000000004,276369
Saguenay--Lac-Saint-Jean,RÉSIDENTIEL,100401687.0,2017,-0.8660254037844385,-0.5000000000000004,276369
Saguenay--Lac-Saint-Jean,AGRICOLE,6334949.0,2017,-1.0,-1.8369701987210297e-16,276369
Saguenay--Lac-Saint-Jean,INDUSTRIEL,137483669.2196313,2017,-1.0,-1.8369701987210297e-16,276369
Saguenay--Lac-Saint-Jean,RÉSIDENTIEL,94823916.0,2017,-1.0,-1.8369701987210297e-16,276369
Saguenay--Lac-Saint-Jean,INSTITUTIONNEL,70302518.79282522,2017,-0.8660254037844386,0.5000000000000001,276369
Saguenay--Lac-Saint-Jean,AGRICOLE,10224851.0,2018,0.49999999999999994,0.8660254037844387,275916
Saguenay--Lac-Saint-Jean,RÉSIDENTIEL,315122762.0,2018,0.49999999999999994,0.8660254037844387,275916
Saguenay--Lac-Saint-Jean,COMMERCIAL,70094918.5,2018,0.8660254037844386,0.5000000000000001,275916
Saguenay--Lac-Saint-Jean,INDUSTRIEL,120020763.8764516,2018,0.8660254037844386,0.5000000000000001,275916
Saguenay--Lac-Saint-Jean,INSTITUTIONNEL,107647906.65298654,2018,0.8660254037844386,0.5000000000000001,275916
Saguenay--Lac-Saint-Jean,RÉSIDENTIEL,245879449.0,2018,0.8660254037844386,0.5000000000000001,275916
Saguenay--Lac-Saint-Jean,AGRICOLE,8053243.0,2018,1.0,6.123233995736766e-17,275916
Saguenay--Lac-Saint-Jean,INDUSTRIEL,183984619.64788017,2018,1.0,6.123233995736766e-17,275916
Saguenay--Lac-Saint-Jean,AGRICOLE,7176403.0,2018,0.8660254037844387,-0.4999999999999998,275916
Saguenay--Lac-Saint-Jean,COMMERCIAL,57825317.2,2018,0.8660254037844387,-0.4999999999999998,275916
Saguenay--Lac-Saint-Jean,INSTITUTIONNEL,86063902.94749999,2018,0.8660254037844387,-0.4999999999999998,275916
Saguenay--Lac-Saint-Jean,INDUSTRIEL,144752766.38199693,2018,0.49999999999999994,-0.8660254037844387,275916
Saguenay--Lac-Saint-Jean,RÉSIDENTIEL,129136235.0,2018,0.49999999999999994,-0.8660254037844387,275916
Saguenay--Lac-Saint-Jean,AGRICOLE,5758714.0,2018,1.2246467991473532e-16,-1.0,275916
Saguenay--Lac-Saint-Jean,COMMERCIAL,48728066.3,2018,1.2246467991473532e-16,-1.0,275916
Saguenay--Lac-Saint-Jean,RÉSIDENTIEL,103355555.0,2018,1.2246467991473532e-16,-1.0,275916
Saguenay--Lac-Saint-Jean,AGRICOLE,6026126.0,2018,-0.4999999999999997,-0.8660254037844388,275916
Saguenay--Lac-Saint-Jean,INDUSTRIEL,308721283.1673733,2018,-0.4999999999999997,-0.8660254037844388,275916
Saguenay--Lac-Saint-Jean,RÉSIDENTIEL,99560150.0,2018,-0.4999999999999997,-0.8660254037844388,275916
Saguenay--Lac-Saint-Jean,INDUSTRIEL,229910468.86543775,2018,-0.8660254037844385,-0.5000000000000004,275916
Saguenay--Lac-Saint-Jean,COMMERCIAL,50280784.7,2018,-1.0,-1.8369701987210297e-16,275916
Saguenay--Lac-Saint-Jean,INDUSTRIEL,131072633.4838556,2018,-1.0,-1.8369701987210297e-16,275916
Saguenay--Lac-Saint-Jean,RÉSIDENTIEL,100467486.0,2018,-1.0,-1.8369701987210297e-16,275916
Saguenay--Lac-Saint-Jean,INSTITUTIONNEL,82940504.92604838,2018,-0.8660254037844386,0.5000000000000001,275916
Saguenay--Lac-Saint-Jean,RÉSIDENTIEL,165197869.0,2018,-0.8660254037844386,0.5000000000000001,275916
Saguenay--Lac-Saint-Jean,AGRICOLE,9311825.0,2018,-2.4492935982947064e-16,1.0,275916
Saguenay--Lac-Saint-Jean,INSTITUTIONNEL,124877245.08629031,2018,-2.4492935982947064e-16,1.0,275916
Saguenay--Lac-Saint-Jean,RÉSIDENTIEL,279505637.0,2018,-2.4492935982947064e-16,1.0,275916
Saguenay--Lac-Saint-Jean,COMMERCIAL,86555731.5,2019,0.49999999999999994,0.8660254037844387,275882
Saguenay--Lac-Saint-Jean,AGRICOLE,9182713.0,2019,0.8660254037844386,0.5000000000000001,275882
Saguenay--Lac-Saint-Jean,COMMERCIAL,74761845.8,2019,0.8660254037844386,0.5000000000000001,275882
Saguenay--Lac-Saint-Jean,INDUSTRIEL,218417342.53612903,2019,0.8660254037844386,0.5000000000000001,275882
Saguenay--Lac-Saint-Jean,AGRICOLE,8767038.0,2019,1.0,6.123233995736766e-17,275882
Saguenay--Lac-Saint-Jean,COMMERCIAL,69950109.1,2019,1.0,6.123233995736766e-17,275882
Saguenay--Lac-Saint-Jean,INDUSTRIEL,353025421.5529032,2019,1.0,6.123233995736766e-17,275882
Saguenay--Lac-Saint-Jean,COMMERCIAL,57849388.1,2019,0.8660254037844387,-0.4999999999999998,275882
Saguenay--Lac-Saint-Jean,INDUSTRIEL,302910349.11180264,2019,0.8660254037844387,-0.4999999999999998,275882
Saguenay--Lac-Saint-Jean,AGRICOLE,6250687.0,2019,0.49999999999999994,-0.8660254037844387,275882
Saguenay--Lac-Saint-Jean,COMMERCIAL,51888129.3,2019,0.49999999999999994,-0.8660254037844387,275882
Saguenay--Lac-Saint-Jean,RÉSIDENTIEL,107150875.0,2019,1.2246467991473532e-16,-1.0,275882
Saguenay--Lac-Saint-Jean,INSTITUTIONNEL,57077459.59848103,2019,-0.4999999999999997,-0.8660254037844388,275882
Saguenay--Lac-Saint-Jean,INDUSTRIEL,192387938.1206519,2019,-0.8660254037844385,-0.5000000000000004,275882
Saguenay--Lac-Saint-Jean,INSTITUTIONNEL,58922045.82645176,2019,-0.8660254037844385,-0.5000000000000004,275882
Saguenay--Lac-Saint-Jean,RÉSIDENTIEL,100433842.0,2019,-0.8660254037844385,-0.5000000000000004,275882
Saguenay--Lac-Saint-Jean,INDUSTRIEL,389724667.2070259,2019,-0.8660254037844386,0.5000000000000001,275882
Saguenay--Lac-Saint-Jean,INSTITUTIONNEL,77027838.95024194,2019,-0.8660254037844386,0.5000000000000001,275882
Saguenay--Lac-Saint-Jean,AGRICOLE,8780181.0,2019,-0.5000000000000004,0.8660254037844384,275882
Saguenay--Lac-Saint-Jean,INDUSTRIEL,400403595.41630745,2019,-0.5000000000000004,0.8660254037844384,275882
Saguenay--Lac-Saint-Jean,COMMERCIAL,81828483.6,2020,0.49999999999999994,0.8660254037844387,276216
Saguenay--Lac-Saint-Jean,INDUSTRIEL,423866516.6031797,2020,0.49999999999999994,0.8660254037844387,276216
Saguenay--Lac-Saint-Jean,RÉSIDENTIEL,282487428.0,2020,0.49999999999999994,0.8660254037844387,276216
Saguenay--Lac-Saint-Jean,COMMERCIAL,68349151.6,2020,1.0,6.123233995736766e-17,276216
Saguenay--Lac-Saint-Jean,AGRICOLE,7269253.0,2020,0.8660254037844387,-0.4999999999999998,276216
Saguenay--Lac-Saint-Jean,COMMERCIAL,51088956.7,2020,0.8660254037844387,-0.4999999999999998,276216
Saguenay--Lac-Saint-Jean,INDUSTRIEL,389941180.9307464,2020,0.8660254037844387,-0.4999999999999998,276216
Saguenay--Lac-Saint-Jean,INDUSTRIEL,233587249.33227208,2020,0.49999999999999994,-0.8660254037844387,276216
Saguenay--Lac-Saint-Jean,RÉSIDENTIEL,143273700.0,2020,0.49999999999999994,-0.8660254037844387,276216
Saguenay--Lac-Saint-Jean,INDUSTRIEL,325622955.8002074,2020,1.2246467991473532e-16,-1.0,276216
Saguenay--Lac-Saint-Jean,RÉSIDENTIEL,110576809.0,2020,1.2246467991473532e-16,-1.0,276216
Saguenay--Lac-Saint-Jean,COMMERCIAL,50370747.0,2020,-0.4999999999999997,-0.8660254037844388,276216
Saguenay--Lac-Saint-Jean,RÉSIDENTIEL,106519567.0,2020,-0.4999999999999997,-0.8660254037844388,276216
Saguenay--Lac-Saint-Jean,AGRICOLE,6384306.0,2020,-0.8660254037844385,-0.5000000000000004,276216
Saguenay--Lac-Saint-Jean,COMMERCIAL,56673025.8,2020,-0.8660254037844386,0.5000000000000001,276216
Saguenay--Lac-Saint-Jean,RÉSIDENTIEL,160339589.0,2020,-0.8660254037844386,0.5000000000000001,276216
Saguenay--Lac-Saint-Jean,COMMERCIAL,60495340.2,2020,-0.5000000000000004,0.8660254037844384,276216
Saguenay--Lac-Saint-Jean,INSTITUTIONNEL,91140561.41935484,2020,-0.5000000000000004,0.8660254037844384,276216
Saguenay--Lac-Saint-Jean,COMMERCIAL,83517522.5,2020,-2.4492935982947064e-16,1.0,276216
Saguenay--Lac-Saint-Jean,INDUSTRIEL,139890728.99018434,2020,-2.4492935982947064e-16,1.0,276216
Saguenay--Lac-Saint-Jean,INSTITUTIONNEL,113577571.0129032,2020,-2.4492935982947064e-16,1.0,276216
Saguenay--Lac-Saint-Jean,RÉSIDENTIEL,261815173.0,2020,-2.4492935982947064e-16,1.0,276216
Saguenay--Lac-Saint-Jean,AGRICOLE,9529647.0,2021,0.49999999999999994,0.8660254037844387,276563
Saguenay--Lac-Saint-Jean,INDUSTRIEL,146002273.1803226,2021,0.49999999999999994,0.8660254037844387,276563
Saguenay--Lac-Saint-Jean,RÉSIDENTIEL,279022302.0,2021,0.49999999999999994,0.8660254037844387,276563
Saguenay--Lac-Saint-Jean,AGRICOLE,8713316.0,2021,1.0,6.123233995736766e-17,276563
Saguenay--Lac-Saint-Jean,AGRICOLE,6831950.0,2021,0.8660254037844387,-0.4999999999999998,276563
Saguenay--Lac-Saint-Jean,INSTITUTIONNEL,65225986.678844094,2021,0.49999999999999994,-0.8660254037844387,276563
Saguenay--Lac-Saint-Jean,RÉSIDENTIEL,128684101.0,2021,0.49999999999999994,-0.8660254037844387,276563
Saguenay--Lac-Saint-Jean,AGRICOLE,6108087.0,2021,1.2246467991473532e-16,-1.0,276563
Saguenay--Lac-Saint-Jean,INDUSTRIEL,318783139.8467588,2021,1.2246467991473532e-16,-1.0,276563
Saguenay--Lac-Saint-Jean,AGRICOLE,6143274.0,2021,-0.4999999999999997,-0.8660254037844388,276563
Saguenay--Lac-Saint-Jean,INSTITUTIONNEL,56125559.97397849,2021,-0.4999999999999997,-0.8660254037844388,276563
Saguenay--Lac-Saint-Jean,RÉSIDENTIEL,108052391.0,2021,-0.4999999999999997,-0.8660254037844388,276563
Saguenay--Lac-Saint-Jean,COMMERCIAL,56165567.0,2021,-0.8660254037844385,-0.5000000000000004,276563
Saguenay--Lac-Saint-Jean,INDUSTRIEL,435879998.1462443,2021,-0.8660254037844385,-0.5000000000000004,276563
Saguenay--Lac-Saint-Jean,INSTITUTIONNEL,59980959.02580644,2021,-0.8660254037844385,-0.5000000000000004,276563
Saguenay--Lac-Saint-Jean,RÉSIDENTIEL,109034357.0,2021,-0.8660254037844385,-0.5000000000000004,276563
Saguenay--Lac-Saint-Jean,INSTITUTIONNEL,57363269.6935484,2021,-1.0,-1.8369701987210297e-16,276563
Saguenay--Lac-Saint-Jean,RÉSIDENTIEL,98557909.0,2021,-1.0,-1.8369701987210297e-16,276563
Saguenay--Lac-Saint-Jean,INDUSTRIEL,511946591.3411214,2021,-0.8660254037844386,0.5000000000000001,276563
Saguenay--Lac-Saint-Jean,INSTITUTIONNEL,68419071.86451614,2021,-0.8660254037844386,0.5000000000000001,276563
Saguenay--Lac-Saint-Jean,RÉSIDENTIEL,125258745.0,2021,-0.8660254037844386,0.5000000000000001,276563
Saguenay--Lac-Saint-Jean,AGRICOLE,7949350.0,2021,-0.5000000000000004,0.8660254037844384,276563
Saguenay--Lac-Saint-Jean,INDUSTRIEL,421149384.5812904,2021,-2.4492935982947064e-16,1.0,276563
Saguenay--Lac-Saint-Jean,INSTITUTIONNEL,125654664.0032258,2021,-2.4492935982947064e-16,1.0,276563
Saguenay--Lac-Saint-Jean,COMMERCIAL,105141849.6,2022,0.49999999999999994,0.8660254037844387,279422
Saguenay--Lac-Saint-Jean,RÉSIDENTIEL,360420821.0,2022,0.49999999999999994,0.8660254037844387,279422
Saguenay--Lac-Saint-Jean,AGRICOLE,9917683.0,2022,0.8660254037844386,0.5000000000000001,279422
Saguenay--Lac-Saint-Jean,RÉSIDENTIEL,291478701.0,2022,0.8660254037844386,0.5000000000000001,279422
Saguenay--Lac-Saint-Jean,AGRICOLE,9400075.0,2022,1.0,6.123233995736766e-17,279422
Saguenay--Lac-Saint-Jean,INDUSTRIEL,374615537.9872865,2022,1.0,6.123233995736766e-17,279422
Saguenay--Lac-Saint-Jean,RÉSIDENTIEL,249622953.0,2022,1.0,6.123233995736766e-17,279422
Saguenay--Lac-Saint-Jean,AGRICOLE,7370400.0,2022,0.8660254037844387,-0.4999999999999998,279422
Saguenay--Lac-Saint-Jean,RÉSIDENTIEL,179994154.0,2022,0.8660254037844387,-0.4999999999999998,279422
Saguenay--Lac-Saint-Jean,COMMERCIAL,56879680.9,2022,0.49999999999999994,-0.8660254037844387,279422
Saguenay--Lac-Saint-Jean,AGRICOLE,6135431.0,2022,1.2246467991473532e-16,-1.0,279422
Saguenay--Lac-Saint-Jean,COMMERCIAL,56318543.7,2022,-0.4999999999999997,-0.8660254037844388,279422
Saguenay--Lac-Saint-Jean,INSTITUTIONNEL,55871121.05387096,2022,-0.4999999999999997,-0.8660254037844388,279422
Saguenay--Lac-Saint-Jean,COMMERCIAL,57779998.0,2022,-0.8660254037844385,-0.5000000000000004,279422
Saguenay--Lac-Saint-Jean,INSTITUTIONNEL,67228576.6839785,2022,-0.8660254037844386,0.5000000000000001,279422
Saguenay--Lac-Saint-Jean,AGRICOLE,8280618.0,2022,-0.5000000000000004,0.8660254037844384,279422
Saguenay--Lac-Saint-Jean,INDUSTRIEL,263888671.46663597,2022,-0.5000000000000004,0.8660254037844384,279422
Saguenay--Lac-Saint-Jean,AGRICOLE,9533823.0,2023,0.8660254037844386,0.5000000000000001,282690
Saguenay--Lac-Saint-Jean,AGRICOLE,8993396.0,2023,1.0,6.123233995736766e-17,282690
Saguenay--Lac-Saint-Jean,INDUSTRIEL,346816216.35142314,2023,1.0,6.123233995736766e-17,282690
Saguenay--Lac-Saint-Jean,INSTITUTIONNEL,105768884.49333334,2023,1.0,6.123233995736766e-17,282690
Saguenay--Lac-Saint-Jean,RÉSIDENTIEL,171296250.0,2023,0.8660254037844387,-0.4999999999999998,282690
Saguenay--Lac-Saint-Jean,AGRICOLE,5779211.0,2023,1.2246467991473532e-16,-1.0,282690
Saguenay--Lac-Saint-Jean,INSTITUTIONNEL,57314422.000519335,2023,1.2246467991473532e-16,-1.0,282690
Saguenay--Lac-Saint-Jean,COMMERCIAL,56195531.5,2023,-0.4999999999999997,-0.8660254037844388,282690
Saguenay--Lac-Saint-Jean,RÉSIDENTIEL,111705310.0,2023,-0.4999999999999997,-0.8660254037844388,282690
Saguenay--Lac-Saint-Jean,INDUSTRIEL,185589176.0770507,2023,-0.8660254037844385,-0.5000000000000004,282690
Saguenay--Lac-Saint-Jean,AGRICOLE,6984518.0,2023,-1.0,-1.8369701987210297e-16,282690
Saguenay--Lac-Saint-Jean,COMMERCIAL,60637187.3,2023,-1.0,-1.8369701987210297e-16,282690
Saguenay--Lac-Saint-Jean,INDUSTRIEL,292634977.280112,2023,-0.8660254037844386,0.5000000000000001,282690
Saguenay--Lac-Saint-Jean,COMMERCIAL,91783529.0,2023,-0.5000000000000004,0.8660254037844384,282690
Saguenay--Lac-Saint-Jean,INSTITUTIONNEL,98445168.88387096,2023,-0.5000000000000004,0.8660254037844384,282690
Saguenay--Lac-Saint-Jean,COMMERCIAL,100243755.3,2023,-2.4492935982947064e-16,1.0,282690
Saguenay--Lac-Saint-Jean,RÉSIDENTIEL,261412426.0,2023,-2.4492935982947064e-16,1.0,282690
Abitibi-Témiscamingue,INDUSTRIEL,315313742.58044165,2016,0.49999999999999994,0.8660254037844387,147030
Abitibi-Témiscamingue,AGRICOLE,3436929.0,2016,0.8660254037844386,0.5000000000000001,147030
Abitibi-Témiscamingue,INDUSTRIEL,309947224.82881254,2016,0.8660254037844386,0.5000000000000001,147030
Abitibi-Témiscamingue,COMMERCIAL,48452450.0,2016,1.0,6.123233995736766e-17,147030
Abitibi-Témiscamingue,INSTITUTIONNEL,27792992.99655172,2016,1.0,6.123233995736766e-17,147030
Abitibi-Témiscamingue,RÉSIDENTIEL,137027295.0,2016,1.0,6.123233995736766e-17,147030
Abitibi-Témiscamingue,AGRICOLE,2424193.0,2016,0.49999999999999994,-0.8660254037844387,147030
Abitibi-Témiscamingue,COMMERCIAL,34286178.0,2016,-0.4999999999999997,-0.8660254037844388,147030
Abitibi-Témiscamingue,INSTITUTIONNEL,15275005.166451612,2016,-0.4999999999999997,-0.8660254037844388,147030
Abitibi-Témiscamingue,INDUSTRIEL,313615345.52029955,2016,-0.8660254037844385,-0.5000000000000004,147030
Abitibi-Témiscamingue,INSTITUTIONNEL,15969335.639580132,2016,-0.8660254037844385,-0.5000000000000004,147030
Abitibi-Témiscamingue,RÉSIDENTIEL,57757017.0,2016,-0.8660254037844385,-0.5000000000000004,147030
Abitibi-Témiscamingue,RÉSIDENTIEL,54766688.0,2016,-1.0,-1.8369701987210297e-16,147030
Abitibi-Témiscamingue,INSTITUTIONNEL,23164221.044791088,2016,-0.5000000000000004,0.8660254037844384,147030
Abitibi-Témiscamingue,INDUSTRIEL,320188280.0363988,2016,-2.4492935982947064e-16,1.0,147030
Abitibi-Témiscamingue,INSTITUTIONNEL,29606205.406451613,2016,-2.4492935982947064e-16,1.0,147030
Abitibi-Témiscamingue,AGRICOLE,3768840.0,2017,0.49999999999999994,0.8660254037844387,147281
Abitibi-Témiscamingue,RÉSIDENTIEL,160401671.0,2017,0.49999999999999994,0.8660254037844387,147281
Abitibi-Témiscamingue,INSTITUTIONNEL,27005363.239746545,2017,0.8660254037844386,0.5000000000000001,147281
Abitibi-Témiscamingue,AGRICOLE,3594599.0,2017,1.0,6.123233995736766e-17,147281
Abitibi-Témiscamingue,AGRICOLE,2859557.0,2017,0.8660254037844387,-0.4999999999999998,147281
Abitibi-Témiscamingue,RÉSIDENTIEL,101822407.0,2017,0.8660254037844387,-0.4999999999999998,147281
Abitibi-Témiscamingue,AGRICOLE,2541155.0,2017,0.49999999999999994,-0.8660254037844387,147281
Abitibi-Témiscamingue,INDUSTRIEL,300612049.27803576,2017,1.2246467991473532e-16,-1.0,147281
Abitibi-Témiscamingue,INDUSTRIEL,322829067.5183334,2017,-0.4999999999999997,-0.8660254037844388,147281
Abitibi-Témiscamingue,COMMERCIAL,36052599.0,2017,-0.8660254037844385,-0.5000000000000004,147281
Abitibi-Témiscamingue,INDUSTRIEL,323981455.3698214,2017,-0.8660254037844385,-0.5000000000000004,147281
Abitibi-Témiscamingue,INSTITUTIONNEL,16098143.351612903,2017,-0.8660254037844385,-0.5000000000000004,147281
Abitibi-Témiscamingue,AGRICOLE,2314938.0,2017,-1.0,-1.8369701987210297e-16,147281
Abitibi-Témiscamingue,COMMERCIAL,34750581.0,2017,-1.0,-1.8369701987210297e-16,147281
Abitibi-Témiscamingue,RÉSIDENTIEL,57306115.0,2017,-1.0,-1.8369701987210297e-16,147281
Abitibi-Témiscamingue,INSTITUTIONNEL,19243363.029784948,2017,-0.8660254037844386,0.5000000000000001,147281
Abitibi-Témiscamingue,AGRICOLE,4105425.0,2017,-2.4492935982947064e-16,1.0,147281
Abitibi-Témiscamingue,INDUSTRIEL,328897882.6778834,2017,-2.4492935982947064e-16,1.0,147281
Abitibi-Témiscamingue,INSTITUTIONNEL,32449869.13548387,2017,-2.4492935982947064e-16,1.0,147281
Abitibi-Témiscamingue,RÉSIDENTIEL,190741255.0,2018,0.49999999999999994,0.8660254037844387,147199
Abitibi-Témiscamingue,COMMERCIAL,53958368.0,2018,0.8660254037844386,0.5000000000000001,147199
Abitibi-Témiscamingue,AGRICOLE,3144584.0,2018,0.8660254037844387,-0.4999999999999998,147199
Abitibi-Témiscamingue,COMMERCIAL,46705000.0,2018,0.8660254037844387,-0.4999999999999998,147199
Abitibi-Témiscamingue,INSTITUTIONNEL,23781649.83870968,2018,0.8660254037844387,-0.4999999999999998,147199
Abitibi-Témiscamingue,RÉSIDENTIEL,118628031.0,2018,0.8660254037844387,-0.4999999999999998,147199
Abitibi-Témiscamingue,INDUSTRIEL,323326498.35957724,2018,0.49999999999999994,-0.8660254037844387,147199
Abitibi-Témiscamingue,INSTITUTIONNEL,18194325.04129032,2018,0.49999999999999994,-0.8660254037844387,147199
Abitibi-Témiscamingue,AGRICOLE,2271255.0,2018,1.2246467991473532e-16,-1.0,147199
Abitibi-Témiscamingue,RÉSIDENTIEL,59823768.0,2018,1.2246467991473532e-16,-1.0,147199
Abitibi-Témiscamingue,COMMERCIAL,37448905.0,2018,-0.4999999999999997,-0.8660254037844388,147199
Abitibi-Témiscamingue,AGRICOLE,2435126.0,2018,-1.0,-1.8369701987210297e-16,147199
Abitibi-Témiscamingue,COMMERCIAL,34136388.0,2018,-1.0,-1.8369701987210297e-16,147199
Abitibi-Témiscamingue,RÉSIDENTIEL,60841953.0,2018,-1.0,-1.8369701987210297e-16,147199
Abitibi-Témiscamingue,INDUSTRIEL,328821954.68902296,2018,-0.8660254037844386,0.5000000000000001,147199
Abitibi-Témiscamingue,INSTITUTIONNEL,23210483.59107527,2018,-0.8660254037844386,0.5000000000000001,147199
Abitibi-Témiscamingue,AGRICOLE,3244743.0,2018,-0.5000000000000004,0.8660254037844384,147199
Abitibi-Témiscamingue,RÉSIDENTIEL,134693591.0,2018,-0.5000000000000004,0.8660254037844384,147199
Abitibi-Témiscamingue,COMMERCIAL,63138099.0,2019,0.49999999999999994,0.8660254037844387,147202
Abitibi-Témiscamingue,INDUSTRIEL,334722195.0557834,2019,0.49999999999999994,0.8660254037844387,147202
Abitibi-Témiscamingue,RÉSIDENTIEL,159976478.0,2019,0.8660254037844386,0.5000000000000001,147202
Abitibi-Témiscamingue,COMMERCIAL,53012627.0,2019,1.0,6.123233995736766e-17,147202
Abitibi-Témiscamingue,RÉSIDENTIEL,146973282.0,2019,1.0,6.123233995736766e-17,147202
Abitibi-Témiscamingue,AGRICOLE,3107489.0,2019,0.8660254037844387,-0.4999999999999998,147202
Abitibi-Témiscamingue,COMMERCIAL,39115164.0,2019,0.49999999999999994,-0.8660254037844387,147202
Abitibi-Témiscamingue,INSTITUTIONNEL,15426313.723010752,2019,1.2246467991473532e-16,-1.0,147202
Abitibi-Témiscamingue,RÉSIDENTIEL,58017575.0,2019,-0.4999999999999997,-0.8660254037844388,147202
Abitibi-Témiscamingue,INDUSTRIEL,303711140.6527002,2019,-0.8660254037844385,-0.5000000000000004,147202
Abitibi-Témiscamingue,INSTITUTIONNEL,15486738.44516129,2019,-0.8660254037844385,-0.5000000000000004,147202
Abitibi-Témiscamingue,INSTITUTIONNEL,16616980.286989246,2019,-1.0,-1.8369701987210297e-16,147202
Abitibi-Témiscamingue,INDUSTRIEL,320254506.33152294,2019,-0.8660254037844386,0.5000000000000001,147202
Abitibi-Témiscamingue,INSTITUTIONNEL,26360822.50645161,2019,-0.5000000000000004,0.8660254037844384,147202
Abitibi-Témiscamingue,AGRICOLE,4002809.0,2019,-2.4492935982947064e-16,1.0,147202
Abitibi-Témiscamingue,COMMERCIAL,56794639.0,2019,-2.4492935982947064e-16,1.0,147202
Abitibi-Témiscamingue,INDUSTRIEL,323606837.453143,2019,-2.4492935982947064e-16,1.0,147202
Abitibi-Témiscamingue,AGRICOLE,4026274.0,2020,0.49999999999999994,0.8660254037844387,147435
Abitibi-Témiscamingue,COMMERCIAL,58005857.0,2020,0.49999999999999994,0.8660254037844387,147435
Abitibi-Témiscamingue,INSTITUTIONNEL,28520270.50333333,2020,0.8660254037844386,0.5000000000000001,147435
Abitibi-Témiscamingue,COMMERCIAL,48636875.0,2020,1.0,6.123233995736766e-17,147435
Abitibi-Témiscamingue,RÉSIDENTIEL,134714427.0,2020,1.0,6.123233995736766e-17,147435
Abitibi-Témiscamingue,AGRICOLE,3061756.0,2020,0.8660254037844387,-0.4999999999999998,147435
Abitibi-Témiscamingue,INDUSTRIEL,226369116.68205827,2020,0.8660254037844387,-0.4999999999999998,147435
Abitibi-Témiscamingue,INSTITUTIONNEL,20277480.34,2020,0.8660254037844387,-0.4999999999999998,147435
Abitibi-Témiscamingue,INSTITUTIONNEL,17913242.801935483,2020,0.49999999999999994,-0.8660254037844387,147435
Abitibi-Témiscamingue,AGRICOLE,2416333.0,2020,1.2246467991473532e-16,-1.0,147435
Abitibi-Témiscamingue,COMMERCIAL,35512512.0,2020,-0.4999999999999997,-0.8660254037844388,147435
Abitibi-Témiscamingue,INDUSTRIEL,262108703.9881256,2020,-0.4999999999999997,-0.8660254037844388,147435
Abitibi-Témiscamingue,INSTITUTIONNEL,15005918.572473118,2020,-0.4999999999999997,-0.8660254037844388,147435
Abitibi-Témiscamingue,RÉSIDENTIEL,62463795.0,2020,-0.4999999999999997,-0.8660254037844388,147435
Abitibi-Témiscamingue,AGRICOLE,2603891.0,2020,-1.0,-1.8369701987210297e-16,147435
Abitibi-Témiscamingue,INDUSTRIEL,252659367.2130655,2020,-1.0,-1.8369701987210297e-16,147435
Abitibi-Témiscamingue,INSTITUTIONNEL,16577660.48688172,2020,-1.0,-1.8369701987210297e-16,147435
Abitibi-Témiscamingue,RÉSIDENTIEL,66297028.0,2020,-1.0,-1.8369701987210297e-16,147435
Abitibi-Témiscamingue,INSTITUTIONNEL,21965952.322795697,2020,-0.8660254037844386,0.5000000000000001,147435
Abitibi-Témiscamingue,RÉSIDENTIEL,101564701.0,2020,-0.8660254037844386,0.5000000000000001,147435
Abitibi-Témiscamingue,AGRICOLE,3153266.0,2020,-0.5000000000000004,0.8660254037844384,147435
Abitibi-Témiscamingue,INDUSTRIEL,266313198.5398437,2020,-0.5000000000000004,0.8660254037844384,147435
Abitibi-Témiscamingue,RÉSIDENTIEL,118378689.0,2020,-0.5000000000000004,0.8660254037844384,147435
Abitibi-Témiscamingue,RÉSIDENTIEL,164762228.0,2020,-2.4492935982947064e-16,1.0,147435
Abitibi-Témiscamingue,COMMERCIAL,55692679.0,2021,0.49999999999999994,0.8660254037844387,147838
Abitibi-Témiscamingue,INSTITUTIONNEL,29540175.79288098,2021,0.49999999999999994,0.8660254037844387,147838
Abitibi-Témiscamingue,RÉSIDENTIEL,167841636.0,2021,0.49999999999999994,0.8660254037844387,147838
Abitibi-Témiscamingue,COMMERCIAL,54053549.0,2021,0.8660254037844386,0.5000000000000001,147838
Abitibi-Témiscamingue,COMMERCIAL,51988273.0,2021,1.0,6.123233995736766e-17,147838
Abitibi-Témiscamingue,COMMERCIAL,39973600.0,2021,0.8660254037844387,-0.4999999999999998,147838
Abitibi-Témiscamingue,AGRICOLE,2744983.0,2021,0.49999999999999994,-0.8660254037844387,147838
Abitibi-Témiscamingue,INDUSTRIEL,269282910.07501054,2021,0.49999999999999994,-0.8660254037844387,147838
Abitibi-Témiscamingue,AGRICOLE,2438475.0,2021,1.2246467991473532e-16,-1.0,147838
Abitibi-Témiscamingue,INDUSTRIEL,256374211.67916667,2021,1.2246467991473532e-16,-1.0,147838
Abitibi-Témiscamingue,INSTITUTIONNEL,14580142.58688172,2021,1.2246467991473532e-16,-1.0,147838
Abitibi-Témiscamingue,INSTITUTIONNEL,14568185.355053764,2021,-0.4999999999999997,-0.8660254037844388,147838
Abitibi-Témiscamingue,RÉSIDENTIEL,61503551.0,2021,-0.4999999999999997,-0.8660254037844388,147838
Abitibi-Témiscamingue,COMMERCIAL,35031216.0,2021,-0.8660254037844385,-0.5000000000000004,147838
Abitibi-Témiscamingue,RÉSIDENTIEL,62303088.0,2021,-0.8660254037844385,-0.5000000000000004,147838
Abitibi-Témiscamingue,COMMERCIAL,32514411.0,2021,-1.0,-1.8369701987210297e-16,147838
Abitibi-Témiscamingue,INSTITUTIONNEL,15987560.581182797,2021,-1.0,-1.8369701987210297e-16,147838
Abitibi-Témiscamingue,AGRICOLE,2848507.0,2021,-0.8660254037844386,0.5000000000000001,147838
Abitibi-Témiscamingue,COMMERCIAL,36167131.0,2021,-0.8660254037844386,0.5000000000000001,147838
Abitibi-Témiscamingue,RÉSIDENTIEL,77466519.0,2021,-0.8660254037844386,0.5000000000000001,147838
Abitibi-Témiscamingue,AGRICOLE,3262066.0,2021,-0.5000000000000004,0.8660254037844384,147838
Abitibi-Témiscamingue,COMMERCIAL,55639861.0,2021,-2.4492935982947064e-16,1.0,147838
Abitibi-Témiscamingue,INDUSTRIEL,288848809.5663851,2021,-2.4492935982947064e-16,1.0,147838
Abitibi-Témiscamingue,RÉSIDENTIEL,169420833.0,2021,-2.4492935982947064e-16,1.0,147838
Abitibi-Témiscamingue,COMMERCIAL,65529420.0,2022,0.49999999999999994,0.8660254037844387,148118
Abitibi-Témiscamingue,AGRICOLE,4297697.0,2022,0.8660254037844386,0.5000000000000001,148118
Abitibi-Témiscamingue,INSTITUTIONNEL,28393684.47,2022,1.0,6.123233995736766e-17,148118
Abitibi-Témiscamingue,COMMERCIAL,42269457.0,2022,0.8660254037844387,-0.4999999999999998,148118
Abitibi-Témiscamingue,AGRICOLE,2458256.0,2022,1.2246467991473532e-16,-1.0,148118
Abitibi-Témiscamingue,INDUSTRIEL,272450874.99206245,2022,-0.4999999999999997,-0.8660254037844388,148118
Abitibi-Témiscamingue,INSTITUTIONNEL,14491294.661075268,2022,-0.4999999999999997,-0.8660254037844388,148118
Abitibi-Témiscamingue,AGRICOLE,2687858.0,2022,-0.8660254037844385,-0.5000000000000004,148118
Abitibi-Témiscamingue,INSTITUTIONNEL,15338672.36451613,2022,-0.8660254037844385,-0.5000000000000004,148118
Abitibi-Témiscamingue,RÉSIDENTIEL,61516935.0,2022,-0.8660254037844385,-0.5000000000000004,148118
Abitibi-Témiscamingue,COMMERCIAL,31755017.0,2022,-1.0,-1.8369701987210297e-16,148118
Abitibi-Témiscamingue,INDUSTRIEL,265132810.42467588,2022,-1.0,-1.8369701987210297e-16,148118
Abitibi-Témiscamingue,AGRICOLE,2951269.0,2022,-0.8660254037844386,0.5000000000000001,148118
Abitibi-Témiscamingue,COMMERCIAL,36020365.0,2022,-0.8660254037844386,0.5000000000000001,148118
Abitibi-Témiscamingue,INDUSTRIEL,287076954.8440161,2022,-0.8660254037844386,0.5000000000000001,148118
Abitibi-Témiscamingue,AGRICOLE,3373572.0,2022,-0.5000000000000004,0.8660254037844384,148118
Abitibi-Témiscamingue,COMMERCIAL,44851001.0,2022,-0.5000000000000004,0.8660254037844384,148118
Abitibi-Témiscamingue,INSTITUTIONNEL,24680710.54193548,2022,-0.5000000000000004,0.8660254037844384,148118
Abitibi-Témiscamingue,RÉSIDENTIEL,161874589.0,2022,-2.4492935982947064e-16,1.0,148118
Abitibi-Témiscamingue,AGRICOLE,4343906.0,2023,0.49999999999999994,0.8660254037844387,148564
Abitibi-Témiscamingue,COMMERCIAL,56300257.0,2023,0.49999999999999994,0.8660254037844387,148564
Abitibi-Témiscamingue,RÉSIDENTIEL,173605358.0,2023,0.49999999999999994,0.8660254037844387,148564
Abitibi-Témiscamingue,AGRICOLE,4179322.0,2023,0.8660254037844386,0.5000000000000001,148564
Abitibi-Témiscamingue,COMMERCIAL,53424165.0,2023,0.8660254037844386,0.5000000000000001,148564
Abitibi-Témiscamingue,INDUSTRIEL,257694023.3574788,2023,0.8660254037844386,0.5000000000000001,148564
Abitibi-Témiscamingue,INSTITUTIONNEL,29871624.488045976,2023,0.8660254037844386,0.5000000000000001,148564
Abitibi-Témiscamingue,COMMERCIAL,51498281.0,2023,1.0,6.123233995736766e-17,148564
Abitibi-Témiscamingue,INDUSTRIEL,288776121.85262793,2023,1.0,6.123233995736766e-17,148564
Abitibi-Témiscamingue,AGRICOLE,3367460.0,2023,0.8660254037844387,-0.4999999999999998,148564
Abitibi-Témiscamingue,RÉSIDENTIEL,108612803.0,2023,0.8660254037844387,-0.4999999999999998,148564
Abitibi-Témiscamingue,AGRICOLE,2956651.0,2023,0.49999999999999994,-0.8660254037844387,148564
Abitibi-Témiscamingue,COMMERCIAL,34676518.0,2023,0.49999999999999994,-0.8660254037844387,148564
Abitibi-Témiscamingue,AGRICOLE,2612962.0,2023,1.2246467991473532e-16,-1.0,148564
Abitibi-Témiscamingue,COMMERCIAL,31104058.0,2023,1.2246467991473532e-16,-1.0,148564
Abitibi-Témiscamingue,INDUSTRIEL,261009371.9221994,2023,1.2246467991473532e-16,-1.0,148564
Abitibi-Témiscamingue,INSTITUTIONNEL,14684510.862043012,2023,1.2246467991473532e-16,-1.0,148564
Abitibi-Témiscamingue,INDUSTRIEL,267002674.0393452,2023,-0.4999999999999997,-0.8660254037844388,148564
Abitibi-Témiscamingue,INDUSTRIEL,271167600.3816816,2023,-0.8660254037844385,-0.5000000000000004,148564
Abitibi-Témiscamingue,INSTITUTIONNEL,15274549.748387096,2023,-0.8660254037844385,-0.5000000000000004,148564
Abitibi-Témiscamingue,RÉSIDENTIEL,60919877.0,2023,-0.8660254037844385,-0.5000000000000004,148564
Abitibi-Témiscamingue,COMMERCIAL,35990819.0,2023,-0.8660254037844386,0.5000000000000001,148564
Abitibi-Témiscamingue,COMMERCIAL,48628149.0,2023,-0.5000000000000004,0.8660254037844384,148564
Abitibi-Témiscamingue,RÉSIDENTIEL,135491907.0,2023,-0.5000000000000004,0.8660254037844384,148564
Abitibi-Témiscamingue,AGRICOLE,4235599.0,2023,-2.4492935982947064e-16,1.0,148564
Abitibi-Témiscamingue,COMMERCIAL,52404969.0,2023,-2.4492935982947064e-16,1.0,148564
Bas-Saint-Laurent,INDUSTRIEL,,2016,0.49999999999999994,0.8660254037844387,197289
Bas-Saint-Laurent,INDUSTRIEL,,2016,0.8660254037844386,0.5000000000000001,197289
Bas-Saint-Laurent,RÉSIDENTIEL,,2016,0.8660254037844386,0.5000000000000001,197289
Bas-Saint-Laurent,AGRICOLE,,2016,1.0,6.123233995736766e-17,197289
Bas-Saint-Laurent,COMMERCIAL,,2016,1.0,6.123233995736766e-17,197289
Bas-Saint-Laurent,COMMERCIAL,,2016,0.8660254037844387,-0.4999999999999998,197289
Bas-Saint-Laurent,RÉSIDENTIEL,,2016,0.8660254037844387,-0.4999999999999998,197289
Bas-Saint-Laurent,AGRICOLE,,2016,0.49999999999999994,-0.8660254037844387,197289
Bas-Saint-Laurent,INSTITUTIONNEL,,2016,0.49999999999999994,-0.8660254037844387,197289
Bas-Saint-Laurent,RÉSIDENTIEL,,2016,0.49999999999999994,-0.8660254037844387,197289
Bas-Saint-Laurent,COMMERCIAL,,2016,1.2246467991473532e-16,-1.0,197289
Bas-Saint-Laurent,INDUSTRIEL,,2016,1.2246467991473532e-16,-1.0,197289
Bas-Saint-Laurent,INSTITUTIONNEL,,2016,-0.4999999999999997,-0.8660254037844388,197289
Bas-Saint-Laurent,AGRICOLE,,2016,-0.8660254037844385,-0.5000000000000004,197289
Bas-Saint-Laurent,INDUSTRIEL,,2016,-0.8660254037844385,-0.5000000000000004,197289
Bas-Saint-Laurent,COMMERCIAL,,2016,-1.0,-1.8369701987210297e-16,197289
Bas-Saint-Laurent,INDUSTRIEL,,2016,-1.0,-1.8369701987210297e-16,197289
Bas-Saint-Laurent,INSTITUTIONNEL,,2016,-1.0,-1.8369701987210297e-16,197289
Bas-Saint-Laurent,AGRICOLE,,2016,-0.8660254037844386,0.5000000000000001,197289
Bas-Saint-Laurent,INDUSTRIEL,,2016,-0.5000000000000004,0.8660254037844384,197289
Bas-Saint-Laurent,RÉSIDENTIEL,,2016,-0.5000000000000004,0.8660254037844384,197289
Bas-Saint-Laurent,COMMERCIAL,,2016,-2.4492935982947064e-16,1.0,197289
Bas-Saint-Laurent,INDUSTRIEL,,2016,-2.4492935982947064e-16,1.0,197289
Bas-Saint-Laurent,AGRICOLE,,2017,0.8660254037844386,0.5000000000000001,197131
Bas-Saint-Laurent,AGRICOLE,,2017,1.0,6.123233995736766e-17,197131
Bas-Saint-Laurent,INDUSTRIEL,,2017,1.0,6.123233995736766e-17,197131
Bas-Saint-Laurent,INSTITUTIONNEL,,2017,0.8660254037844387,-0.4999999999999998,197131
Bas-Saint-Laurent,RÉSIDENTIEL,,2017,0.8660254037844387,-0.4999999999999998,197131
Bas-Saint-Laurent,INDUSTRIEL,,2017,0.49999999999999994,-0.8660254037844387,197131
Bas-Saint-Laurent,AGRICOLE,,2017,1.2246467991473532e-16,-1.0,197131
Bas-Saint-Laurent,INDUSTRIEL,,2017,1.2246467991473532e-16,-1.0,197131
Bas-Saint-Laurent,INSTITUTIONNEL,,2017,1.2246467991473532e-16,-1.0,197131
Bas-Saint-Laurent,AGRICOLE,,2017,-0.4999999999999997,-0.8660254037844388,197131
Bas-Saint-Laurent,INSTITUTIONNEL,,2017,-0.8660254037844385,-0.5000000000000004,197131
Bas-Saint-Laurent,AGRICOLE,,2017,-1.0,-1.8369701987210297e-16,197131
Bas-Saint-Laurent,COMMERCIAL,,2017,-1.0,-1.8369701987210297e-16,197131
Bas-Saint-Laurent,INDUSTRIEL,,2017,-1.0,-1.8369701987210297e-16,197131
Bas-Saint-Laurent,RÉSIDENTIEL,,2017,-1.0,-1.8369701987210297e-16,197131
Bas-Saint-Laurent,COMMERCIAL,,2017,-0.8660254037844386,0.5000000000000001,197131
Bas-Saint-Laurent,RÉSIDENTIEL,,2017,-0.8660254037844386,0.5000000000000001,197131
Bas-Saint-Laurent,COMMERCIAL,,2017,-0.5000000000000004,0.8660254037844384,197131
Bas-Saint-Laurent,COMMERCIAL,,2017,-2.4492935982947064e-16,1.0,197131
Bas-Saint-Laurent,RÉSIDENTIEL,,2017,-2.4492935982947064e-16,1.0,197131
Bas-Saint-Laurent,INSTITUTIONNEL,,2018,0.49999999999999994,0.8660254037844387,196879
Bas-Saint-Laurent,RÉSIDENTIEL,,2018,0.49999999999999994,0.8660254037844387,196879
Bas-Saint-Laurent,COMMERCIAL,,2018,0.8660254037844386,0.5000000000000001,196879
Bas-Saint-Laurent,RÉSIDENTIEL,,2018,0.8660254037844386,0.5000000000000001,196879
Bas-Saint-Laurent,INDUSTRIEL,,2018,0.49999999999999994,-0.8660254037844387,196879
Bas-Saint-Laurent,INDUSTRIEL,,2018,1.2246467991473532e-16,-1.0,196879
Bas-Saint-Laurent,COMMERCIAL,,2018,-0.4999999999999997,-0.8660254037844388,196879
Bas-Saint-Laurent,RÉSIDENTIEL,,2018,-0.4999999999999997,-0.8660254037844388,196879
Bas-Saint-Laurent,COMMERCIAL,,2018,-0.8660254037844385,-0.5000000000000004,196879
Bas-Saint-Laurent,RÉSIDENTIEL,,2018,-0.8660254037844385,-0.5000000000000004,196879
Bas-Saint-Laurent,AGRICOLE,,2018,-1.0,-1.8369701987210297e-16,196879
Bas-Saint-Laurent,INDUSTRIEL,,2018,-1.0,-1.8369701987210297e-16,196879
Bas-Saint-Laurent,AGRICOLE,,2018,-0.5000000000000004,0.8660254037844384,196879
Bas-Saint-Laurent,INDUSTRIEL,,2018,-0.5000000000000004,0.8660254037844384,196879
Bas-Saint-Laurent,INSTITUTIONNEL,,2018,-0.5000000000000004,0.8660254037844384,196879
Bas-Saint-Laurent,AGRICOLE,,2018,-2.4492935982947064e-16,1.0,196879
Bas-Saint-Laurent,INDUSTRIEL,,2018,-2.4492935982947064e-16,1.0,196879
Bas-Saint-Laurent,RÉSIDENTIEL,,2018,-2.4492935982947064e-16,1.0,196879
Bas-Saint-Laurent,INSTITUTIONNEL,,2019,0.49999999999999994,0.8660254037844387,197170
Bas-Saint-Laurent,RÉSIDENTIEL,,2019,0.49999999999999994,0.8660254037844387,197170
Bas-Saint-Laurent,COMMERCIAL,,2019,1.0,6.123233995736766e-17,197170
Bas-Saint-Laurent,INDUSTRIEL,,2019,1.0,6.123233995736766e-17,197170
Bas-Saint-Laurent,INSTITUTIONNEL,,2019,1.0,6.123233995736766e-17,197170
Bas-Saint-Laurent,AGRICOLE,,2019,0.8660254037844387,-0.4999999999999998,197170
Bas-Saint-Laurent,COMMERCIAL,,2019,0.8660254037844387,-0.4999999999999998,197170
Bas-Saint-Laurent,INDUSTRIEL,,2019,0.8660254037844387,-0.4999999999999998,197170
Bas-Saint-Laurent,COMMERCIAL,,2019,0.49999999999999994,-0.8660254037844387,197170
Bas-Saint-Laurent,AGRICOLE,,2019,1.2246467991473532e-16,-1.0,197170
Bas-Saint-Laurent,COMMERCIAL,,2019,1.2246467991473532e-16,-1.0,197170
Bas-Saint-Laurent,INDUSTRIEL,,2019,1.2246467991473532e-16,-1.0,197170
Bas-Saint-Laurent,AGRICOLE,,2019,-0.4999999999999997,-0.8660254037844388,197170
Bas-Saint-Laurent,COMMERCIAL,,2019,-0.4999999999999997,-0.8660254037844388,197170
Bas-Saint-Laurent,AGRICOLE,,2019,-0.8660254037844385,-0.5000000000000004,197170
Bas-Saint-Laurent,COMMERCIAL,,2019,-0.8660254037844385,-0.5000000000000004,197170
Bas-Saint-Laurent,INDUSTRIEL,,2019,-0.8660254037844385,-0.5000000000000004,197170
Bas-Saint-Laurent,AGRICOLE,,2019,-0.8660254037844386,0.5000000000000001,197170
Bas-Saint-Laurent,INSTITUTIONNEL,,2019,-0.8660254037844386,0.5000000000000001,197170
Bas-Saint-Laurent,AGRICOLE,,2019,-0.5000000000000004,0.8660254037844384,197170
Bas-Saint-Laurent,COMMERCIAL,,2019,-0.5000000000000004,0.8660254037844384,197170
Bas-Saint-Laurent,COMMERCIAL,,2019,-2.4492935982947064e-16,1.0,197170
Bas-Saint-Laurent,AGRICOLE,,2020,0.49999999999999994,0.8660254037844387,197815
Bas-Saint-Laurent,COMMERCIAL,,2020,0.49999999999999994,0.8660254037844387,197815
Bas-Saint-Laurent,INSTITUTIONNEL,,2020,0.49999999999999994,0.8660254037844387,197815
Bas-Saint-Laurent,RÉSIDENTIEL,,2020,0.49999999999999994,0.8660254037844387,197815
Bas-Saint-Laurent,AGRICOLE,,2020,0.8660254037844386,0.5000000000000001,197815
Bas-Saint-Laurent,COMMERCIAL,,2020,0.8660254037844386,0.5000000000000001,197815
Bas-Saint-Laurent,INDUSTRIEL,,2020,0.8660254037844386,0.5000000000000001,197815
Bas-Saint-Laurent,COMMERCIAL,,2020,1.0,6.123233995736766e-17,197815
Bas-Saint-Laurent,RÉSIDENTIEL,,2020,1.0,6.123233995736766e-17,197815
Bas-Saint-Laurent,INSTITUTIONNEL,,2020,0.8660254037844387,-0.4999999999999998,197815
Bas-Saint-Laurent,RÉSIDENTIEL,,2020,0.49999999999999994,-0.8660254037844387,197815
Bas-Saint-Laurent,COMMERCIAL,,2020,1.2246467991473532e-16,-1.0,197815
Bas-Saint-Laurent,RÉSIDENTIEL,,2020,1.2246467991473532e-16,-1.0,197815
Bas-Saint-Laurent,RÉSIDENTIEL,,2020,-0.4999999999999997,-0.8660254037844388,197815
Bas-Saint-Laurent,INDUSTRIEL,,2020,-0.8660254037844385,-0.5000000000000004,197815
Bas-Saint-Laurent,RÉSIDENTIEL,,2020,-0.8660254037844385,-0.5000000000000004,197815
Bas-Saint-Laurent,COMMERCIAL,,2020,-1.0,-1.8369701987210297e-16,197815
Bas-Saint-Laurent,INDUSTRIEL,,2020,-1.0,-1.8369701987210297e-16,197815
Bas-Saint-Laurent,RÉSIDENTIEL,,2020,-1.0,-1.8369701987210297e-16,197815
Bas-Saint-Laurent,INSTITUTIONNEL,,2020,-0.8660254037844386,0.5000000000000001,197815
Bas-Saint-Laurent,RÉSIDENTIEL,,2020,-2.4492935982947064e-16,1.0,197815
Bas-Saint-Laurent,AGRICOLE,,2021,0.49999999999999994,0.8660254037844387,199319
Bas-Saint-Laurent,COMMERCIAL,,2021,0.49999999999999994,0.8660254037844387,199319
Bas-Saint-Laurent,INDUSTRIEL,,2021,0.49999999999999994,0.8660254037844387,199319
Bas-Saint-Laurent,INSTITUTIONNEL,,2021,0.49999999999999994,0.8660254037844387,199319
Bas-Saint-Laurent,RÉSIDENTIEL,,2021,0.49999999999999994,0.8660254037844387,199319
Bas-Saint-Laurent,COMMERCIAL,,2021,1.0,6.123233995736766e-17,199319
Bas-Saint-Laurent,INDUSTRIEL,,2021,1.0,6.123233995736766e-17,199319
Bas-Saint-Laurent,INSTITUTIONNEL,,2021,1.0,6.123233995736766e-17,199319
Bas-Saint-Laurent,COMMERCIAL,,2021,0.8660254037844387,-0.4999999999999998,199319
Bas-Saint-Laurent,INDUSTRIEL,,2021,0.8660254037844387,-0.4999999999999998,199319
Bas-Saint-Laurent,RÉSIDENTIEL,,2021,0.8660254037844387,-0.4999999999999998,199319
Bas-Saint-Laurent,INDUSTRIEL,,2021,0.49999999999999994,-0.8660254037844387,199319
Bas-Saint-Laurent,INSTITUTIONNEL,,2021,0.49999999999999994,-0.8660254037844387,199319
Bas-Saint-Laurent,AGRICOLE,,2021,1.2246467991473532e-16,-1.0,199319
Bas-Saint-Laurent,INDUSTRIEL,,2021,1.2246467991473532e-16,-1.0,199319
Bas-Saint-Laurent,INSTITUTIONNEL,,2021,1.2246467991473532e-16,-1.0,199319
Bas-Saint-Laurent,COMMERCIAL,,2021,-0.4999999999999997,-0.8660254037844388,199319
Bas-Saint-Laurent,RÉSIDENTIEL,,2021,-0.4999999999999997,-0.8660254037844388,199319
Bas-Saint-Laurent,AGRICOLE,,2021,-0.8660254037844385,-0.5000000000000004,199319
Bas-Saint-Laurent,COMMERCIAL,,2021,-0.8660254037844385,-0.5000000000000004,199319
Bas-Saint-Laurent,RÉSIDENTIEL,,2021,-0.8660254037844385,-0.5000000000000004,199319
Bas-Saint-Laurent,AGRICOLE,,2021,-1.0,-1.8369701987210297e-16,199319
Bas-Saint-Laurent,COMMERCIAL,,2021,-1.0,-1.8369701987210297e-16,199319
Bas-Saint-Laurent,INDUSTRIEL,,2021,-0.8660254037844386,0.5000000000000001,199319
Bas-Saint-Laurent,AGRICOLE,,2021,-2.4492935982947064e-16,1.0,199319
Bas-Saint-Laurent,RÉSIDENTIEL,,2021,-2.4492935982947064e-16,1.0,199319
Bas-Saint-Laurent,COMMERCIAL,,2022,0.49999999999999994,0.8660254037844387,200929
Bas-Saint-Laurent,COMMERCIAL,,2022,0.8660254037844386,0.5000000000000001,200929
Bas-Saint-Laurent,RÉSIDENTIEL,,2022,0.8660254037844386,0.5000000000000001,200929
Bas-Saint-Laurent,COMMERCIAL,,2022,1.0,6.123233995736766e-17,200929
Bas-Saint-Laurent,COMMERCIAL,,2022,0.49999999999999994,-0.8660254037844387,200929
Bas-Saint-Laurent,INDUSTRIEL,,2022,1.2246467991473532e-16,-1.0,200929
Bas-Saint-Laurent,INSTITUTIONNEL,,2022,-0.4999999999999997,-0.8660254037844388,200929
Bas-Saint-Laurent,INSTITUTIONNEL,,2022,-0.8660254037844385,-0.5000000000000004,200929
Bas-Saint-Laurent,RÉSIDENTIEL,,2022,-0.8660254037844385,-0.5000000000000004,200929
Bas-Saint-Laurent,RÉSIDENTIEL,,2022,-1.0,-1.8369701987210297e-16,200929
Bas-Saint-Laurent,INSTITUTIONNEL,,2022,-0.8660254037844386,0.5000000000000001,200929
Bas-Saint-Laurent,AGRICOLE,,2022,-0.5000000000000004,0.8660254037844384,200929
Bas-Saint-Laurent,INDUSTRIEL,,2022,-0.5000000000000004,0.8660254037844384,200929
Bas-Saint-Laurent,INSTITUTIONNEL,,2022,-0.5000000000000004,0.8660254037844384,200929
Bas-Saint-Laurent,AGRICOLE,,2022,-2.4492935982947064e-16,1.0,200929
Bas-Saint-Laurent,RÉSIDENTIEL,,2022,-2.4492935982947064e-16,1.0,200929
Bas-Saint-Laurent,COMMERCIAL,,2023,0.49999999999999994,0.8660254037844387,202605
Bas-Saint-Laurent,AGRICOLE,,2023,0.8660254037844386,0.5000000000000001,202605
Bas-Saint-Laurent,COMMERCIAL,,2023,0.8660254037844386,0.5000000000000001,202605
Bas-Saint-Laurent,INSTITUTIONNEL,,2023,0.8660254037844386,0.5000000000000001,202605
Bas-Saint-Laurent,AGRICOLE,,2023,1.0,6.123233995736766e-17,202605
Bas-Saint-Laurent,COMMERCIAL,,2023,1.0,6.123233995736766e-17,202605
Bas-Saint-Laurent,INSTITUTIONNEL,,2023,1.0,6.123233995736766e-17,202605
Bas-Saint-Laurent,AGRICOLE,,2023,0.8660254037844387,-0.4999999999999998,202605
Bas-Saint-Laurent,RÉSIDENTIEL,,2023,0.49999999999999994,-0.8660254037844387,202605
Bas-Saint-Laurent,COMMERCIAL,,2023,1.2246467991473532e-16,-1.0,202605
Bas-Saint-Laurent,INSTITUTIONNEL,,2023,1.2246467991473532e-16,-1.0,202605
Bas-Saint-Laurent,RÉSIDENTIEL,,2023,-0.4999999999999997,-0.8660254037844388,202605
Bas-Saint-Laurent,COMMERCIAL,,2023,-0.8660254037844385,-0.5000000000000004,202605
Bas-Saint-Laurent,AGRICOLE,,2023,-1.0,-1.8369701987210297e-16,202605
Bas-Saint-Laurent,COMMERCIAL,,2023,-0.8660254037844386,0.5000000000000001,202605
Bas-Saint-Laurent,INDUSTRIEL,,2023,-0.8660254037844386,0.5000000000000001,202605
Bas-Saint-Laurent,AGRICOLE,,2023,-0.5000000000000004,0.8660254037844384,202605
Bas-Saint-Laurent,COMMERCIAL,,2023,-0.5000000000000004,0.8660254037844384,202605
Bas-Saint-Laurent,INSTITUTIONNEL,,2023,-0.5000000000000004,0.8660254037844384,202605
Bas-Saint-Laurent,RÉSIDENTIEL,,2023,-0.5000000000000004,0.8660254037844384,202605
Bas-Saint-Laurent,AGRICOLE,,2023,-2.4492935982947064e-16,1.0,202605
Bas-Saint-Laurent,INDUSTRIEL,,2023,-2.4492935982947064e-16,1.0,202605
Capitale-Nationale,INDUSTRIEL,530195959.2,2016,0.49999999999999994,0.8660254037844387,734543
Capitale-Nationale,RÉSIDENTIEL,861497173.0,2016,0.49999999999999994,0.8660254037844387,734543
Capitale-Nationale,INDUSTRIEL,501798508.0,2016,0.8660254037844386,0.5000000000000001,734543
Capitale-Nationale,RÉSIDENTIEL,751841787.0,2016,0.8660254037844386,0.5000000000000001,734543
Capitale-Nationale,AGRICOLE,7619323.0,2016,1.0,6.123233995736766e-17,734543
Capitale-Nationale,COMMERCIAL,254875713.9,2016,0.8660254037844387,-0.4999999999999998,734543
Capitale-Nationale,AGRICOLE,5368691.0,2016,0.49999999999999994,-0.8660254037844387,734543
Capitale-Nationale,COMMERCIAL,237361648.1,2016,0.49999999999999994,-0.8660254037844387,734543
Capitale-Nationale,INDUSTRIEL,530147304.6,2016,0.49999999999999994,-0.8660254037844387,734543
Capitale-Nationale,INSTITUTIONNEL,66102462.5,2016,0.49999999999999994,-0.8660254037844387,734543
Capitale-Nationale,AGRICOLE,4710001.0,2016,1.2246467991473532e-16,-1.0,734543
Capitale-Nationale,COMMERCIAL,232019663.5,2016,1.2246467991473532e-16,-1.0,734543
Capitale-Nationale,INSTITUTIONNEL,60897930.1,2016,1.2246467991473532e-16,-1.0,734543
Capitale-Nationale,COMMERCIAL,243134921.4,2016,-0.4999999999999997,-0.8660254037844388,734543
Capitale-Nationale,INDUSTRIEL,521164383.5,2016,-0.4999999999999997,-0.8660254037844388,734543
Capitale-Nationale,INSTITUTIONNEL,63522043.0,2016,-0.8660254037844385,-0.5000000000000004,734543
Capitale-Nationale,AGRICOLE,6538209.0,2016,-0.8660254037844386,0.5000000000000001,734543
Capitale-Nationale,INDUSTRIEL,535250595.1,2016,-0.8660254037844386,0.5000000000000001,734543
Capitale-Nationale,RÉSIDENTIEL,415870186.0,2016,-0.8660254037844386,0.5000000000000001,734543
Capitale-Nationale,INDUSTRIEL,521202449.50000006,2016,-0.5000000000000004,0.8660254037844384,734543
Capitale-Nationale,RÉSIDENTIEL,528624819.0,2016,-0.5000000000000004,0.8660254037844384,734543
Capitale-Nationale,AGRICOLE,8549118.0,2016,-2.4492935982947064e-16,1.0,734543
Capitale-Nationale,INDUSTRIEL,540335228.0,2016,-2.4492935982947064e-16,1.0,734543
Capitale-Nationale,AGRICOLE,8723407.0,2017,0.49999999999999994,0.8660254037844387,739593
Capitale-Nationale,COMMERCIAL,321783319.0,2017,0.49999999999999994,0.8660254037844387,739593
Capitale-Nationale,INDUSTRIEL,532596577.1,2017,0.49999999999999994,0.8660254037844387,739593
Capitale-Nationale,INSTITUTIONNEL,87150443.30000001,2017,0.49999999999999994,0.8660254037844387,739593
Capitale-Nationale,RÉSIDENTIEL,823829483.0,2017,0.49999999999999994,0.8660254037844387,739593
Capitale-Nationale,AGRICOLE,7555350.0,2017,0.8660254037844386,0.5000000000000001,739593
Capitale-Nationale,RÉSIDENTIEL,717062252.0,2017,0.8660254037844386,0.5000000000000001,739593
Capitale-Nationale,RÉSIDENTIEL,768503631.0,2017,1.0,6.123233995736766e-17,739593
Capitale-Nationale,AGRICOLE,5470094.0,2017,0.49999999999999994,-0.8660254037844387,739593
Capitale-Nationale,INSTITUTIONNEL,67469571.4,2017,0.49999999999999994,-0.8660254037844387,739593
Capitale-Nationale,INSTITUTIONNEL,59719070.4,2017,1.2246467991473532e-16,-1.0,739593
Capitale-Nationale,AGRICOLE,4891226.0,2017,-0.4999999999999997,-0.8660254037844388,739593
Capitale-Nationale,COMMERCIAL,247476362.3,2017,-0.4999999999999997,-0.8660254037844388,739593
Capitale-Nationale,AGRICOLE,5018066.0,2017,-0.8660254037844385,-0.5000000000000004,739593
Capitale-Nationale,COMMERCIAL,247324836.9,2017,-0.8660254037844385,-0.5000000000000004,739593
Capitale-Nationale,INDUSTRIEL,546484828.8,2017,-0.8660254037844385,-0.5000000000000004,739593
Capitale-Nationale,INSTITUTIONNEL,61428982.00000001,2017,-1.0,-1.8369701987210297e-16,739593
Capitale-Nationale,AGRICOLE,6276237.0,2017,-0.8660254037844386,0.5000000000000001,739593
Capitale-Nationale,COMMERCIAL,279236652.9,2017,-0.5000000000000004,0.8660254037844384,739593
Capitale-Nationale,INDUSTRIEL,542644565.3,2017,-0.5000000000000004,0.8660254037844384,739593
Capitale-Nationale,RÉSIDENTIEL,621379660.0,2017,-0.5000000000000004,0.8660254037844384,739593
Capitale-Nationale,AGRICOLE,9436108.0,2017,-2.4492935982947064e-16,1.0,739593
Capitale-Nationale,INSTITUTIONNEL,90968744.3,2017,-2.4492935982947064e-16,1.0,739593
Capitale-Nationale,INDUSTRIEL,496129892.33870965,2018,0.8660254037844386,0.5000000000000001,745809
Capitale-Nationale,INSTITUTIONNEL,82776317.4,2018,0.8660254037844386,0.5000000000000001,745809
Capitale-Nationale,INDUSTRIEL,560206863.9548388,2018,1.0,6.123233995736766e-17,745809
Capitale-Nationale,INSTITUTIONNEL,84122852.1,2018,1.0,6.123233995736766e-17,745809
Capitale-Nationale,AGRICOLE,6712188.0,2018,0.8660254037844387,-0.4999999999999998,745809
Capitale-Nationale,AGRICOLE,5051061.0,2018,0.49999999999999994,-0.8660254037844387,745809
Capitale-Nationale,INDUSTRIEL,554552175.6544087,2018,0.49999999999999994,-0.8660254037844387,745809
Capitale-Nationale,INDUSTRIEL,551387355.5460215,2018,-0.4999999999999997,-0.8660254037844388,745809
Capitale-Nationale,INSTITUTIONNEL,61531883.5,2018,-0.4999999999999997,-0.8660254037844388,745809
Capitale-Nationale,INSTITUTIONNEL,63770799.6,2018,-0.8660254037844385,-0.5000000000000004,745809
Capitale-Nationale,COMMERCIAL,236017866.4,2018,-1.0,-1.8369701987210297e-16,745809
Capitale-Nationale,INSTITUTIONNEL,62305073.3,2018,-1.0,-1.8369701987210297e-16,745809
Capitale-Nationale,INSTITUTIONNEL,75862888.9,2018,-0.8660254037844386,0.5000000000000001,745809
Capitale-Nationale,RÉSIDENTIEL,491532740.0,2018,-0.8660254037844386,0.5000000000000001,745809
Capitale-Nationale,INDUSTRIEL,556064540.8066667,2018,-2.4492935982947064e-16,1.0,745809
Capitale-Nationale,INSTITUTIONNEL,88667388.19999999,2018,-2.4492935982947064e-16,1.0,745809
Capitale-Nationale,RÉSIDENTIEL,842904251.0,2018,-2.4492935982947064e-16,1.0,745809
Capitale-Nationale,INDUSTRIEL,556589185.9032258,2019,0.49999999999999994,0.8660254037844387,753293
Capitale-Nationale,INDUSTRIEL,511407393.2967742,2019,0.8660254037844386,0.5000000000000001,753293
Capitale-Nationale,AGRICOLE,8223324.0,2019,1.0,6.123233995736766e-17,753293
Capitale-Nationale,AGRICOLE,7246266.0,2019,0.8660254037844387,-0.4999999999999998,753293
Capitale-Nationale,INDUSTRIEL,481546894.2707527,2019,1.2246467991473532e-16,-1.0,753293
Capitale-Nationale,INSTITUTIONNEL,59440660.0,2019,1.2246467991473532e-16,-1.0,753293
Capitale-Nationale,RÉSIDENTIEL,325400921.0,2019,-0.4999999999999997,-0.8660254037844388,753293
Capitale-Nationale,COMMERCIAL,251006226.8,2019,-0.8660254037844385,-0.5000000000000004,753293
Capitale-Nationale,INDUSTRIEL,498373479.8030107,2019,-0.8660254037844385,-0.5000000000000004,753293
Capitale-Nationale,COMMERCIAL,229157859.6,2019,-1.0,-1.8369701987210297e-16,753293
Capitale-Nationale,INSTITUTIONNEL,61766318.4,2019,-1.0,-1.8369701987210297e-16,753293
Capitale-Nationale,INSTITUTIONNEL,70684760.2,2019,-0.8660254037844386,0.5000000000000001,753293
Capitale-Nationale,RÉSIDENTIEL,665908057.0,2019,-0.5000000000000004,0.8660254037844384,753293
Capitale-Nationale,COMMERCIAL,326137769.29999995,2019,-2.4492935982947064e-16,1.0,753293
Capitale-Nationale,INDUSTRIEL,521719264.88623655,2019,-2.4492935982947064e-16,1.0,753293
Capitale-Nationale,RÉSIDENTIEL,830740713.0,2019,-2.4492935982947064e-16,1.0,753293
Capitale-Nationale,AGRICOLE,8556079.0,2020,0.8660254037844386,0.5000000000000001,759259
Capitale-Nationale,COMMERCIAL,308010836.1,2020,0.8660254037844386,0.5000000000000001,759259
Capitale-Nationale,INDUSTRIEL,510243451.44160175,2020,0.8660254037844386,0.5000000000000001,759259
Capitale-Nationale,COMMERCIAL,287187970.20000005,2020,1.0,6.123233995736766e-17,759259
Capitale-Nationale,INDUSTRIEL,551539951.1583983,2020,1.0,6.123233995736766e-17,759259
Capitale-Nationale,COMMERCIAL,223673495.3,2020,0.8660254037844387,-0.4999999999999998,759259
Capitale-Nationale,INDUSTRIEL,508513617.7301075,2020,0.8660254037844387,-0.4999999999999998,759259
Capitale-Nationale,INSTITUTIONNEL,67338334.8,2020,0.8660254037844387,-0.4999999999999998,759259
Capitale-Nationale,AGRICOLE,5072892.0,2020,0.49999999999999994,-0.8660254037844387,759259
Capitale-Nationale,INDUSTRIEL,496515972.52150536,2020,0.49999999999999994,-0.8660254037844387,759259
Capitale-Nationale,INDUSTRIEL,479172125.9784946,2020,1.2246467991473532e-16,-1.0,759259
Capitale-Nationale,INSTITUTIONNEL,54747185.99999999,2020,1.2246467991473532e-16,-1.0,759259
Capitale-Nationale,COMMERCIAL,238794665.7,2020,-0.8660254037844385,-0.5000000000000004,759259
Capitale-Nationale,INDUSTRIEL,520515066.5225806,2020,-0.8660254037844385,-0.5000000000000004,759259
Capitale-Nationale,INSTITUTIONNEL,58455757.89999999,2020,-0.8660254037844385,-0.5000000000000004,759259
Capitale-Nationale,AGRICOLE,5321293.0,2020,-1.0,-1.8369701987210297e-16,759259
Capitale-Nationale,COMMERCIAL,221887427.6,2020,-1.0,-1.8369701987210297e-16,759259
Capitale-Nationale,INDUSTRIEL,501444035.9935484,2020,-1.0,-1.8369701987210297e-16,759259
Capitale-Nationale,RÉSIDENTIEL,460675587.0,2020,-0.8660254037844386,0.5000000000000001,759259
Capitale-Nationale,COMMERCIAL,301053950.20000005,2020,-2.4492935982947064e-16,1.0,759259
Capitale-Nationale,INSTITUTIONNEL,83921895.8,2020,-2.4492935982947064e-16,1.0,759259
Capitale-Nationale,COMMERCIAL,309528624.29999995,2021,0.49999999999999994,0.8660254037844387,762707
Capitale-Nationale,INSTITUTIONNEL,87055589.0,2021,0.49999999999999994,0.8660254037844387,762707
Capitale-Nationale,AGRICOLE,7003670.0,2021,0.8660254037844386,0.5000000000000001,762707
Capitale-Nationale,AGRICOLE,7636776.0,2021,1.0,6.123233995736766e-17,762707
Capitale-Nationale,INSTITUTIONNEL,83551647.9,2021,1.0,6.123233995736766e-17,762707
Capitale-Nationale,RÉSIDENTIEL,713388598.0,2021,1.0,6.123233995736766e-17,762707
Capitale-Nationale,AGRICOLE,5874523.0,2021,0.8660254037844387,-0.4999999999999998,762707
Capitale-Nationale,COMMERCIAL,228460541.3,2021,0.8660254037844387,-0.4999999999999998,762707
Capitale-Nationale,INDUSTRIEL,533107651.3230108,2021,0.8660254037844387,-0.4999999999999998,762707
Capitale-Nationale,RÉSIDENTIEL,386927209.0,2021,0.49999999999999994,-0.8660254037844387,762707
Capitale-Nationale,COMMERCIAL,231986133.3,2021,1.2246467991473532e-16,-1.0,762707
Capitale-Nationale,INSTITUTIONNEL,58624071.0,2021,1.2246467991473532e-16,-1.0,762707
Capitale-Nationale,RÉSIDENTIEL,338878225.0,2021,1.2246467991473532e-16,-1.0,762707
Capitale-Nationale,RÉSIDENTIEL,340528631.0,2021,-0.4999999999999997,-0.8660254037844388,762707
Capitale-Nationale,AGRICOLE,5260421.0,2021,-1.0,-1.8369701987210297e-16,762707
Capitale-Nationale,INDUSTRIEL,532653045.50387096,2021,-1.0,-1.8369701987210297e-16,762707
Capitale-Nationale,COMMERCIAL,237739069.1,2021,-0.8660254037844386,0.5000000000000001,762707
Capitale-Nationale,RÉSIDENTIEL,378324872.0,2021,-0.8660254037844386,0.5000000000000001,762707
Capitale-Nationale,AGRICOLE,7146102.0,2021,-0.5000000000000004,0.8660254037844384,762707
Capitale-Nationale,RÉSIDENTIEL,584602482.0,2021,-0.5000000000000004,0.8660254037844384,762707
Capitale-Nationale,INDUSTRIEL,568663953.4849463,2021,-2.4492935982947064e-16,1.0,762707
Capitale-Nationale,INSTITUTIONNEL,86789776.7,2021,-2.4492935982947064e-16,1.0,762707
Capitale-Nationale,INDUSTRIEL,559255942.6806451,2022,0.49999999999999994,0.8660254037844387,774804
Capitale-Nationale,RÉSIDENTIEL,849393542.0,2022,0.8660254037844386,0.5000000000000001,774804
Capitale-Nationale,INSTITUTIONNEL,84291707.30000001,2022,1.0,6.123233995736766e-17,774804
Capitale-Nationale,AGRICOLE,7060951.0,2022,0.8660254037844387,-0.4999999999999998,774804
Capitale-Nationale,INDUSTRIEL,557356947.9744086,2022,0.49999999999999994,-0.8660254037844387,774804
Capitale-Nationale,INDUSTRIEL,545093801.9172043,2022,-0.4999999999999997,-0.8660254037844388,774804
Capitale-Nationale,INSTITUTIONNEL,58339555.0,2022,-0.4999999999999997,-0.8660254037844388,774804
Capitale-Nationale,RÉSIDENTIEL,348903706.0,2022,-0.4999999999999997,-0.8660254037844388,774804
Capitale-Nationale,COMMERCIAL,253082619.3,2022,-0.8660254037844385,-0.5000000000000004,774804
Capitale-Nationale,INDUSTRIEL,543595711.4548388,2022,-0.8660254037844385,-0.5000000000000004,774804
Capitale-Nationale,INSTITUTIONNEL,61118362.49999999,2022,-0.8660254037844385,-0.5000000000000004,774804
Capitale-Nationale,RÉSIDENTIEL,346176584.0,2022,-0.8660254037844385,-0.5000000000000004,774804
Capitale-Nationale,AGRICOLE,5321940.0,2022,-1.0,-1.8369701987210297e-16,774804
Capitale-Nationale,INSTITUTIONNEL,60629236.900000006,2022,-1.0,-1.8369701987210297e-16,774804
Capitale-Nationale,COMMERCIAL,240998788.6,2022,-0.8660254037844386,0.5000000000000001,774804
Capitale-Nationale,INSTITUTIONNEL,66208413.5,2022,-0.8660254037844386,0.5000000000000001,774804
Capitale-Nationale,COMMERCIAL,275531972.8,2022,-0.5000000000000004,0.8660254037844384,774804
Capitale-Nationale,INSTITUTIONNEL,75495067.4,2022,-0.5000000000000004,0.8660254037844384,774804
Capitale-Nationale,RÉSIDENTIEL,783314601.0,2022,-2.4492935982947064e-16,1.0,774804
Capitale-Nationale,AGRICOLE,8660741.0,2023,0.49999999999999994,0.8660254037844387,793001
Capitale-Nationale,COMMERCIAL,312004480.1,2023,0.8660254037844386,0.5000000000000001,793001
Capitale-Nationale,INDUSTRIEL,481842804.5419355,2023,0.8660254037844386,0.5000000000000001,793001
Capitale-Nationale,COMMERCIAL,299936954.3,2023,1.0,6.123233995736766e-17,793001
Capitale-Nationale,INSTITUTIONNEL,83296168.89999999,2023,1.0,6.123233995736766e-17,793001
Capitale-Nationale,INSTITUTIONNEL,70745262.80000001,2023,0.8660254037844387,-0.4999999999999998,793001
Capitale-Nationale,RÉSIDENTIEL,520865144.0,2023,0.8660254037844387,-0.4999999999999998,793001
Capitale-Nationale,INSTITUTIONNEL,64737885.1,2023,0.49999999999999994,-0.8660254037844387,793001
Capitale-Nationale,RÉSIDENTIEL,389457240.0,2023,0.49999999999999994,-0.8660254037844387,793001
Capitale-Nationale,AGRICOLE,5092471.0,2023,1.2246467991473532e-16,-1.0,793001
Capitale-Nationale,COMMERCIAL,237319029.6,2023,1.2246467991473532e-16,-1.0,793001
Capitale-Nationale,INDUSTRIEL,498446726.75806457,2023,1.2246467991473532e-16,-1.0,793001
Capitale-Nationale,COMMERCIAL,262135013.7,2023,-0.4999999999999997,-0.8660254037844388,793001
Capitale-Nationale,RÉSIDENTIEL,360944179.0,2023,-0.4999999999999997,-0.8660254037844388,793001
Capitale-Nationale,INSTITUTIONNEL,60257761.5,2023,-0.8660254037844385,-0.5000000000000004,793001
Capitale-Nationale,RÉSIDENTIEL,341904414.0,2023,-0.8660254037844385,-0.5000000000000004,793001
Capitale-Nationale,AGRICOLE,5628127.0,2023,-1.0,-1.8369701987210297e-16,793001
Capitale-Nationale,INDUSTRIEL,506863634.7713978,2023,-1.0,-1.8369701987210297e-16,793001
Capitale-Nationale,INSTITUTIONNEL,60585881.6,2023,-1.0,-1.8369701987210297e-16,793001
Capitale-Nationale,RÉSIDENTIEL,325570994.0,2023,-1.0,-1.8369701987210297e-16,793001
Capitale-Nationale,RÉSIDENTIEL,378453929.0,2023,-0.8660254037844386,0.5000000000000001,793001
Capitale-Nationale,AGRICOLE,7508185.0,2023,-0.5000000000000004,0.8660254037844384,793001
Capitale-Nationale,COMMERCIAL,291188269.1,2023,-0.5000000000000004,0.8660254037844384,793001
Capitale-Nationale,INSTITUTIONNEL,78816828.5,2023,-0.5000000000000004,0.8660254037844384,793001
Capitale-Nationale,RÉSIDENTIEL,652570425.0,2023,-0.5000000000000004,0.8660254037844384,793001
Capitale-Nationale,INDUSTRIEL,533972808.74860215,2023,-2.4492935982947064e-16,1.0,793001
Centre-du-Québec,AGRICOLE,26950372.0,2016,0.49999999999999994,0.8660254037844387,242995
Centre-du-Québec,COMMERCIAL,75170680.0,2016,0.49999999999999994,0.8660254037844387,242995
Centre-du-Québec,RÉSIDENTIEL,260710513.0,2016,0.49999999999999994,0.8660254037844387,242995
Centre-du-Québec,AGRICOLE,24821467.0,2016,0.8660254037844386,0.5000000000000001,242995
Centre-du-Québec,INDUSTRIEL,723910100.296798,2016,1.0,6.123233995736766e-17,242995
Centre-du-Québec,RÉSIDENTIEL,206677077.0,2016,1.0,6.123233995736766e-17,242995
Centre-du-Québec,COMMERCIAL,61483366.86666667,2016,0.8660254037844387,-0.4999999999999998,242995
Centre-du-Québec,INSTITUTIONNEL,19469083.633333333,2016,0.8660254037844387,-0.4999999999999998,242995
Centre-du-Québec,RÉSIDENTIEL,167612318.0,2016,0.8660254037844387,-0.4999999999999998,242995
Centre-du-Québec,COMMERCIAL,58227522.60430108,2016,0.49999999999999994,-0.8660254037844387,242995
Centre-du-Québec,INDUSTRIEL,720734487.191636,2016,0.49999999999999994,-0.8660254037844387,242995
Centre-du-Québec,AGRICOLE,19315642.0,2016,1.2246467991473532e-16,-1.0,242995
Centre-du-Québec,INSTITUTIONNEL,15302953.920967745,2016,1.2246467991473532e-16,-1.0,242995
Centre-du-Québec,AGRICOLE,20324410.0,2016,-0.4999999999999997,-0.8660254037844388,242995
Centre-du-Québec,INSTITUTIONNEL,14901441.656451613,2016,-0.4999999999999997,-0.8660254037844388,242995
Centre-du-Québec,RÉSIDENTIEL,107142227.0,2016,-0.8660254037844385,-0.5000000000000004,242995
Centre-du-Québec,AGRICOLE,19670414.0,2016,-1.0,-1.8369701987210297e-16,242995
Centre-du-Québec,COMMERCIAL,56825509.0,2016,-1.0,-1.8369701987210297e-16,242995
Centre-du-Québec,AGRICOLE,22130757.0,2016,-0.8660254037844386,0.5000000000000001,242995
Centre-du-Québec,INSTITUTIONNEL,20465455.16451613,2016,-0.5000000000000004,0.8660254037844384,242995
Centre-du-Québec,INDUSTRIEL,713988819.1496544,2016,-2.4492935982947064e-16,1.0,242995
Centre-du-Québec,COMMERCIAL,75695968.4,2017,0.49999999999999994,0.8660254037844387,244625
Centre-du-Québec,COMMERCIAL,68845094.8,2017,0.8660254037844386,0.5000000000000001,244625
Centre-du-Québec,INDUSTRIEL,739977473.7215246,2017,1.0,6.123233995736766e-17,244625
Centre-du-Québec,INSTITUTIONNEL,23688350.135714285,2017,1.0,6.123233995736766e-17,244625
Centre-du-Québec,COMMERCIAL,59848129.3,2017,0.8660254037844387,-0.4999999999999998,244625
Centre-du-Québec,AGRICOLE,20155234.0,2017,0.49999999999999994,-0.8660254037844387,244625
Centre-du-Québec,COMMERCIAL,58651788.9,2017,0.49999999999999994,-0.8660254037844387,244625
Centre-du-Québec,INDUSTRIEL,723046413.1078956,2017,0.49999999999999994,-0.8660254037844387,244625
Centre-du-Québec,INSTITUTIONNEL,17165838.89032258,2017,0.49999999999999994,-0.8660254037844387,244625
Centre-du-Québec,COMMERCIAL,57446582.2,2017,1.2246467991473532e-16,-1.0,244625
Centre-du-Québec,INDUSTRIEL,720631487.7640553,2017,-0.8660254037844385,-0.5000000000000004,244625
Centre-du-Québec,COMMERCIAL,59056075.3,2017,-1.0,-1.8369701987210297e-16,244625
Centre-du-Québec,INSTITUTIONNEL,16835848.665053762,2017,-1.0,-1.8369701987210297e-16,244625
Centre-du-Québec,AGRICOLE,20677653.0,2017,-0.8660254037844386,0.5000000000000001,244625
Centre-du-Québec,COMMERCIAL,60983920.2,2017,-0.8660254037844386,0.5000000000000001,244625
Centre-du-Québec,INSTITUTIONNEL,18041941.51236559,2017,-0.8660254037844386,0.5000000000000001,244625
Centre-du-Québec,RÉSIDENTIEL,108349989.0,2017,-0.8660254037844386,0.5000000000000001,244625
Centre-du-Québec,INSTITUTIONNEL,21097342.670967743,2017,-0.5000000000000004,0.8660254037844384,244625
Centre-du-Québec,INDUSTRIEL,708620941.6565998,2017,-2.4492935982947064e-16,1.0,244625
Centre-du-Québec,INSTITUTIONNEL,24164051.167741936,2017,-2.4492935982947064e-16,1.0,244625
Centre-du-Québec,RÉSIDENTIEL,274727435.0,2017,-2.4492935982947064e-16,1.0,244625
Centre-du-Québec,COMMERCIAL,85857470.2,2018,0.49999999999999994,0.8660254037844387,246007
Centre-du-Québec,RÉSIDENTIEL,289427476.0,2018,0.49999999999999994,0.8660254037844387,246007
Centre-du-Québec,AGRICOLE,24418265.0,2018,0.8660254037844386,0.5000000000000001,246007
Centre-du-Québec,COMMERCIAL,72911640.6,2018,0.8660254037844386,0.5000000000000001,246007
Centre-du-Québec,INDUSTRIEL,337426534.75069124,2018,0.8660254037844386,0.5000000000000001,246007
Centre-du-Québec,RÉSIDENTIEL,221509045.0,2018,0.8660254037844386,0.5000000000000001,246007
Centre-du-Québec,RÉSIDENTIEL,213143042.0,2018,1.0,6.123233995736766e-17,246007
Centre-du-Québec,AGRICOLE,24309579.0,2018,0.8660254037844387,-0.4999999999999998,246007
Centre-du-Québec,COMMERCIAL,66913356.3,2018,0.8660254037844387,-0.4999999999999998,246007
Centre-du-Québec,RÉSIDENTIEL,112664901.0,2018,0.49999999999999994,-0.8660254037844387,246007
Centre-du-Québec,AGRICOLE,19874606.0,2018,1.2246467991473532e-16,-1.0,246007
Centre-du-Québec,COMMERCIAL,61235795.7,2018,1.2246467991473532e-16,-1.0,246007
Centre-du-Québec,RÉSIDENTIEL,102598779.0,2018,1.2246467991473532e-16,-1.0,246007
Centre-du-Québec,COMMERCIAL,67267021.8,2018,-0.4999999999999997,-0.8660254037844388,246007
Centre-du-Québec,INDUSTRIEL,352279211.5027265,2018,-0.4999999999999997,-0.8660254037844388,246007
Centre-du-Québec,INSTITUTIONNEL,16176961.21451613,2018,-0.4999999999999997,-0.8660254037844388,246007
Centre-du-Québec,INDUSTRIEL,353671327.36896586,2018,-0.8660254037844385,-0.5000000000000004,246007
Centre-du-Québec,INSTITUTIONNEL,16717729.180645162,2018,-0.8660254037844385,-0.5000000000000004,246007
Centre-du-Québec,AGRICOLE,20300774.0,2018,-1.0,-1.8369701987210297e-16,246007
Centre-du-Québec,INDUSTRIEL,334155170.5718852,2018,-0.8660254037844386,0.5000000000000001,246007
Centre-du-Québec,RÉSIDENTIEL,147917103.0,2018,-0.8660254037844386,0.5000000000000001,246007
Centre-du-Québec,AGRICOLE,25687415.0,2018,-0.5000000000000004,0.8660254037844384,246007
Centre-du-Québec,COMMERCIAL,78199495.6,2018,-0.5000000000000004,0.8660254037844384,246007
Centre-du-Québec,RÉSIDENTIEL,206808962.0,2018,-0.5000000000000004,0.8660254037844384,246007
Centre-du-Québec,AGRICOLE,26897511.0,2018,-2.4492935982947064e-16,1.0,246007
Centre-du-Québec,COMMERCIAL,89957069.4,2019,0.49999999999999994,0.8660254037844387,247413
Centre-du-Québec,INDUSTRIEL,286410550.7073963,2019,0.49999999999999994,0.8660254037844387,247413
Centre-du-Québec,INSTITUTIONNEL,25483991.28387097,2019,0.49999999999999994,0.8660254037844387,247413
Centre-du-Québec,INDUSTRIEL,250614194.6038592,2019,0.8660254037844386,0.5000000000000001,247413
Centre-du-Québec,INSTITUTIONNEL,22757761.353225805,2019,0.8660254037844386,0.5000000000000001,247413
Centre-du-Québec,INDUSTRIEL,274162015.5824788,2019,1.0,6.123233995736766e-17,247413
Centre-du-Québec,INSTITUTIONNEL,20202823.433333334,2019,0.8660254037844387,-0.4999999999999998,247413
Centre-du-Québec,RÉSIDENTIEL,178881607.0,2019,0.8660254037844387,-0.4999999999999998,247413
Centre-du-Québec,RÉSIDENTIEL,129862210.0,2019,0.49999999999999994,-0.8660254037844387,247413
Centre-du-Québec,COMMERCIAL,61223051.1,2019,1.2246467991473532e-16,-1.0,247413
Centre-du-Québec,INDUSTRIEL,255631257.92434716,2019,1.2246467991473532e-16,-1.0,247413
Centre-du-Québec,INSTITUTIONNEL,15510554.5,2019,1.2246467991473532e-16,-1.0,247413
Centre-du-Québec,INDUSTRIEL,264054337.58316436,2019,-0.4999999999999997,-0.8660254037844388,247413
Centre-du-Québec,INSTITUTIONNEL,15926129.258064516,2019,-0.4999999999999997,-0.8660254037844388,247413
Centre-du-Québec,RÉSIDENTIEL,113127956.0,2019,-0.4999999999999997,-0.8660254037844388,247413
Centre-du-Québec,INDUSTRIEL,265190522.3146774,2019,-0.8660254037844385,-0.5000000000000004,247413
Centre-du-Québec,AGRICOLE,19662781.0,2019,-1.0,-1.8369701987210297e-16,247413
Centre-du-Québec,RÉSIDENTIEL,100140028.0,2019,-1.0,-1.8369701987210297e-16,247413
Centre-du-Québec,COMMERCIAL,66710012.2,2019,-0.8660254037844386,0.5000000000000001,247413
Centre-du-Québec,AGRICOLE,25129644.0,2019,-0.5000000000000004,0.8660254037844384,247413
Centre-du-Québec,RÉSIDENTIEL,207221010.0,2019,-0.5000000000000004,0.8660254037844384,247413
Centre-du-Québec,COMMERCIAL,83341154.6,2019,-2.4492935982947064e-16,1.0,247413
Centre-du-Québec,INDUSTRIEL,364315093.50648654,2019,-2.4492935982947064e-16,1.0,247413
Centre-du-Québec,COMMERCIAL,85263094.3,2020,0.49999999999999994,0.8660254037844387,249083
Centre-du-Québec,INDUSTRIEL,499784003.2098935,2020,0.8660254037844386,0.5000000000000001,249083
Centre-du-Québec,COMMERCIAL,74214104.0,2020,1.0,6.123233995736766e-17,249083
Centre-du-Québec,AGRICOLE,24726786.0,2020,0.8660254037844387,-0.4999999999999998,249083
Centre-du-Québec,COMMERCIAL,58966413.5,2020,0.49999999999999994,-0.8660254037844387,249083
Centre-du-Québec,INDUSTRIEL,649007567.9628189,2020,0.49999999999999994,-0.8660254037844387,249083
Centre-du-Québec,COMMERCIAL,61904421.5,2020,1.2246467991473532e-16,-1.0,249083
Centre-du-Québec,INDUSTRIEL,649230235.998848,2020,1.2246467991473532e-16,-1.0,249083
Centre-du-Québec,AGRICOLE,23701453.0,2020,-0.4999999999999997,-0.8660254037844388,249083
Centre-du-Québec,AGRICOLE,22538500.0,2020,-0.8660254037844385,-0.5000000000000004,249083
Centre-du-Québec,AGRICOLE,20608128.0,2020,-1.0,-1.8369701987210297e-16,249083
Centre-du-Québec,COMMERCIAL,62190390.8,2020,-1.0,-1.8369701987210297e-16,249083
Centre-du-Québec,INDUSTRIEL,704899084.0540041,2020,-0.8660254037844386,0.5000000000000001,249083
Centre-du-Québec,INSTITUTIONNEL,19078435.73548387,2020,-0.8660254037844386,0.5000000000000001,249083
Centre-du-Québec,RÉSIDENTIEL,141699894.0,2020,-0.8660254037844386,0.5000000000000001,249083
Centre-du-Québec,AGRICOLE,24604633.0,2020,-0.5000000000000004,0.8660254037844384,249083
Centre-du-Québec,COMMERCIAL,72800020.7,2020,-0.5000000000000004,0.8660254037844384,249083
Centre-du-Québec,INDUSTRIEL,702040138.6596466,2020,-0.5000000000000004,0.8660254037844384,249083
Centre-du-Québec,COMMERCIAL,80853549.0,2020,-2.4492935982947064e-16,1.0,249083
Centre-du-Québec,INDUSTRIEL,727790703.3080413,2020,-2.4492935982947064e-16,1.0,249083
Centre-du-Québec,INSTITUTIONNEL,21774259.8,2020,-2.4492935982947064e-16,1.0,249083
Centre-du-Québec,AGRICOLE,27459214.0,2021,0.49999999999999994,0.8660254037844387,252084
Centre-du-Québec,INDUSTRIEL,731491612.5476727,2021,0.49999999999999994,0.8660254037844387,252084
Centre-du-Québec,RÉSIDENTIEL,246536282.0,2021,0.8660254037844386,0.5000000000000001,252084
Centre-du-Québec,COMMERCIAL,79674252.3,2021,1.0,6.123233995736766e-17,252084
Centre-du-Québec,INDUSTRIEL,761204311.733152,2021,1.0,6.123233995736766e-17,252084
Centre-du-Québec,RÉSIDENTIEL,221583935.0,2021,1.0,6.123233995736766e-17,252084
Centre-du-Québec,RÉSIDENTIEL,151935455.0,2021,0.8660254037844387,-0.4999999999999998,252084
Centre-du-Québec,COMMERCIAL,64147458.4,2021,0.49999999999999994,-0.8660254037844387,252084
Centre-du-Québec,AGRICOLE,22652823.0,2021,1.2246467991473532e-16,-1.0,252084
Centre-du-Québec,COMMERCIAL,66556732.7,2021,1.2246467991473532e-16,-1.0,252084
Centre-du-Québec,INSTITUTIONNEL,16061334.15483871,2021,1.2246467991473532e-16,-1.0,252084
Centre-du-Québec,AGRICOLE,25136952.0,2021,-0.8660254037844385,-0.5000000000000004,252084
Centre-du-Québec,RÉSIDENTIEL,123391838.0,2021,-0.8660254037844385,-0.5000000000000004,252084
Centre-du-Québec,AGRICOLE,24157481.0,2021,-0.8660254037844386,0.5000000000000001,252084
Centre-du-Québec,COMMERCIAL,69963596.5,2021,-0.8660254037844386,0.5000000000000001,252084
Centre-du-Québec,INSTITUTIONNEL,18083422.11774193,2021,-0.8660254037844386,0.5000000000000001,252084
Centre-du-Québec,RÉSIDENTIEL,122726535.0,2021,-0.8660254037844386,0.5000000000000001,252084
Centre-du-Québec,COMMERCIAL,78350966.6,2021,-0.5000000000000004,0.8660254037844384,252084
Centre-du-Québec,INSTITUTIONNEL,20783689.332258064,2021,-0.5000000000000004,0.8660254037844384,252084
Centre-du-Québec,INDUSTRIEL,768482365.6908803,2021,-2.4492935982947064e-16,1.0,252084
Centre-du-Québec,RÉSIDENTIEL,258507128.0,2021,-2.4492935982947064e-16,1.0,252084
Centre-du-Québec,AGRICOLE,31601940.0,2022,0.49999999999999994,0.8660254037844387,255692
Centre-du-Québec,INSTITUTIONNEL,26467621.54516129,2022,0.49999999999999994,0.8660254037844387,255692
Centre-du-Québec,AGRICOLE,27576500.0,2022,0.8660254037844386,0.5000000000000001,255692
Centre-du-Québec,COMMERCIAL,85178451.4,2022,0.8660254037844386,0.5000000000000001,255692
Centre-du-Québec,INSTITUTIONNEL,23430544.705760367,2022,0.8660254037844386,0.5000000000000001,255692
Centre-du-Québec,RÉSIDENTIEL,264154608.0,2022,0.8660254037844386,0.5000000000000001,255692
Centre-du-Québec,COMMERCIAL,85362292.4,2022,1.0,6.123233995736766e-17,255692
Centre-du-Québec,AGRICOLE,26153722.0,2022,0.8660254037844387,-0.4999999999999998,255692
Centre-du-Québec,RÉSIDENTIEL,175708299.0,2022,0.8660254037844387,-0.4999999999999998,255692
Centre-du-Québec,INDUSTRIEL,754948246.363743,2022,0.49999999999999994,-0.8660254037844387,255692
Centre-du-Québec,RÉSIDENTIEL,123646720.0,2022,0.49999999999999994,-0.8660254037844387,255692
Centre-du-Québec,COMMERCIAL,66238356.400000006,2022,1.2246467991473532e-16,-1.0,255692
Centre-du-Québec,INSTITUTIONNEL,15721057.260215051,2022,1.2246467991473532e-16,-1.0,255692
Centre-du-Québec,RÉSIDENTIEL,112846342.0,2022,1.2246467991473532e-16,-1.0,255692
Centre-du-Québec,INDUSTRIEL,757605444.4163237,2022,-0.4999999999999997,-0.8660254037844388,255692
Centre-du-Québec,INSTITUTIONNEL,15766708.604301076,2022,-0.4999999999999997,-0.8660254037844388,255692
Centre-du-Québec,RÉSIDENTIEL,119197269.0,2022,-0.8660254037844385,-0.5000000000000004,255692
Centre-du-Québec,COMMERCIAL,66953803.5,2022,-1.0,-1.8369701987210297e-16,255692
Centre-du-Québec,AGRICOLE,24449876.0,2022,-0.8660254037844386,0.5000000000000001,255692
Centre-du-Québec,COMMERCIAL,70556334.9,2022,-0.8660254037844386,0.5000000000000001,255692
Centre-du-Québec,INDUSTRIEL,762707049.1711112,2022,-0.8660254037844386,0.5000000000000001,255692
Centre-du-Québec,COMMERCIAL,77816531.6,2022,-0.5000000000000004,0.8660254037844384,255692
Centre-du-Québec,INDUSTRIEL,729407757.1098567,2022,-0.5000000000000004,0.8660254037844384,255692
Centre-du-Québec,INSTITUTIONNEL,20890086.803225808,2022,-0.5000000000000004,0.8660254037844384,255692
Centre-du-Québec,RÉSIDENTIEL,181549961.0,2022,-0.5000000000000004,0.8660254037844384,255692
Centre-du-Québec,INSTITUTIONNEL,23741462.90322581,2022,-2.4492935982947064e-16,1.0,255692
Centre-du-Québec,COMMERCIAL,88265752.0,2023,0.49999999999999994,0.8660254037844387,259846
Centre-du-Québec,INDUSTRIEL,765528420.3245211,2023,0.49999999999999994,0.8660254037844387,259846
Centre-du-Québec,COMMERCIAL,84537040.4,2023,0.8660254037844386,0.5000000000000001,259846
Centre-du-Québec,INSTITUTIONNEL,23218361.28801843,2023,0.8660254037844386,0.5000000000000001,259846
Centre-du-Québec,COMMERCIAL,83394477.3,2023,1.0,6.123233995736766e-17,259846
Centre-du-Québec,INDUSTRIEL,766055846.574717,2023,1.0,6.123233995736766e-17,259846
Centre-du-Québec,INDUSTRIEL,721148139.906156,2023,0.8660254037844387,-0.4999999999999998,259846
Centre-du-Québec,INSTITUTIONNEL,19190972.55,2023,0.8660254037844387,-0.4999999999999998,259846
Centre-du-Québec,INSTITUTIONNEL,17280331.83064516,2023,0.49999999999999994,-0.8660254037844387,259846
Centre-du-Québec,INDUSTRIEL,724429164.468674,2023,1.2246467991473532e-16,-1.0,259846
Centre-du-Québec,AGRICOLE,25246920.0,2023,-0.4999999999999997,-0.8660254037844388,259846
Centre-du-Québec,COMMERCIAL,70391879.8,2023,-0.4999999999999997,-0.8660254037844388,259846
Centre-du-Québec,COMMERCIAL,69013783.2,2023,-0.8660254037844385,-0.5000000000000004,259846
Centre-du-Québec,INDUSTRIEL,750278504.6368893,2023,-0.8660254037844385,-0.5000000000000004,259846
Centre-du-Québec,INSTITUTIONNEL,16707768.835483871,2023,-0.8660254037844385,-0.5000000000000004,259846
Centre-du-Québec,RÉSIDENTIEL,117281641.0,2023,-0.8660254037844385,-0.5000000000000004,259846
Centre-du-Québec,AGRICOLE,23208605.0,2023,-1.0,-1.8369701987210297e-16,259846
Centre-du-Québec,INSTITUTIONNEL,17233741.83817204,2023,-1.0,-1.8369701987210297e-16,259846
Centre-du-Québec,COMMERCIAL,71692541.2,2023,-0.8660254037844386,0.5000000000000001,259846
Centre-du-Québec,AGRICOLE,27876301.0,2023,-2.4492935982947064e-16,1.0,259846
Chaudière-Appalaches,AGRICOLE,35398426.0,2016,0.49999999999999994,0.8660254037844387,422145
Chaudière-Appalaches,INDUSTRIEL,173671427.72524568,2016,0.49999999999999994,0.8660254037844387,422145
Chaudière-Appalaches,INSTITUTIONNEL,36644529.0,2016,0.49999999999999994,0.8660254037844387,422145
Chaudière-Appalaches,AGRICOLE,34073177.0,2016,0.8660254037844386,0.5000000000000001,422145
Chaudière-Appalaches,INDUSTRIEL,158505277.60662675,2016,0.8660254037844386,0.5000000000000001,422145
Chaudière-Appalaches,COMMERCIAL,119414874.0,2016,1.0,6.123233995736766e-17,422145
Chaudière-Appalaches,INDUSTRIEL,175556722.0223214,2016,1.0,6.123233995736766e-17,422145
Chaudière-Appalaches,RÉSIDENTIEL,363945473.0,2016,1.0,6.123233995736766e-17,422145
Chaudière-Appalaches,INSTITUTIONNEL,29920799.0,2016,0.8660254037844387,-0.4999999999999998,422145
Chaudière-Appalaches,COMMERCIAL,95947012.0,2016,0.49999999999999994,-0.8660254037844387,422145
Chaudière-Appalaches,INDUSTRIEL,166500214.20401955,2016,0.49999999999999994,-0.8660254037844387,422145
Chaudière-Appalaches,INSTITUTIONNEL,24956747.0,2016,0.49999999999999994,-0.8660254037844387,422145
Chaudière-Appalaches,RÉSIDENTIEL,209748776.0,2016,0.49999999999999994,-0.8660254037844387,422145
Chaudière-Appalaches,AGRICOLE,,2016,1.2246467991473532e-16,-1.0,422145
Chaudière-Appalaches,INSTITUTIONNEL,,2016,1.2246467991473532e-16,-1.0,422145
Chaudière-Appalaches,INDUSTRIEL,,2016,-0.4999999999999997,-0.8660254037844388,422145
Chaudière-Appalaches,INSTITUTIONNEL,,2016,-0.4999999999999997,-0.8660254037844388,422145
Chaudière-Appalaches,AGRICOLE,,2016,-0.8660254037844385,-0.5000000000000004,422145
Chaudière-Appalaches,RÉSIDENTIEL,,2016,-0.8660254037844385,-0.5000000000000004,422145
Chaudière-Appalaches,COMMERCIAL,,2016,-1.0,-1.8369701987210297e-16,422145
Chaudière-Appalaches,RÉSIDENTIEL,,2016,-1.0,-1.8369701987210297e-16,422145
Chaudière-Appalaches,AGRICOLE,27267626.0,2016,-0.8660254037844386,0.5000000000000001,422145
Chaudière-Appalaches,COMMERCIAL,96652843.8,2016,-0.8660254037844386,0.5000000000000001,422145
Chaudière-Appalaches,RÉSIDENTIEL,231644124.0,2016,-0.8660254037844386,0.5000000000000001,422145
Chaudière-Appalaches,AGRICOLE,27884748.0,2016,-0.5000000000000004,0.8660254037844384,422145
Chaudière-Appalaches,COMMERCIAL,106433091.4,2016,-0.5000000000000004,0.8660254037844384,422145
Chaudière-Appalaches,RÉSIDENTIEL,428747020.0,2016,-2.4492935982947064e-16,1.0,422145
Chaudière-Appalaches,AGRICOLE,35240174.0,2017,0.49999999999999994,0.8660254037844387,423913
Chaudière-Appalaches,INDUSTRIEL,178469220.8322708,2017,0.49999999999999994,0.8660254037844387,423913
Chaudière-Appalaches,RÉSIDENTIEL,380658798.0,2017,0.8660254037844386,0.5000000000000001,423913
Chaudière-Appalaches,INDUSTRIEL,186514803.1591597,2017,1.0,6.123233995736766e-17,423913
Chaudière-Appalaches,RÉSIDENTIEL,416899913.0,2017,1.0,6.123233995736766e-17,423913
Chaudière-Appalaches,INSTITUTIONNEL,28554559.0,2017,0.8660254037844387,-0.4999999999999998,423913
Chaudière-Appalaches,COMMERCIAL,94848131.4,2017,0.49999999999999994,-0.8660254037844387,423913
Chaudière-Appalaches,INDUSTRIEL,172065806.31285715,2017,0.49999999999999994,-0.8660254037844387,423913
Chaudière-Appalaches,RÉSIDENTIEL,219719992.0,2017,0.49999999999999994,-0.8660254037844387,423913
Chaudière-Appalaches,AGRICOLE,27359145.0,2017,1.2246467991473532e-16,-1.0,423913
Chaudière-Appalaches,INDUSTRIEL,160058005.49837533,2017,1.2246467991473532e-16,-1.0,423913
Chaudière-Appalaches,AGRICOLE,28922528.0,2017,-0.4999999999999997,-0.8660254037844388,423913
Chaudière-Appalaches,COMMERCIAL,92800665.0,2017,-0.4999999999999997,-0.8660254037844388,423913
Chaudière-Appalaches,RÉSIDENTIEL,178763401.0,2017,-0.4999999999999997,-0.8660254037844388,423913
Chaudière-Appalaches,INDUSTRIEL,158989297.37428573,2017,-0.8660254037844385,-0.5000000000000004,423913
Chaudière-Appalaches,AGRICOLE,27177252.0,2017,-1.0,-1.8369701987210297e-16,423913
Chaudière-Appalaches,INDUSTRIEL,163247516.84,2017,-1.0,-1.8369701987210297e-16,423913
Chaudière-Appalaches,INSTITUTIONNEL,24406101.0,2017,-1.0,-1.8369701987210297e-16,423913
Chaudière-Appalaches,RÉSIDENTIEL,169153025.0,2017,-1.0,-1.8369701987210297e-16,423913
Chaudière-Appalaches,COMMERCIAL,92924938.4,2017,-0.8660254037844386,0.5000000000000001,423913
Chaudière-Appalaches,INDUSTRIEL,166025842.42129868,2017,-0.8660254037844386,0.5000000000000001,423913
Chaudière-Appalaches,INSTITUTIONNEL,26705960.0,2017,-0.8660254037844386,0.5000000000000001,423913
Chaudière-Appalaches,AGRICOLE,30207503.0,2017,-0.5000000000000004,0.8660254037844384,423913
Chaudière-Appalaches,INSTITUTIONNEL,32787736.0,2017,-0.5000000000000004,0.8660254037844384,423913
Chaudière-Appalaches,AGRICOLE,36696233.0,2017,-2.4492935982947064e-16,1.0,423913
Chaudière-Appalaches,COMMERCIAL,138080781.0,2017,-2.4492935982947064e-16,1.0,423913
Chaudière-Appalaches,RÉSIDENTIEL,476547397.0,2017,-2.4492935982947064e-16,1.0,423913
Chaudière-Appalaches,INSTITUTIONNEL,39620431.0,2018,0.49999999999999994,0.8660254037844387,425913
Chaudière-Appalaches,RÉSIDENTIEL,497644631.0,2018,0.49999999999999994,0.8660254037844387,425913
Chaudière-Appalaches,COMMERCIAL,120750909.0,2018,0.8660254037844386,0.5000000000000001,425913
Chaudière-Appalaches,INDUSTRIEL,167778274.06789914,2018,0.8660254037844386,0.5000000000000001,425913
Chaudière-Appalaches,INSTITUTIONNEL,33546999.0,2018,0.8660254037844386,0.5000000000000001,425913
Chaudière-Appalaches,INSTITUTIONNEL,34094831.0,2018,1.0,6.123233995736766e-17,425913
Chaudière-Appalaches,RÉSIDENTIEL,317082211.0,2018,0.8660254037844387,-0.4999999999999998,425913
Chaudière-Appalaches,INDUSTRIEL,125076989.00736693,2018,0.49999999999999994,-0.8660254037844387,425913
Chaudière-Appalaches,INSTITUTIONNEL,24780064.0,2018,0.49999999999999994,-0.8660254037844387,425913
Chaudière-Appalaches,RÉSIDENTIEL,208306816.0,2018,0.49999999999999994,-0.8660254037844387,425913
Chaudière-Appalaches,RÉSIDENTIEL,184636733.0,2018,-0.4999999999999997,-0.8660254037844388,425913
Chaudière-Appalaches,AGRICOLE,30299733.0,2018,-0.8660254037844385,-0.5000000000000004,425913
Chaudière-Appalaches,COMMERCIAL,100818529.4,2018,-0.8660254037844385,-0.5000000000000004,425913
Chaudière-Appalaches,RÉSIDENTIEL,183526410.0,2018,-0.8660254037844385,-0.5000000000000004,425913
Chaudière-Appalaches,INDUSTRIEL,161179243.5192857,2018,-1.0,-1.8369701987210297e-16,425913
Chaudière-Appalaches,INSTITUTIONNEL,23988893.0,2018,-1.0,-1.8369701987210297e-16,425913
Chaudière-Appalaches,RÉSIDENTIEL,178324796.0,2018,-1.0,-1.8369701987210297e-16,425913
Chaudière-Appalaches,COMMERCIAL,105686409.0,2018,-0.8660254037844386,0.5000000000000001,425913
Chaudière-Appalaches,RÉSIDENTIEL,272037023.0,2018,-0.8660254037844386,0.5000000000000001,425913
Chaudière-Appalaches,AGRICOLE,31526308.0,2018,-0.5000000000000004,0.8660254037844384,425913
Chaudière-Appalaches,INDUSTRIEL,177097257.5442017,2018,-0.5000000000000004,0.8660254037844384,425913
Chaudière-Appalaches,INSTITUTIONNEL,37160168.0,2018,-2.4492935982947064e-16,1.0,425913
Chaudière-Appalaches,AGRICOLE,38235799.0,2019,0.49999999999999994,0.8660254037844387,427961
Chaudière-Appalaches,INDUSTRIEL,184159348.0967632,2019,0.49999999999999994,0.8660254037844387,427961
Chaudière-Appalaches,RÉSIDENTIEL,504919071.0,2019,0.49999999999999994,0.8660254037844387,427961
Chaudière-Appalaches,INSTITUTIONNEL,35479616.0,2019,0.8660254037844386,0.5000000000000001,427961
Chaudière-Appalaches,AGRICOLE,39175785.0,2019,1.0,6.123233995736766e-17,427961
Chaudière-Appalaches,INDUSTRIEL,172037893.15234527,2019,0.8660254037844387,-0.4999999999999998,427961
Chaudière-Appalaches,INSTITUTIONNEL,31082582.0,2019,0.8660254037844387,-0.4999999999999998,427961
Chaudière-Appalaches,COMMERCIAL,98253514.6,2019,0.49999999999999994,-0.8660254037844387,427961
Chaudière-Appalaches,RÉSIDENTIEL,238368117.0,2019,0.49999999999999994,-0.8660254037844387,427961
Chaudière-Appalaches,RÉSIDENTIEL,186361693.0,2019,1.2246467991473532e-16,-1.0,427961
Chaudière-Appalaches,INDUSTRIEL,156540535.6442857,2019,-0.4999999999999997,-0.8660254037844388,427961
Chaudière-Appalaches,RÉSIDENTIEL,186806470.0,2019,-0.4999999999999997,-0.8660254037844388,427961
Chaudière-Appalaches,RÉSIDENTIEL,182893923.0,2019,-0.8660254037844385,-0.5000000000000004,427961
Chaudière-Appalaches,INDUSTRIEL,160117352.88714284,2019,-1.0,-1.8369701987210297e-16,427961
Chaudière-Appalaches,INDUSTRIEL,170552939.1492857,2019,-0.8660254037844386,0.5000000000000001,427961
Chaudière-Appalaches,COMMERCIAL,120212308.4,2019,-0.5000000000000004,0.8660254037844384,427961
Chaudière-Appalaches,INDUSTRIEL,171116181.52785715,2019,-0.5000000000000004,0.8660254037844384,427961
Chaudière-Appalaches,RÉSIDENTIEL,446879762.0,2019,-2.4492935982947064e-16,1.0,427961
Chaudière-Appalaches,COMMERCIAL,137311353.6,2020,0.49999999999999994,0.8660254037844387,431474
Chaudière-Appalaches,INSTITUTIONNEL,37345767.0,2020,0.49999999999999994,0.8660254037844387,431474
Chaudière-Appalaches,RÉSIDENTIEL,452797564.0,2020,0.49999999999999994,0.8660254037844387,431474
Chaudière-Appalaches,COMMERCIAL,119028427.2,2020,1.0,6.123233995736766e-17,431474
Chaudière-Appalaches,INSTITUTIONNEL,32160448.0,2020,1.0,6.123233995736766e-17,431474
Chaudière-Appalaches,RÉSIDENTIEL,385984653.0,2020,1.0,6.123233995736766e-17,431474
Chaudière-Appalaches,COMMERCIAL,88318392.8,2020,0.49999999999999994,-0.8660254037844387,431474
Chaudière-Appalaches,INDUSTRIEL,154448593.16357145,2020,1.2246467991473532e-16,-1.0,431474
Chaudière-Appalaches,INDUSTRIEL,152298140.6942857,2020,-0.4999999999999997,-0.8660254037844388,431474
Chaudière-Appalaches,INSTITUTIONNEL,20531592.0,2020,-0.4999999999999997,-0.8660254037844388,431474
Chaudière-Appalaches,RÉSIDENTIEL,195267919.0,2020,-0.8660254037844385,-0.5000000000000004,431474
Chaudière-Appalaches,COMMERCIAL,90969965.4,2020,-1.0,-1.8369701987210297e-16,431474
Chaudière-Appalaches,INDUSTRIEL,161301048.18571427,2020,-1.0,-1.8369701987210297e-16,431474
Chaudière-Appalaches,RÉSIDENTIEL,188619102.0,2020,-1.0,-1.8369701987210297e-16,431474
Chaudière-Appalaches,INDUSTRIEL,167284102.8435484,2020,-0.8660254037844386,0.5000000000000001,431474
Chaudière-Appalaches,INSTITUTIONNEL,27663362.0,2020,-0.8660254037844386,0.5000000000000001,431474
Chaudière-Appalaches,RÉSIDENTIEL,258252655.0,2020,-0.8660254037844386,0.5000000000000001,431474
Chaudière-Appalaches,INDUSTRIEL,171712399.38502303,2020,-0.5000000000000004,0.8660254037844384,431474
Chaudière-Appalaches,INSTITUTIONNEL,29712969.0,2020,-0.5000000000000004,0.8660254037844384,431474
Chaudière-Appalaches,INSTITUTIONNEL,34059931.0,2020,-2.4492935982947064e-16,1.0,431474
Chaudière-Appalaches,AGRICOLE,36195491.0,2021,0.49999999999999994,0.8660254037844387,436397
Chaudière-Appalaches,COMMERCIAL,131667614.2,2021,0.49999999999999994,0.8660254037844387,436397
Chaudière-Appalaches,INDUSTRIEL,175247122.8435439,2021,0.49999999999999994,0.8660254037844387,436397
Chaudière-Appalaches,INSTITUTIONNEL,35467067.0,2021,0.49999999999999994,0.8660254037844387,436397
Chaudière-Appalaches,AGRICOLE,33954990.0,2021,0.8660254037844386,0.5000000000000001,436397
Chaudière-Appalaches,COMMERCIAL,123593750.4,2021,0.8660254037844386,0.5000000000000001,436397
Chaudière-Appalaches,AGRICOLE,43013570.0,2021,1.0,6.123233995736766e-17,436397
Chaudière-Appalaches,INSTITUTIONNEL,25454849.0,2021,0.8660254037844387,-0.4999999999999998,436397
Chaudière-Appalaches,AGRICOLE,29338797.0,2021,0.49999999999999994,-0.8660254037844387,436397
Chaudière-Appalaches,COMMERCIAL,92860095.1,2021,0.49999999999999994,-0.8660254037844387,436397
Chaudière-Appalaches,AGRICOLE,30443872.0,2021,1.2246467991473532e-16,-1.0,436397
Chaudière-Appalaches,INDUSTRIEL,161343787.255,2021,1.2246467991473532e-16,-1.0,436397
Chaudière-Appalaches,COMMERCIAL,93382488.2,2021,-0.4999999999999997,-0.8660254037844388,436397
Chaudière-Appalaches,AGRICOLE,33745026.0,2021,-0.8660254037844385,-0.5000000000000004,436397
Chaudière-Appalaches,COMMERCIAL,101323810.2,2021,-0.8660254037844385,-0.5000000000000004,436397
Chaudière-Appalaches,INDUSTRIEL,164015945.71857142,2021,-0.8660254037844385,-0.5000000000000004,436397
Chaudière-Appalaches,INSTITUTIONNEL,23701689.0,2021,-1.0,-1.8369701987210297e-16,436397
Chaudière-Appalaches,COMMERCIAL,97897750.08205128,2021,-0.8660254037844386,0.5000000000000001,436397
Chaudière-Appalaches,AGRICOLE,30401316.0,2021,-0.5000000000000004,0.8660254037844384,436397
Chaudière-Appalaches,COMMERCIAL,113471418.0,2021,-0.5000000000000004,0.8660254037844384,436397
Chaudière-Appalaches,RÉSIDENTIEL,326813074.0,2021,-0.5000000000000004,0.8660254037844384,436397
Chaudière-Appalaches,INDUSTRIEL,175657645.4134874,2021,-2.4492935982947064e-16,1.0,436397
Chaudière-Appalaches,AGRICOLE,41310397.0,2022,0.49999999999999994,0.8660254037844387,442370
Chaudière-Appalaches,INSTITUTIONNEL,39659150.0,2022,0.49999999999999994,0.8660254037844387,442370
Chaudière-Appalaches,COMMERCIAL,133478136.4,2022,0.8660254037844386,0.5000000000000001,442370
Chaudière-Appalaches,INDUSTRIEL,189584446.38697407,2022,1.0,6.123233995736766e-17,442370
Chaudière-Appalaches,INSTITUTIONNEL,35150893.0,2022,1.0,6.123233995736766e-17,442370
Chaudière-Appalaches,RÉSIDENTIEL,419823982.0,2022,1.0,6.123233995736766e-17,442370
Chaudière-Appalaches,AGRICOLE,44316835.0,2022,0.8660254037844387,-0.4999999999999998,442370
Chaudière-Appalaches,INDUSTRIEL,167021409.2092857,2022,0.8660254037844387,-0.4999999999999998,442370
Chaudière-Appalaches,AGRICOLE,30669169.0,2022,0.49999999999999994,-0.8660254037844387,442370
Chaudière-Appalaches,AGRICOLE,28982065.0,2022,1.2246467991473532e-16,-1.0,442370
Chaudière-Appalaches,COMMERCIAL,94151668.9,2022,1.2246467991473532e-16,-1.0,442370
Chaudière-Appalaches,INSTITUTIONNEL,20572164.0,2022,-0.4999999999999997,-0.8660254037844388,442370
Chaudière-Appalaches,RÉSIDENTIEL,204012259.0,2022,-0.4999999999999997,-0.8660254037844388,442370
Chaudière-Appalaches,AGRICOLE,31973947.0,2022,-0.8660254037844385,-0.5000000000000004,442370
Chaudière-Appalaches,COMMERCIAL,99580027.8,2022,-0.8660254037844385,-0.5000000000000004,442370
Chaudière-Appalaches,INDUSTRIEL,162956726.41142857,2022,-0.8660254037844385,-0.5000000000000004,442370
Chaudière-Appalaches,RÉSIDENTIEL,203536383.0,2022,-0.8660254037844385,-0.5000000000000004,442370
Chaudière-Appalaches,COMMERCIAL,94088909.7,2022,-1.0,-1.8369701987210297e-16,442370
Chaudière-Appalaches,COMMERCIAL,98630173.4,2022,-0.8660254037844386,0.5000000000000001,442370
Chaudière-Appalaches,INDUSTRIEL,165865670.82857144,2022,-0.8660254037844386,0.5000000000000001,442370
Chaudière-Appalaches,RÉSIDENTIEL,231764399.0,2022,-0.8660254037844386,0.5000000000000001,442370
Chaudière-Appalaches,AGRICOLE,35833388.0,2022,-2.4492935982947064e-16,1.0,442370
Chaudière-Appalaches,COMMERCIAL,131009508.0,2022,-2.4492935982947064e-16,1.0,442370
Chaudière-Appalaches,INSTITUTIONNEL,35782036.0,2022,-2.4492935982947064e-16,1.0,442370
Chaudière-Appalaches,COMMERCIAL,138841930.5,2023,0.49999999999999994,0.8660254037844387,449028
Chaudière-Appalaches,INDUSTRIEL,180133385.61255413,2023,0.49999999999999994,0.8660254037844387,449028
Chaudière-Appalaches,RÉSIDENTIEL,468529127.0,2023,0.49999999999999994,0.8660254037844387,449028
Chaudière-Appalaches,AGRICOLE,36596633.0,2023,0.8660254037844386,0.5000000000000001,449028
Chaudière-Appalaches,COMMERCIAL,133048193.6,2023,0.8660254037844386,0.5000000000000001,449028
Chaudière-Appalaches,INDUSTRIEL,183998049.8590756,2023,1.0,6.123233995736766e-17,449028
Chaudière-Appalaches,INSTITUTIONNEL,34828718.0,2023,1.0,6.123233995736766e-17,449028
Chaudière-Appalaches,INSTITUTIONNEL,28953973.0,2023,0.8660254037844387,-0.4999999999999998,449028
Chaudière-Appalaches,RÉSIDENTIEL,303645900.0,2023,0.8660254037844387,-0.4999999999999998,449028
Chaudière-Appalaches,COMMERCIAL,99448336.0,2023,0.49999999999999994,-0.8660254037844387,449028
Chaudière-Appalaches,AGRICOLE,29166081.0,2023,1.2246467991473532e-16,-1.0,449028
Chaudière-Appalaches,RÉSIDENTIEL,207141936.0,2023,1.2246467991473532e-16,-1.0,449028
Chaudière-Appalaches,INSTITUTIONNEL,24014488.0,2023,-0.4999999999999997,-0.8660254037844388,449028
Chaudière-Appalaches,INSTITUTIONNEL,24751050.0,2023,-0.8660254037844385,-0.5000000000000004,449028
Chaudière-Appalaches,INDUSTRIEL,159424443.18642858,2023,-1.0,-1.8369701987210297e-16,449028
Chaudière-Appalaches,RÉSIDENTIEL,223803053.0,2023,-0.8660254037844386,0.5000000000000001,449028
Chaudière-Appalaches,AGRICOLE,32681054.0,2023,-0.5000000000000004,0.8660254037844384,449028
Chaudière-Appalaches,INDUSTRIEL,175229275.27764705,2023,-0.5000000000000004,0.8660254037844384,449028
Chaudière-Appalaches,RÉSIDENTIEL,364406894.0,2023,-0.5000000000000004,0.8660254037844384,449028
Chaudière-Appalaches,AGRICOLE,35954883.0,2023,-2.4492935982947064e-16,1.0,449028
Chaudière-Appalaches,INDUSTRIEL,168695936.41071427,2023,-2.4492935982947064e-16,1.0,449028
Chaudière-Appalaches,INSTITUTIONNEL,37679980.6,2023,-2.4492935982947064e-16,1.0,449028
Chaudière-Appalaches,RÉSIDENTIEL,440340913.0,2023,-2.4492935982947064e-16,1.0,449028
Côte-Nord,AGRICOLE,400148.0,2016,0.8660254037844386,0.5000000000000001,92418
Côte-Nord,INDUSTRIEL,1132863822.3857143,2016,0.8660254037844386,0.5000000000000001,92418
Côte-Nord,COMMERCIAL,44875688.06034483,2016,1.0,6.123233995736766e-17,92418
Côte-Nord,INDUSTRIEL,1205395916.6,2016,1.0,6.123233995736766e-17,92418
Côte-Nord,RÉSIDENTIEL,92632479.0,2016,1.0,6.123233995736766e-17,92418
Côte-Nord,AGRICOLE,343685.0,2016,0.8660254037844387,-0.4999999999999998,92418
Côte-Nord,COMMERCIAL,38507135.31,2016,0.8660254037844387,-0.4999999999999998,92418
Côte-Nord,INDUSTRIEL,1160897953.1999998,2016,0.8660254037844387,-0.4999999999999998,92418
Côte-Nord,AGRICOLE,255748.0,2016,-0.4999999999999997,-0.8660254037844388,92418
Côte-Nord,INDUSTRIEL,1176470627.5142858,2016,-0.4999999999999997,-0.8660254037844388,92418
Côte-Nord,RÉSIDENTIEL,34579726.0,2016,-0.4999999999999997,-0.8660254037844388,92418
Côte-Nord,AGRICOLE,264878.0,2016,-1.0,-1.8369701987210297e-16,92418
Côte-Nord,COMMERCIAL,28130747.0,2016,-1.0,-1.8369701987210297e-16,92418
Côte-Nord,RÉSIDENTIEL,35427042.0,2016,-1.0,-1.8369701987210297e-16,92418
Côte-Nord,INDUSTRIEL,1200158166.4571428,2016,-0.8660254037844386,0.5000000000000001,92418
Côte-Nord,AGRICOLE,325507.0,2016,-0.5000000000000004,0.8660254037844384,92418
Côte-Nord,RÉSIDENTIEL,69311526.0,2016,-0.5000000000000004,0.8660254037844384,92418
Côte-Nord,AGRICOLE,400692.0,2016,-2.4492935982947064e-16,1.0,92418
Côte-Nord,RÉSIDENTIEL,107770368.0,2017,0.49999999999999994,0.8660254037844387,91491
Côte-Nord,AGRICOLE,384590.0,2017,1.0,6.123233995736766e-17,91491
Côte-Nord,COMMERCIAL,46778466.7,2017,1.0,6.123233995736766e-17,91491
Côte-Nord,INSTITUTIONNEL,43245756.7,2017,1.0,6.123233995736766e-17,91491
Côte-Nord,COMMERCIAL,37689474.7,2017,0.8660254037844387,-0.4999999999999998,91491
Côte-Nord,INSTITUTIONNEL,33028264.335071456,2017,0.8660254037844387,-0.4999999999999998,91491
Côte-Nord,INSTITUTIONNEL,26417233.729444675,2017,0.49999999999999994,-0.8660254037844387,91491
Côte-Nord,INSTITUTIONNEL,20192686.628817204,2017,1.2246467991473532e-16,-1.0,91491
Côte-Nord,AGRICOLE,242264.0,2017,-0.4999999999999997,-0.8660254037844388,91491
Côte-Nord,INDUSTRIEL,1144481561.183871,2017,-0.4999999999999997,-0.8660254037844388,91491
Côte-Nord,RÉSIDENTIEL,33382740.0,2017,-0.4999999999999997,-0.8660254037844388,91491
Côte-Nord,AGRICOLE,240554.0,2017,-0.8660254037844385,-0.5000000000000004,91491
Côte-Nord,COMMERCIAL,27152680.6,2017,-0.8660254037844385,-0.5000000000000004,91491
Côte-Nord,INDUSTRIEL,1141104932.2,2017,-0.8660254037844385,-0.5000000000000004,91491
Côte-Nord,INSTITUTIONNEL,19338843.796774197,2017,-0.8660254037844385,-0.5000000000000004,91491
Côte-Nord,AGRICOLE,264086.0,2017,-1.0,-1.8369701987210297e-16,91491
Côte-Nord,INDUSTRIEL,1209280335.0454545,2017,-0.8660254037844386,0.5000000000000001,91491
Côte-Nord,INDUSTRIEL,1194123826.7545457,2017,-0.5000000000000004,0.8660254037844384,91491
Côte-Nord,AGRICOLE,436059.0,2017,-2.4492935982947064e-16,1.0,91491
Côte-Nord,COMMERCIAL,48256592.6,2017,-2.4492935982947064e-16,1.0,91491
Côte-Nord,RÉSIDENTIEL,110922490.0,2017,-2.4492935982947064e-16,1.0,91491
Côte-Nord,INSTITUTIONNEL,50323083.048387095,2018,0.49999999999999994,0.8660254037844387,90760
Côte-Nord,AGRICOLE,405740.0,2018,0.8660254037844386,0.5000000000000001,90760
Côte-Nord,COMMERCIAL,38794902.6,2018,0.8660254037844387,-0.4999999999999998,90760
Côte-Nord,INDUSTRIEL,1210241348.833487,2018,0.8660254037844387,-0.4999999999999998,90760
Côte-Nord,RÉSIDENTIEL,75794426.0,2018,0.8660254037844387,-0.4999999999999998,90760
Côte-Nord,COMMERCIAL,33463493.300000004,2018,0.49999999999999994,-0.8660254037844387,90760
Côte-Nord,INDUSTRIEL,1244528010.5222735,2018,0.49999999999999994,-0.8660254037844387,90760
Côte-Nord,COMMERCIAL,27254392.4,2018,1.2246467991473532e-16,-1.0,90760
Côte-Nord,INSTITUTIONNEL,22109984.75870968,2018,-1.0,-1.8369701987210297e-16,90760
Côte-Nord,COMMERCIAL,34609426.3,2018,-0.8660254037844386,0.5000000000000001,90760
Côte-Nord,INSTITUTIONNEL,31761178.98,2018,-0.8660254037844386,0.5000000000000001,90760
Côte-Nord,INSTITUTIONNEL,38352156.4,2018,-0.5000000000000004,0.8660254037844384,90760
Côte-Nord,COMMERCIAL,49092638.1,2018,-2.4492935982947064e-16,1.0,90760
Côte-Nord,INDUSTRIEL,1272208716.0845776,2018,-2.4492935982947064e-16,1.0,90760
Côte-Nord,RÉSIDENTIEL,104576754.0,2018,-2.4492935982947064e-16,1.0,90760
Côte-Nord,INDUSTRIEL,1277121798.0167394,2019,0.49999999999999994,0.8660254037844387,90289
Côte-Nord,RÉSIDENTIEL,117577582.0,2019,0.49999999999999994,0.8660254037844387,90289
Côte-Nord,COMMERCIAL,44521311.6,2019,0.8660254037844386,0.5000000000000001,90289
Côte-Nord,INDUSTRIEL,1149287883.1848736,2019,0.8660254037844386,0.5000000000000001,90289
Côte-Nord,RÉSIDENTIEL,94279974.0,2019,1.0,6.123233995736766e-17,90289
Côte-Nord,AGRICOLE,334067.0,2019,0.8660254037844387,-0.4999999999999998,90289
Côte-Nord,COMMERCIAL,35456541.8,2019,0.8660254037844387,-0.4999999999999998,90289
Côte-Nord,INSTITUTIONNEL,33887438.86,2019,0.8660254037844387,-0.4999999999999998,90289
Côte-Nord,RÉSIDENTIEL,75168612.0,2019,0.8660254037844387,-0.4999999999999998,90289
Côte-Nord,INSTITUTIONNEL,29386451.56903226,2019,0.49999999999999994,-0.8660254037844387,90289
Côte-Nord,AGRICOLE,253576.0,2019,1.2246467991473532e-16,-1.0,90289
Côte-Nord,COMMERCIAL,25894989.4,2019,1.2246467991473532e-16,-1.0,90289
Côte-Nord,INDUSTRIEL,1200616306.1931105,2019,1.2246467991473532e-16,-1.0,90289
Côte-Nord,INDUSTRIEL,1210616464.5687642,2019,-0.4999999999999997,-0.8660254037844388,90289
Côte-Nord,INSTITUTIONNEL,23287822.95591398,2019,-0.4999999999999997,-0.8660254037844388,90289
Côte-Nord,RÉSIDENTIEL,32226774.0,2019,-0.8660254037844385,-0.5000000000000004,90289
Côte-Nord,COMMERCIAL,25217031.8,2019,-1.0,-1.8369701987210297e-16,90289
Côte-Nord,INSTITUTIONNEL,28364727.69634409,2019,-1.0,-1.8369701987210297e-16,90289
Côte-Nord,RÉSIDENTIEL,39053113.0,2019,-1.0,-1.8369701987210297e-16,90289
Côte-Nord,INDUSTRIEL,1255003930.8792012,2019,-0.8660254037844386,0.5000000000000001,90289
Côte-Nord,INSTITUTIONNEL,35453860.121662915,2019,-0.8660254037844386,0.5000000000000001,90289
Côte-Nord,RÉSIDENTIEL,54386989.0,2019,-0.8660254037844386,0.5000000000000001,90289
Côte-Nord,COMMERCIAL,45195278.3,2019,-0.5000000000000004,0.8660254037844384,90289
Côte-Nord,INDUSTRIEL,1248552150.1427035,2019,-0.5000000000000004,0.8660254037844384,90289
Côte-Nord,INSTITUTIONNEL,45455299.99167042,2019,-0.5000000000000004,0.8660254037844384,90289
Côte-Nord,RÉSIDENTIEL,81940671.0,2019,-0.5000000000000004,0.8660254037844384,90289
Côte-Nord,COMMERCIAL,48626956.6,2019,-2.4492935982947064e-16,1.0,90289
Côte-Nord,AGRICOLE,452016.0,2020,0.49999999999999994,0.8660254037844387,90121
Côte-Nord,COMMERCIAL,50000627.3,2020,0.49999999999999994,0.8660254037844387,90121
Côte-Nord,INDUSTRIEL,1304054496.4281106,2020,0.49999999999999994,0.8660254037844387,90121
Côte-Nord,RÉSIDENTIEL,98028910.0,2020,0.8660254037844386,0.5000000000000001,90121
Côte-Nord,COMMERCIAL,43612443.3,2020,1.0,6.123233995736766e-17,90121
Côte-Nord,INDUSTRIEL,1281067159.8256953,2020,1.0,6.123233995736766e-17,90121
Côte-Nord,INSTITUTIONNEL,48720799.28,2020,1.0,6.123233995736766e-17,90121
Côte-Nord,INSTITUTIONNEL,39267444.52,2020,0.8660254037844387,-0.4999999999999998,90121
Côte-Nord,INDUSTRIEL,1128462918.2806711,2020,1.2246467991473532e-16,-1.0,90121
Côte-Nord,COMMERCIAL,26289349.5,2020,-0.4999999999999997,-0.8660254037844388,90121
Côte-Nord,INDUSTRIEL,1171598359.538648,2020,-0.4999999999999997,-0.8660254037844388,90121
Côte-Nord,INSTITUTIONNEL,25741834.41935484,2020,-0.8660254037844385,-0.5000000000000004,90121
Côte-Nord,COMMERCIAL,41007388.3,2020,-0.5000000000000004,0.8660254037844384,90121
Côte-Nord,AGRICOLE,396666.0,2020,-2.4492935982947064e-16,1.0,90121
Côte-Nord,INSTITUTIONNEL,51245128.05228032,2021,0.49999999999999994,0.8660254037844387,90171
Côte-Nord,AGRICOLE,389958.0,2021,0.8660254037844386,0.5000000000000001,90171
Côte-Nord,COMMERCIAL,42742927.9,2021,0.8660254037844386,0.5000000000000001,90171
Côte-Nord,AGRICOLE,426757.0,2021,1.0,6.123233995736766e-17,90171
Côte-Nord,INSTITUTIONNEL,46955689.78666666,2021,1.0,6.123233995736766e-17,90171
Côte-Nord,RÉSIDENTIEL,90115285.0,2021,1.0,6.123233995736766e-17,90171
Côte-Nord,AGRICOLE,341014.0,2021,0.8660254037844387,-0.4999999999999998,90171
Côte-Nord,INDUSTRIEL,1198036021.2952688,2021,0.8660254037844387,-0.4999999999999998,90171
Côte-Nord,INSTITUTIONNEL,36447933.04666667,2021,0.8660254037844387,-0.4999999999999998,90171
Côte-Nord,COMMERCIAL,26361214.1,2021,0.49999999999999994,-0.8660254037844387,90171
Côte-Nord,COMMERCIAL,22658003.6,2021,1.2246467991473532e-16,-1.0,90171
Côte-Nord,RÉSIDENTIEL,37409474.0,2021,1.2246467991473532e-16,-1.0,90171
Côte-Nord,INSTITUTIONNEL,24714628.55784946,2021,-0.4999999999999997,-0.8660254037844388,90171
Côte-Nord,COMMERCIAL,26217019.6,2021,-1.0,-1.8369701987210297e-16,90171
Côte-Nord,INDUSTRIEL,1156824432.624424,2021,-1.0,-1.8369701987210297e-16,90171
Côte-Nord,AGRICOLE,292503.0,2021,-0.8660254037844386,0.5000000000000001,90171
Côte-Nord,COMMERCIAL,39742468.5,2021,-0.5000000000000004,0.8660254037844384,90171
Côte-Nord,INSTITUTIONNEL,38882731.78064516,2021,-0.5000000000000004,0.8660254037844384,90171
Côte-Nord,COMMERCIAL,49472626.6,2021,-2.4492935982947064e-16,1.0,90171
Côte-Nord,INDUSTRIEL,1250466735.18,2021,-2.4492935982947064e-16,1.0,90171
Côte-Nord,AGRICOLE,612074.0,2022,0.49999999999999994,0.8660254037844387,89987
Côte-Nord,INSTITUTIONNEL,56571683.99566185,2022,0.49999999999999994,0.8660254037844387,89987
Côte-Nord,RÉSIDENTIEL,127700563.0,2022,0.49999999999999994,0.8660254037844387,89987
Côte-Nord,AGRICOLE,544380.0,2022,0.8660254037844386,0.5000000000000001,89987
Côte-Nord,INDUSTRIEL,1142872323.1077936,2022,0.8660254037844386,0.5000000000000001,89987
Côte-Nord,RÉSIDENTIEL,105129835.0,2022,0.8660254037844386,0.5000000000000001,89987
Côte-Nord,COMMERCIAL,51888778.7,2022,1.0,6.123233995736766e-17,89987
Côte-Nord,INDUSTRIEL,1256168621.4465845,2022,1.0,6.123233995736766e-17,89987
Côte-Nord,AGRICOLE,433286.0,2022,0.8660254037844387,-0.4999999999999998,89987
Côte-Nord,AGRICOLE,364582.0,2022,0.49999999999999994,-0.8660254037844387,89987
Côte-Nord,RÉSIDENTIEL,52816836.0,2022,0.49999999999999994,-0.8660254037844387,89987
Côte-Nord,COMMERCIAL,33535603.9,2022,-0.4999999999999997,-0.8660254037844388,89987
Côte-Nord,INSTITUTIONNEL,23352564.282258064,2022,-0.4999999999999997,-0.8660254037844388,89987
Côte-Nord,COMMERCIAL,34501459.3,2022,-0.8660254037844385,-0.5000000000000004,89987
Côte-Nord,INSTITUTIONNEL,25871343.39956989,2022,-1.0,-1.8369701987210297e-16,89987
Côte-Nord,COMMERCIAL,39785288.2,2022,-0.8660254037844386,0.5000000000000001,89987
Côte-Nord,AGRICOLE,388769.0,2022,-0.5000000000000004,0.8660254037844384,89987
Côte-Nord,RÉSIDENTIEL,77056438.0,2022,-0.5000000000000004,0.8660254037844384,89987
Côte-Nord,COMMERCIAL,55482918.7,2022,-2.4492935982947064e-16,1.0,89987
Côte-Nord,INDUSTRIEL,1265401014.46,2022,-2.4492935982947064e-16,1.0,89987
Côte-Nord,INSTITUTIONNEL,45117455.38387097,2022,-2.4492935982947064e-16,1.0,89987
Côte-Nord,RÉSIDENTIEL,95269462.0,2022,-2.4492935982947064e-16,1.0,89987
Côte-Nord,INDUSTRIEL,1295366152.202304,2023,0.49999999999999994,0.8660254037844387,89914
Côte-Nord,INSTITUTIONNEL,46718425.176091954,2023,0.8660254037844386,0.5000000000000001,89914
Côte-Nord,RÉSIDENTIEL,105860896.0,2023,0.8660254037844386,0.5000000000000001,89914
Côte-Nord,AGRICOLE,449397.0,2023,1.0,6.123233995736766e-17,89914
Côte-Nord,COMMERCIAL,53872907.8,2023,1.0,6.123233995736766e-17,89914
Côte-Nord,AGRICOLE,365257.0,2023,0.8660254037844387,-0.4999999999999998,89914
Côte-Nord,INSTITUTIONNEL,28456754.413225807,2023,0.49999999999999994,-0.8660254037844387,89914
Côte-Nord,INDUSTRIEL,1189399937.561014,2023,1.2246467991473532e-16,-1.0,89914
Côte-Nord,RÉSIDENTIEL,37505033.0,2023,1.2246467991473532e-16,-1.0,89914
Côte-Nord,AGRICOLE,268785.0,2023,-0.4999999999999997,-0.8660254037844388,89914
Côte-Nord,AGRICOLE,258161.0,2023,-0.8660254037844385,-0.5000000000000004,89914
Côte-Nord,COMMERCIAL,34703086.6,2023,-0.8660254037844385,-0.5000000000000004,89914
Côte-Nord,AGRICOLE,256795.0,2023,-1.0,-1.8369701987210297e-16,89914
Côte-Nord,COMMERCIAL,42052656.5,2023,-0.8660254037844386,0.5000000000000001,89914
Côte-Nord,COMMERCIAL,51741508.400000006,2023,-0.5000000000000004,0.8660254037844384,89914
Côte-Nord,INSTITUTIONNEL,48785074.71935484,2023,-0.5000000000000004,0.8660254037844384,89914
Côte-Nord,AGRICOLE,464665.0,2023,-2.4492935982947064e-16,1.0,89914
Côte-Nord,INDUSTRIEL,1287535455.5714283,2023,-2.4492935982947064e-16,1.0,89914
Estrie,AGRICOLE,,2016,0.49999999999999994,0.8660254037844387,466629
Estrie,COMMERCIAL,,2016,0.8660254037844386,0.5000000000000001,466629
Estrie,INSTITUTIONNEL,,2016,0.8660254037844386,0.5000000000000001,466629
Estrie,RÉSIDENTIEL,,2016,0.8660254037844386,0.5000000000000001,466629
Estrie,AGRICOLE,,2016,1.0,6.123233995736766e-17,466629
Estrie,INDUSTRIEL,,2016,1.0,6.123233995736766e-17,466629
Estrie,INSTITUTIONNEL,,2016,1.0,6.123233995736766e-17,466629
Estrie,RÉSIDENTIEL,,2016,1.0,6.123233995736766e-17,466629
Estrie,COMMERCIAL,,2016,0.8660254037844387,-0.4999999999999998,466629
Estrie,RÉSIDENTIEL,,2016,0.8660254037844387,-0.4999999999999998,466629
Estrie,AGRICOLE,,2016,0.49999999999999994,-0.8660254037844387,466629
Estrie,INDUSTRIEL,,2016,0.49999999999999994,-0.8660254037844387,466629
Estrie,RÉSIDENTIEL,,2016,0.49999999999999994,-0.8660254037844387,466629
Estrie,COMMERCIAL,,2016,1.2246467991473532e-16,-1.0,466629
Estrie,INSTITUTIONNEL,,2016,1.2246467991473532e-16,-1.0,466629
Estrie,AGRICOLE,,2016,-0.4999999999999997,-0.8660254037844388,466629
Estrie,COMMERCIAL,,2016,-0.4999999999999997,-0.8660254037844388,466629
Estrie,AGRICOLE,,2016,-0.8660254037844385,-0.5000000000000004,466629
Estrie,INDUSTRIEL,,2016,-0.8660254037844386,0.5000000000000001,466629
Estrie,COMMERCIAL,,2016,-0.5000000000000004,0.8660254037844384,466629
Estrie,COMMERCIAL,,2016,-2.4492935982947064e-16,1.0,466629
Estrie,AGRICOLE,,2017,0.49999999999999994,0.8660254037844387,470571
Estrie,INDUSTRIEL,,2017,0.49999999999999994,0.8660254037844387,470571
Estrie,INSTITUTIONNEL,,2017,0.49999999999999994,0.8660254037844387,470571
Estrie,RÉSIDENTIEL,,2017,0.49999999999999994,0.8660254037844387,470571
Estrie,INDUSTRIEL,,2017,0.8660254037844386,0.5000000000000001,470571
Estrie,AGRICOLE,,2017,1.0,6.123233995736766e-17,470571
Estrie,COMMERCIAL,,2017,1.0,6.123233995736766e-17,470571
Estrie,INSTITUTIONNEL,,2017,1.0,6.123233995736766e-17,470571
Estrie,AGRICOLE,,2017,0.8660254037844387,-0.4999999999999998,470571
Estrie,INSTITUTIONNEL,,2017,0.8660254037844387,-0.4999999999999998,470571
Estrie,RÉSIDENTIEL,,2017,0.8660254037844387,-0.4999999999999998,470571
Estrie,COMMERCIAL,,2017,0.49999999999999994,-0.8660254037844387,470571
Estrie,RÉSIDENTIEL,,2017,0.49999999999999994,-0.8660254037844387,470571
Estrie,INDUSTRIEL,,2017,1.2246467991473532e-16,-1.0,470571
Estrie,AGRICOLE,,2017,-0.4999999999999997,-0.8660254037844388,470571
Estrie,INDUSTRIEL,,2017,-0.4999999999999997,-0.8660254037844388,470571
Estrie,RÉSIDENTIEL,,2017,-0.4999999999999997,-0.8660254037844388,470571
Estrie,AGRICOLE,,2017,-0.8660254037844385,-0.5000000000000004,470571
Estrie,COMMERCIAL,,2017,-0.8660254037844385,-0.5000000000000004,470571
Estrie,INSTITUTIONNEL,,2017,-0.8660254037844385,-0.5000000000000004,470571
Estrie,AGRICOLE,,2017,-1.0,-1.8369701987210297e-16,470571
Estrie,INSTITUTIONNEL,,2017,-1.0,-1.8369701987210297e-16,470571
Estrie,RÉSIDENTIEL,,2017,-0.8660254037844386,0.5000000000000001,470571
Estrie,AGRICOLE,,2017,-0.5000000000000004,0.8660254037844384,470571
Estrie,COMMERCIAL,,2017,-0.5000000000000004,0.8660254037844384,470571
Estrie,INSTITUTIONNEL,,2017,-0.5000000000000004,0.8660254037844384,470571
Estrie,INDUSTRIEL,,2017,-2.4492935982947064e-16,1.0,470571
Estrie,INSTITUTIONNEL,,2017,-2.4492935982947064e-16,1.0,470571
Estrie,COMMERCIAL,,2018,0.8660254037844386,0.5000000000000001,475678
Estrie,RÉSIDENTIEL,,2018,0.8660254037844386,0.5000000000000001,475678
Estrie,AGRICOLE,,2018,0.8660254037844387,-0.4999999999999998,475678
Estrie,COMMERCIAL,,2018,0.8660254037844387,-0.4999999999999998,475678
Estrie,AGRICOLE,,2018,1.2246467991473532e-16,-1.0,475678
Estrie,COMMERCIAL,,2018,1.2246467991473532e-16,-1.0,475678
Estrie,RÉSIDENTIEL,,2018,1.2246467991473532e-16,-1.0,475678
Estrie,AGRICOLE,,2018,-0.4999999999999997,-0.8660254037844388,475678
Estrie,INSTITUTIONNEL,,2018,-0.8660254037844385,-0.5000000000000004,475678
Estrie,COMMERCIAL,,2018,-1.0,-1.8369701987210297e-16,475678
Estrie,INDUSTRIEL,,2018,-1.0,-1.8369701987210297e-16,475678
Estrie,AGRICOLE,,2018,-0.8660254037844386,0.5000000000000001,475678
Estrie,COMMERCIAL,,2018,-0.8660254037844386,0.5000000000000001,475678
Estrie,INDUSTRIEL,,2018,-0.8660254037844386,0.5000000000000001,475678
Estrie,INDUSTRIEL,,2018,-0.5000000000000004,0.8660254037844384,475678
Estrie,AGRICOLE,,2018,-2.4492935982947064e-16,1.0,475678
Estrie,COMMERCIAL,,2018,-2.4492935982947064e-16,1.0,475678
Estrie,INDUSTRIEL,,2018,-2.4492935982947064e-16,1.0,475678
Estrie,INSTITUTIONNEL,,2018,-2.4492935982947064e-16,1.0,475678
Estrie,COMMERCIAL,,2019,0.49999999999999994,0.8660254037844387,481616
Estrie,INSTITUTIONNEL,,2019,0.49999999999999994,0.8660254037844387,481616
Estrie,RÉSIDENTIEL,,2019,0.49999999999999994,0.8660254037844387,481616
Estrie,AGRICOLE,,2019,1.0,6.123233995736766e-17,481616
Estrie,INSTITUTIONNEL,,2019,0.8660254037844387,-0.4999999999999998,481616
Estrie,INDUSTRIEL,,2019,0.49999999999999994,-0.8660254037844387,481616
Estrie,RÉSIDENTIEL,,2019,0.49999999999999994,-0.8660254037844387,481616
Estrie,INSTITUTIONNEL,,2019,-0.4999999999999997,-0.8660254037844388,481616
Estrie,INDUSTRIEL,,2019,-0.8660254037844385,-0.5000000000000004,481616
Estrie,COMMERCIAL,,2019,-1.0,-1.8369701987210297e-16,481616
Estrie,AGRICOLE,,2019,-0.8660254037844386,0.5000000000000001,481616
Estrie,COMMERCIAL,,2019,-0.8660254037844386,0.5000000000000001,481616
Estrie,INSTITUTIONNEL,,2019,-0.8660254037844386,0.5000000000000001,481616
Estrie,INDUSTRIEL,,2019,-0.5000000000000004,0.8660254037844384,481616
Estrie,INSTITUTIONNEL,,2019,-0.5000000000000004,0.8660254037844384,481616
Estrie,AGRICOLE,,2019,-2.4492935982947064e-16,1.0,481616
Estrie,INDUSTRIEL,,2019,-2.4492935982947064e-16,1.0,481616
Estrie,INSTITUTIONNEL,,2019,-2.4492935982947064e-16,1.0,481616
Estrie,INDUSTRIEL,,2020,0.49999999999999994,0.8660254037844387,489022
Estrie,AGRICOLE,,2020,1.0,6.123233995736766e-17,489022
Estrie,INDUSTRIEL,,2020,1.0,6.123233995736766e-17,489022
Estrie,RÉSIDENTIEL,,2020,1.0,6.123233995736766e-17,489022
Estrie,COMMERCIAL,,2020,0.8660254037844387,-0.4999999999999998,489022
Estrie,INDUSTRIEL,,2020,0.8660254037844387,-0.4999999999999998,489022
Estrie,INSTITUTIONNEL,,2020,0.8660254037844387,-0.4999999999999998,489022
Estrie,RÉSIDENTIEL,,2020,0.8660254037844387,-0.4999999999999998,489022
Estrie,COMMERCIAL,,2020,0.49999999999999994,-0.8660254037844387,489022
Estrie,INDUSTRIEL,,2020,0.49999999999999994,-0.8660254037844387,489022
Estrie,INSTITUTIONNEL,,2020,0.49999999999999994,-0.8660254037844387,489022
Estrie,AGRICOLE,,2020,1.2246467991473532e-16,-1.0,489022
Estrie,INSTITUTIONNEL,,2020,1.2246467991473532e-16,-1.0,489022
Estrie,COMMERCIAL,,2020,-0.4999999999999997,-0.8660254037844388,489022
Estrie,INDUSTRIEL,,2020,-0.4999999999999997,-0.8660254037844388,489022
Estrie,COMMERCIAL,,2020,-0.8660254037844385,-0.5000000000000004,489022
Estrie,INSTITUTIONNEL,,2020,-0.8660254037844385,-0.5000000000000004,489022
Estrie,RÉSIDENTIEL,,2020,-0.8660254037844385,-0.5000000000000004,489022
Estrie,INDUSTRIEL,,2020,-1.0,-1.8369701987210297e-16,489022
Estrie,RÉSIDENTIEL,,2020,-1.0,-1.8369701987210297e-16,489022
Estrie,AGRICOLE,,2020,-0.8660254037844386,0.5000000000000001,489022
Estrie,INSTITUTIONNEL,,2020,-0.8660254037844386,0.5000000000000001,489022
Estrie,RÉSIDENTIEL,,2020,-0.8660254037844386,0.5000000000000001,489022
Estrie,AGRICOLE,,2020,-0.5000000000000004,0.8660254037844384,489022
Estrie,INDUSTRIEL,,2020,-0.5000000000000004,0.8660254037844384,489022
Estrie,AGRICOLE,,2020,-2.4492935982947064e-16,1.0,489022
Estrie,AGRICOLE,,2021,0.49999999999999994,0.8660254037844387,498038
Estrie,COMMERCIAL,,2021,0.49999999999999994,0.8660254037844387,498038
Estrie,INSTITUTIONNEL,,2021,0.49999999999999994,0.8660254037844387,498038
Estrie,INDUSTRIEL,,2021,0.8660254037844386,0.5000000000000001,498038
Estrie,RÉSIDENTIEL,,2021,0.8660254037844386,0.5000000000000001,498038
Estrie,AGRICOLE,,2021,1.0,6.123233995736766e-17,498038
Estrie,COMMERCIAL,,2021,0.8660254037844387,-0.4999999999999998,498038
Estrie,AGRICOLE,,2021,0.49999999999999994,-0.8660254037844387,498038
Estrie,INDUSTRIEL,,2021,0.49999999999999994,-0.8660254037844387,498038
Estrie,INSTITUTIONNEL,,2021,0.49999999999999994,-0.8660254037844387,498038
Estrie,AGRICOLE,,2021,1.2246467991473532e-16,-1.0,498038
Estrie,AGRICOLE,,2021,-0.4999999999999997,-0.8660254037844388,498038
Estrie,COMMERCIAL,,2021,-0.8660254037844385,-0.5000000000000004,498038
Estrie,INDUSTRIEL,,2021,-0.8660254037844385,-0.5000000000000004,498038
Estrie,INDUSTRIEL,,2021,-1.0,-1.8369701987210297e-16,498038
Estrie,INSTITUTIONNEL,,2021,-1.0,-1.8369701987210297e-16,498038
Estrie,RÉSIDENTIEL,,2021,-1.0,-1.8369701987210297e-16,498038
Estrie,COMMERCIAL,,2021,-0.8660254037844386,0.5000000000000001,498038
Estrie,INDUSTRIEL,,2021,-0.8660254037844386,0.5000000000000001,498038
Estrie,INSTITUTIONNEL,,2021,-0.8660254037844386,0.5000000000000001,498038
Estrie,AGRICOLE,,2021,-0.5000000000000004,0.8660254037844384,498038
Estrie,COMMERCIAL,,2021,-0.5000000000000004,0.8660254037844384,498038
Estrie,AGRICOLE,,2021,-2.4492935982947064e-16,1.0,498038
Estrie,INDUSTRIEL,,2021,-2.4492935982947064e-16,1.0,498038
Estrie,INSTITUTIONNEL,,2021,-2.4492935982947064e-16,1.0,498038
Estrie,INSTITUTIONNEL,,2022,0.49999999999999994,0.8660254037844387,506527
Estrie,AGRICOLE,,2022,0.8660254037844386,0.5000000000000001,506527
Estrie,INDUSTRIEL,,2022,0.8660254037844386,0.5000000000000001,506527
Estrie,COMMERCIAL,,2022,0.8660254037844387,-0.4999999999999998,506527
Estrie,COMMERCIAL,,2022,1.2246467991473532e-16,-1.0,506527
Estrie,INDUSTRIEL,,2022,1.2246467991473532e-16,-1.0,506527
Estrie,AGRICOLE,,2022,-0.8660254037844385,-0.5000000000000004,506527
Estrie,INDUSTRIEL,,2022,-0.8660254037844385,-0.5000000000000004,506527
Estrie,COMMERCIAL,,2022,-1.0,-1.8369701987210297e-16,506527
Estrie,INSTITUTIONNEL,,2022,-1.0,-1.8369701987210297e-16,506527
Estrie,COMMERCIAL,,2022,-0.8660254037844386,0.5000000000000001,506527
Estrie,INSTITUTIONNEL,,2022,-0.5000000000000004,0.8660254037844384,506527
Estrie,INSTITUTIONNEL,,2022,-2.4492935982947064e-16,1.0,506527
Estrie,RÉSIDENTIEL,,2022,-2.4492935982947064e-16,1.0,506527
Estrie,COMMERCIAL,,2023,0.49999999999999994,0.8660254037844387,515271
Estrie,INSTITUTIONNEL,,2023,0.49999999999999994,0.8660254037844387,515271
Estrie,AGRICOLE,,2023,0.8660254037844386,0.5000000000000001,515271
Estrie,COMMERCIAL,,2023,0.8660254037844386,0.5000000000000001,515271
Estrie,INSTITUTIONNEL,,2023,0.8660254037844386,0.5000000000000001,515271
Estrie,RÉSIDENTIEL,,2023,0.8660254037844386,0.5000000000000001,515271
Estrie,RÉSIDENTIEL,,2023,1.0,6.123233995736766e-17,515271
Estrie,AGRICOLE,,2023,0.8660254037844387,-0.4999999999999998,515271
Estrie,INDUSTRIEL,,2023,0.8660254037844387,-0.4999999999999998,515271
Estrie,INSTITUTIONNEL,,2023,0.8660254037844387,-0.4999999999999998,515271
Estrie,AGRICOLE,,2023,0.49999999999999994,-0.8660254037844387,515271
Estrie,COMMERCIAL,,2023,0.49999999999999994,-0.8660254037844387,515271
Estrie,INDUSTRIEL,,2023,1.2246467991473532e-16,-1.0,515271
Estrie,AGRICOLE,,2023,-0.4999999999999997,-0.8660254037844388,515271
Estrie,COMMERCIAL,,2023,-0.8660254037844385,-0.5000000000000004,515271
Estrie,AGRICOLE,,2023,-1.0,-1.8369701987210297e-16,515271
Estrie,INDUSTRIEL,,2023,-0.8660254037844386,0.5000000000000001,515271
Estrie,AGRICOLE,,2023,-2.4492935982947064e-16,1.0,515271
Gaspésie--Îles-de-la-Madeleine,INDUSTRIEL,7670952.0,2016,0.49999999999999994,0.8660254037844387,90207
Gaspésie--Îles-de-la-Madeleine,AGRICOLE,1083077.0,2016,0.8660254037844386,0.5000000000000001,90207
Gaspésie--Îles-de-la-Madeleine,COMMERCIAL,28253303.0,2016,0.8660254037844387,-0.4999999999999998,90207
Gaspésie--Îles-de-la-Madeleine,RÉSIDENTIEL,52893250.0,2016,0.49999999999999994,-0.8660254037844387,90207
Gaspésie--Îles-de-la-Madeleine,INDUSTRIEL,8678667.0,2016,1.2246467991473532e-16,-1.0,90207
Gaspésie--Îles-de-la-Madeleine,COMMERCIAL,24076418.0,2016,-0.4999999999999997,-0.8660254037844388,90207
Gaspésie--Îles-de-la-Madeleine,INDUSTRIEL,7753323.0,2016,-0.4999999999999997,-0.8660254037844388,90207
Gaspésie--Îles-de-la-Madeleine,INSTITUTIONNEL,6552948.0,2016,-0.4999999999999997,-0.8660254037844388,90207
Gaspésie--Îles-de-la-Madeleine,RÉSIDENTIEL,40523171.0,2016,-0.4999999999999997,-0.8660254037844388,90207
Gaspésie--Îles-de-la-Madeleine,RÉSIDENTIEL,39936408.0,2016,-0.8660254037844385,-0.5000000000000004,90207
Gaspésie--Îles-de-la-Madeleine,AGRICOLE,747962.0,2016,-1.0,-1.8369701987210297e-16,90207
Gaspésie--Îles-de-la-Madeleine,INDUSTRIEL,9080313.0,2016,-1.0,-1.8369701987210297e-16,90207
Gaspésie--Îles-de-la-Madeleine,AGRICOLE,810160.0,2016,-0.8660254037844386,0.5000000000000001,90207
Gaspésie--Îles-de-la-Madeleine,AGRICOLE,1127069.0,2016,-2.4492935982947064e-16,1.0,90207
Gaspésie--Îles-de-la-Madeleine,RÉSIDENTIEL,101255999.0,2016,-2.4492935982947064e-16,1.0,90207
Gaspésie--Îles-de-la-Madeleine,AGRICOLE,1198371.0,2017,0.49999999999999994,0.8660254037844387,89927
Gaspésie--Îles-de-la-Madeleine,RÉSIDENTIEL,104324909.0,2017,0.49999999999999994,0.8660254037844387,89927
Gaspésie--Îles-de-la-Madeleine,RÉSIDENTIEL,91019184.0,2017,0.8660254037844386,0.5000000000000001,89927
Gaspésie--Îles-de-la-Madeleine,RÉSIDENTIEL,101322778.0,2017,1.0,6.123233995736766e-17,89927
Gaspésie--Îles-de-la-Madeleine,COMMERCIAL,27064351.0,2017,0.8660254037844387,-0.4999999999999998,89927
Gaspésie--Îles-de-la-Madeleine,INDUSTRIEL,10842736.0,2017,0.8660254037844387,-0.4999999999999998,89927
Gaspésie--Îles-de-la-Madeleine,RÉSIDENTIEL,71404840.0,2017,0.8660254037844387,-0.4999999999999998,89927
Gaspésie--Îles-de-la-Madeleine,AGRICOLE,722625.0,2017,1.2246467991473532e-16,-1.0,89927
Gaspésie--Îles-de-la-Madeleine,AGRICOLE,719435.0,2017,-0.4999999999999997,-0.8660254037844388,89927
Gaspésie--Îles-de-la-Madeleine,INDUSTRIEL,17214616.700000003,2017,-0.4999999999999997,-0.8660254037844388,89927
Gaspésie--Îles-de-la-Madeleine,INSTITUTIONNEL,6292976.0,2017,-0.4999999999999997,-0.8660254037844388,89927
Gaspésie--Îles-de-la-Madeleine,RÉSIDENTIEL,38287768.0,2017,-0.4999999999999997,-0.8660254037844388,89927
Gaspésie--Îles-de-la-Madeleine,COMMERCIAL,22189270.0,2017,-1.0,-1.8369701987210297e-16,89927
Gaspésie--Îles-de-la-Madeleine,RÉSIDENTIEL,38000732.0,2017,-1.0,-1.8369701987210297e-16,89927
Gaspésie--Îles-de-la-Madeleine,COMMERCIAL,22473148.0,2017,-0.8660254037844386,0.5000000000000001,89927
Gaspésie--Îles-de-la-Madeleine,AGRICOLE,945035.0,2017,-0.5000000000000004,0.8660254037844384,89927
Gaspésie--Îles-de-la-Madeleine,INSTITUTIONNEL,11939907.0,2017,-0.5000000000000004,0.8660254037844384,89927
Gaspésie--Îles-de-la-Madeleine,RÉSIDENTIEL,76729592.0,2017,-0.5000000000000004,0.8660254037844384,89927
Gaspésie--Îles-de-la-Madeleine,AGRICOLE,1180067.0,2017,-2.4492935982947064e-16,1.0,89927
Gaspésie--Îles-de-la-Madeleine,RÉSIDENTIEL,107486704.0,2017,-2.4492935982947064e-16,1.0,89927
Gaspésie--Îles-de-la-Madeleine,AGRICOLE,1247085.0,2018,0.49999999999999994,0.8660254037844387,89886
Gaspésie--Îles-de-la-Madeleine,COMMERCIAL,37530612.0,2018,0.49999999999999994,0.8660254037844387,89886
Gaspésie--Îles-de-la-Madeleine,INSTITUTIONNEL,13628279.0,2018,0.8660254037844386,0.5000000000000001,89886
Gaspésie--Îles-de-la-Madeleine,RÉSIDENTIEL,88978651.0,2018,1.0,6.123233995736766e-17,89886
Gaspésie--Îles-de-la-Madeleine,AGRICOLE,1145993.0,2018,0.8660254037844387,-0.4999999999999998,89886
Gaspésie--Îles-de-la-Madeleine,RÉSIDENTIEL,76331859.0,2018,0.8660254037844387,-0.4999999999999998,89886
Gaspésie--Îles-de-la-Madeleine,AGRICOLE,881764.0,2018,0.49999999999999994,-0.8660254037844387,89886
Gaspésie--Îles-de-la-Madeleine,COMMERCIAL,24656334.0,2018,0.49999999999999994,-0.8660254037844387,89886
Gaspésie--Îles-de-la-Madeleine,INDUSTRIEL,23416207.9,2018,1.2246467991473532e-16,-1.0,89886
Gaspésie--Îles-de-la-Madeleine,INSTITUTIONNEL,7363463.0,2018,1.2246467991473532e-16,-1.0,89886
Gaspésie--Îles-de-la-Madeleine,RÉSIDENTIEL,44569445.0,2018,1.2246467991473532e-16,-1.0,89886
Gaspésie--Îles-de-la-Madeleine,COMMERCIAL,24339908.0,2018,-0.4999999999999997,-0.8660254037844388,89886
Gaspésie--Îles-de-la-Madeleine,INDUSTRIEL,22300189.4,2018,-0.4999999999999997,-0.8660254037844388,89886
Gaspésie--Îles-de-la-Madeleine,AGRICOLE,748574.0,2018,-0.8660254037844385,-0.5000000000000004,89886
Gaspésie--Îles-de-la-Madeleine,COMMERCIAL,23988299.0,2018,-0.8660254037844385,-0.5000000000000004,89886
Gaspésie--Îles-de-la-Madeleine,RÉSIDENTIEL,38067513.0,2018,-0.8660254037844385,-0.5000000000000004,89886
Gaspésie--Îles-de-la-Madeleine,AGRICOLE,853467.0,2018,-0.8660254037844386,0.5000000000000001,89886
Gaspésie--Îles-de-la-Madeleine,INDUSTRIEL,25783825.2,2018,-0.8660254037844386,0.5000000000000001,89886
Gaspésie--Îles-de-la-Madeleine,AGRICOLE,992566.0,2018,-0.5000000000000004,0.8660254037844384,89886
Gaspésie--Îles-de-la-Madeleine,COMMERCIAL,29692561.0,2018,-0.5000000000000004,0.8660254037844384,89886
Gaspésie--Îles-de-la-Madeleine,RÉSIDENTIEL,83921683.0,2018,-0.5000000000000004,0.8660254037844384,89886
Gaspésie--Îles-de-la-Madeleine,INDUSTRIEL,19708389.200000003,2018,-2.4492935982947064e-16,1.0,89886
Gaspésie--Îles-de-la-Madeleine,COMMERCIAL,37135975.0,2019,0.49999999999999994,0.8660254037844387,89638
Gaspésie--Îles-de-la-Madeleine,INSTITUTIONNEL,15736176.0,2019,0.49999999999999994,0.8660254037844387,89638
Gaspésie--Îles-de-la-Madeleine,AGRICOLE,1165209.0,2019,0.8660254037844386,0.5000000000000001,89638
Gaspésie--Îles-de-la-Madeleine,COMMERCIAL,34319495.0,2019,0.8660254037844386,0.5000000000000001,89638
Gaspésie--Îles-de-la-Madeleine,INDUSTRIEL,16884297.2,2019,0.8660254037844386,0.5000000000000001,89638
Gaspésie--Îles-de-la-Madeleine,RÉSIDENTIEL,103876774.0,2019,0.8660254037844386,0.5000000000000001,89638
Gaspésie--Îles-de-la-Madeleine,AGRICOLE,1221151.0,2019,1.0,6.123233995736766e-17,89638
Gaspésie--Îles-de-la-Madeleine,COMMERCIAL,32358224.0,2019,1.0,6.123233995736766e-17,89638
Gaspésie--Îles-de-la-Madeleine,INSTITUTIONNEL,13712904.0,2019,1.0,6.123233995736766e-17,89638
Gaspésie--Îles-de-la-Madeleine,INDUSTRIEL,24573693.1,2019,0.8660254037844387,-0.4999999999999998,89638
Gaspésie--Îles-de-la-Madeleine,RÉSIDENTIEL,78837690.0,2019,0.8660254037844387,-0.4999999999999998,89638
Gaspésie--Îles-de-la-Madeleine,COMMERCIAL,25906672.0,2019,0.49999999999999994,-0.8660254037844387,89638
Gaspésie--Îles-de-la-Madeleine,INDUSTRIEL,26576656.3,2019,0.49999999999999994,-0.8660254037844387,89638
Gaspésie--Îles-de-la-Madeleine,INSTITUTIONNEL,9777544.0,2019,0.49999999999999994,-0.8660254037844387,89638
Gaspésie--Îles-de-la-Madeleine,COMMERCIAL,23744427.0,2019,1.2246467991473532e-16,-1.0,89638
Gaspésie--Îles-de-la-Madeleine,INDUSTRIEL,25959346.3,2019,1.2246467991473532e-16,-1.0,89638
Gaspésie--Îles-de-la-Madeleine,AGRICOLE,698767.0,2019,-0.4999999999999997,-0.8660254037844388,89638
Gaspésie--Îles-de-la-Madeleine,AGRICOLE,711081.0,2019,-0.8660254037844385,-0.5000000000000004,89638
Gaspésie--Îles-de-la-Madeleine,COMMERCIAL,21885558.0,2019,-1.0,-1.8369701987210297e-16,89638
Gaspésie--Îles-de-la-Madeleine,INSTITUTIONNEL,7833432.0,2019,-1.0,-1.8369701987210297e-16,89638
Gaspésie--Îles-de-la-Madeleine,AGRICOLE,794484.0,2019,-0.8660254037844386,0.5000000000000001,89638
Gaspésie--Îles-de-la-Madeleine,RÉSIDENTIEL,56195427.0,2019,-0.8660254037844386,0.5000000000000001,89638
Gaspésie--Îles-de-la-Madeleine,AGRICOLE,1125546.0,2019,-2.4492935982947064e-16,1.0,89638
Gaspésie--Îles-de-la-Madeleine,RÉSIDENTIEL,104023289.0,2019,-2.4492935982947064e-16,1.0,89638
Gaspésie--Îles-de-la-Madeleine,COMMERCIAL,36548851.0,2020,0.49999999999999994,0.8660254037844387,89865
Gaspésie--Îles-de-la-Madeleine,INSTITUTIONNEL,14828529.0,2020,0.49999999999999994,0.8660254037844387,89865
Gaspésie--Îles-de-la-Madeleine,RÉSIDENTIEL,107890802.0,2020,0.49999999999999994,0.8660254037844387,89865
Gaspésie--Îles-de-la-Madeleine,INDUSTRIEL,15285062.1,2020,0.8660254037844386,0.5000000000000001,89865
Gaspésie--Îles-de-la-Madeleine,INDUSTRIEL,22906360.7,2020,1.0,6.123233995736766e-17,89865
Gaspésie--Îles-de-la-Madeleine,INSTITUTIONNEL,12782313.0,2020,1.0,6.123233995736766e-17,89865
Gaspésie--Îles-de-la-Madeleine,RÉSIDENTIEL,93346954.0,2020,1.0,6.123233995736766e-17,89865
Gaspésie--Îles-de-la-Madeleine,INDUSTRIEL,25030163.0,2020,0.8660254037844387,-0.4999999999999998,89865
Gaspésie--Îles-de-la-Madeleine,INSTITUTIONNEL,9706823.0,2020,0.8660254037844387,-0.4999999999999998,89865
Gaspésie--Îles-de-la-Madeleine,COMMERCIAL,23462754.0,2020,0.49999999999999994,-0.8660254037844387,89865
Gaspésie--Îles-de-la-Madeleine,RÉSIDENTIEL,60197330.0,2020,0.49999999999999994,-0.8660254037844387,89865
Gaspésie--Îles-de-la-Madeleine,RÉSIDENTIEL,43180890.0,2020,1.2246467991473532e-16,-1.0,89865
Gaspésie--Îles-de-la-Madeleine,AGRICOLE,732562.0,2020,-1.0,-1.8369701987210297e-16,89865
Gaspésie--Îles-de-la-Madeleine,INSTITUTIONNEL,7423950.0,2020,-1.0,-1.8369701987210297e-16,89865
Gaspésie--Îles-de-la-Madeleine,AGRICOLE,819318.0,2020,-0.8660254037844386,0.5000000000000001,89865
Gaspésie--Îles-de-la-Madeleine,COMMERCIAL,24835846.0,2020,-0.8660254037844386,0.5000000000000001,89865
Gaspésie--Îles-de-la-Madeleine,AGRICOLE,897208.0,2020,-0.5000000000000004,0.8660254037844384,89865
Gaspésie--Îles-de-la-Madeleine,INDUSTRIEL,28130052.700000003,2020,-0.5000000000000004,0.8660254037844384,89865
Gaspésie--Îles-de-la-Madeleine,RÉSIDENTIEL,77829932.0,2020,-0.5000000000000004,0.8660254037844384,89865
Gaspésie--Îles-de-la-Madeleine,INSTITUTIONNEL,13566449.0,2020,-2.4492935982947064e-16,1.0,89865
Gaspésie--Îles-de-la-Madeleine,COMMERCIAL,35530833.0,2021,0.49999999999999994,0.8660254037844387,91324
Gaspésie--Îles-de-la-Madeleine,INSTITUTIONNEL,13894949.0,2021,0.49999999999999994,0.8660254037844387,91324
Gaspésie--Îles-de-la-Madeleine,INDUSTRIEL,18266914.6,2021,0.8660254037844386,0.5000000000000001,91324
Gaspésie--Îles-de-la-Madeleine,RÉSIDENTIEL,95135236.0,2021,0.8660254037844386,0.5000000000000001,91324
Gaspésie--Îles-de-la-Madeleine,AGRICOLE,1232319.0,2021,1.0,6.123233995736766e-17,91324
Gaspésie--Îles-de-la-Madeleine,INSTITUTIONNEL,13384922.0,2021,1.0,6.123233995736766e-17,91324
Gaspésie--Îles-de-la-Madeleine,RÉSIDENTIEL,94716307.0,2021,1.0,6.123233995736766e-17,91324
Gaspésie--Îles-de-la-Madeleine,RÉSIDENTIEL,72522857.0,2021,0.8660254037844387,-0.4999999999999998,91324
Gaspésie--Îles-de-la-Madeleine,AGRICOLE,805403.0,2021,0.49999999999999994,-0.8660254037844387,91324
Gaspésie--Îles-de-la-Madeleine,RÉSIDENTIEL,59548483.0,2021,0.49999999999999994,-0.8660254037844387,91324
Gaspésie--Îles-de-la-Madeleine,INSTITUTIONNEL,7452122.0,2021,1.2246467991473532e-16,-1.0,91324
Gaspésie--Îles-de-la-Madeleine,RÉSIDENTIEL,41748180.0,2021,1.2246467991473532e-16,-1.0,91324
Gaspésie--Îles-de-la-Madeleine,INDUSTRIEL,25484346.1,2021,-0.4999999999999997,-0.8660254037844388,91324
Gaspésie--Îles-de-la-Madeleine,RÉSIDENTIEL,43212362.0,2021,-0.4999999999999997,-0.8660254037844388,91324
Gaspésie--Îles-de-la-Madeleine,COMMERCIAL,23555659.0,2021,-0.8660254037844385,-0.5000000000000004,91324
Gaspésie--Îles-de-la-Madeleine,INSTITUTIONNEL,7501873.0,2021,-0.8660254037844385,-0.5000000000000004,91324
Gaspésie--Îles-de-la-Madeleine,COMMERCIAL,21176851.0,2021,-1.0,-1.8369701987210297e-16,91324
Gaspésie--Îles-de-la-Madeleine,INDUSTRIEL,28631812.8,2021,-1.0,-1.8369701987210297e-16,91324
Gaspésie--Îles-de-la-Madeleine,AGRICOLE,760305.0,2021,-0.8660254037844386,0.5000000000000001,91324
Gaspésie--Îles-de-la-Madeleine,INDUSTRIEL,30187464.8,2021,-0.5000000000000004,0.8660254037844384,91324
Gaspésie--Îles-de-la-Madeleine,COMMERCIAL,34290421.0,2021,-2.4492935982947064e-16,1.0,91324
Gaspésie--Îles-de-la-Madeleine,INSTITUTIONNEL,15329496.0,2021,-2.4492935982947064e-16,1.0,91324
Gaspésie--Îles-de-la-Madeleine,INSTITUTIONNEL,17094483.0,2022,0.49999999999999994,0.8660254037844387,91804
Gaspésie--Îles-de-la-Madeleine,COMMERCIAL,33312852.0,2022,0.8660254037844386,0.5000000000000001,91804
Gaspésie--Îles-de-la-Madeleine,INDUSTRIEL,15631965.1,2022,0.8660254037844386,0.5000000000000001,91804
Gaspésie--Îles-de-la-Madeleine,AGRICOLE,1207037.0,2022,1.0,6.123233995736766e-17,91804
Gaspésie--Îles-de-la-Madeleine,RÉSIDENTIEL,100085457.0,2022,1.0,6.123233995736766e-17,91804
Gaspésie--Îles-de-la-Madeleine,INDUSTRIEL,31237826.6,2022,0.49999999999999994,-0.8660254037844387,91804
Gaspésie--Îles-de-la-Madeleine,INDUSTRIEL,27294399.4,2022,-0.8660254037844385,-0.5000000000000004,91804
Gaspésie--Îles-de-la-Madeleine,INSTITUTIONNEL,7389676.0,2022,-0.8660254037844385,-0.5000000000000004,91804
Gaspésie--Îles-de-la-Madeleine,AGRICOLE,731200.0,2022,-1.0,-1.8369701987210297e-16,91804
Gaspésie--Îles-de-la-Madeleine,INDUSTRIEL,26765701.1,2022,-1.0,-1.8369701987210297e-16,91804
Gaspésie--Îles-de-la-Madeleine,RÉSIDENTIEL,42348547.0,2022,-1.0,-1.8369701987210297e-16,91804
Gaspésie--Îles-de-la-Madeleine,RÉSIDENTIEL,52334525.0,2022,-0.8660254037844386,0.5000000000000001,91804
Gaspésie--Îles-de-la-Madeleine,COMMERCIAL,29928173.0,2022,-0.5000000000000004,0.8660254037844384,91804
Gaspésie--Îles-de-la-Madeleine,INDUSTRIEL,30418556.4,2022,-0.5000000000000004,0.8660254037844384,91804
Gaspésie--Îles-de-la-Madeleine,COMMERCIAL,35148787.0,2022,-2.4492935982947064e-16,1.0,91804
Gaspésie--Îles-de-la-Madeleine,INDUSTRIEL,27204488.700000003,2022,-2.4492935982947064e-16,1.0,91804
Gaspésie--Îles-de-la-Madeleine,INSTITUTIONNEL,15165766.0,2022,-2.4492935982947064e-16,1.0,91804
Gaspésie--Îles-de-la-Madeleine,AGRICOLE,1172421.0,2023,0.49999999999999994,0.8660254037844387,92059
Gaspésie--Îles-de-la-Madeleine,INDUSTRIEL,27641221.4,2023,0.49999999999999994,0.8660254037844387,92059
Gaspésie--Îles-de-la-Madeleine,INSTITUTIONNEL,15193275.0,2023,0.8660254037844386,0.5000000000000001,92059
Gaspésie--Îles-de-la-Madeleine,INDUSTRIEL,22177921.6,2023,1.0,6.123233995736766e-17,92059
Gaspésie--Îles-de-la-Madeleine,RÉSIDENTIEL,48430191.0,2023,1.2246467991473532e-16,-1.0,92059
Gaspésie--Îles-de-la-Madeleine,AGRICOLE,698182.0,2023,-0.4999999999999997,-0.8660254037844388,92059
Gaspésie--Îles-de-la-Madeleine,INSTITUTIONNEL,7415835.0,2023,-0.4999999999999997,-0.8660254037844388,92059
Gaspésie--Îles-de-la-Madeleine,RÉSIDENTIEL,43130168.0,2023,-0.4999999999999997,-0.8660254037844388,92059
Gaspésie--Îles-de-la-Madeleine,AGRICOLE,675899.0,2023,-0.8660254037844385,-0.5000000000000004,92059
Gaspésie--Îles-de-la-Madeleine,COMMERCIAL,24409447.0,2023,-0.8660254037844385,-0.5000000000000004,92059
Gaspésie--Îles-de-la-Madeleine,INDUSTRIEL,31255472.7,2023,-0.8660254037844385,-0.5000000000000004,92059
Gaspésie--Îles-de-la-Madeleine,INSTITUTIONNEL,8227050.0,2023,-1.0,-1.8369701987210297e-16,92059
Gaspésie--Îles-de-la-Madeleine,INSTITUTIONNEL,9964907.0,2023,-0.8660254037844386,0.5000000000000001,92059
Gaspésie--Îles-de-la-Madeleine,AGRICOLE,951389.0,2023,-0.5000000000000004,0.8660254037844384,92059
Gaspésie--Îles-de-la-Madeleine,RÉSIDENTIEL,86495568.0,2023,-0.5000000000000004,0.8660254037844384,92059
Gaspésie--Îles-de-la-Madeleine,AGRICOLE,1125226.0,2023,-2.4492935982947064e-16,1.0,92059
Lanaudière,AGRICOLE,12890094.0,2016,0.49999999999999994,0.8660254037844387,497341
Lanaudière,INSTITUTIONNEL,65002241.92415512,2016,0.49999999999999994,0.8660254037844387,497341
Lanaudière,AGRICOLE,11894288.0,2016,0.8660254037844386,0.5000000000000001,497341
Lanaudière,COMMERCIAL,104160416.2,2016,0.8660254037844386,0.5000000000000001,497341
Lanaudière,INSTITUTIONNEL,57901434.77271119,2016,1.0,6.123233995736766e-17,497341
Lanaudière,AGRICOLE,10224767.0,2016,0.8660254037844387,-0.4999999999999998,497341
Lanaudière,COMMERCIAL,88499179.0,2016,0.8660254037844387,-0.4999999999999998,497341
Lanaudière,AGRICOLE,9216116.0,2016,0.49999999999999994,-0.8660254037844387,497341
Lanaudière,COMMERCIAL,83541657.2,2016,0.49999999999999994,-0.8660254037844387,497341
Lanaudière,RÉSIDENTIEL,253832857.0,2016,0.49999999999999994,-0.8660254037844387,497341
Lanaudière,AGRICOLE,8761497.0,2016,1.2246467991473532e-16,-1.0,497341
Lanaudière,INSTITUTIONNEL,39064791.26516129,2016,1.2246467991473532e-16,-1.0,497341
Lanaudière,RÉSIDENTIEL,233675962.0,2016,-0.4999999999999997,-0.8660254037844388,497341
Lanaudière,INDUSTRIEL,69902812.4580705,2016,-0.8660254037844386,0.5000000000000001,497341
Lanaudière,AGRICOLE,11306200.0,2016,-0.5000000000000004,0.8660254037844384,497341
Lanaudière,COMMERCIAL,90431936.8,2016,-0.5000000000000004,0.8660254037844384,497341
Lanaudière,INSTITUTIONNEL,50333221.38709678,2016,-0.5000000000000004,0.8660254037844384,497341
Lanaudière,AGRICOLE,12819561.0,2016,-2.4492935982947064e-16,1.0,497341
Lanaudière,INSTITUTIONNEL,64111466.606451616,2016,-2.4492935982947064e-16,1.0,497341
Lanaudière,COMMERCIAL,110695976.2,2017,0.49999999999999994,0.8660254037844387,502541
Lanaudière,INDUSTRIEL,68084941.27142857,2017,0.49999999999999994,0.8660254037844387,502541
Lanaudière,INSTITUTIONNEL,65915228.1,2017,0.49999999999999994,0.8660254037844387,502541
Lanaudière,RÉSIDENTIEL,572152666.0,2017,0.49999999999999994,0.8660254037844387,502541
Lanaudière,AGRICOLE,11472702.0,2017,0.8660254037844386,0.5000000000000001,502541
Lanaudière,INSTITUTIONNEL,62627003.80714285,2017,1.0,6.123233995736766e-17,502541
Lanaudière,AGRICOLE,9950007.0,2017,0.8660254037844387,-0.4999999999999998,502541
Lanaudière,COMMERCIAL,83769130.0,2017,0.8660254037844387,-0.4999999999999998,502541
Lanaudière,AGRICOLE,9128115.0,2017,0.49999999999999994,-0.8660254037844387,502541
Lanaudière,COMMERCIAL,82555764.4,2017,0.49999999999999994,-0.8660254037844387,502541
Lanaudière,INSTITUTIONNEL,43273949.44419355,2017,0.49999999999999994,-0.8660254037844387,502541
Lanaudière,INDUSTRIEL,66285195.34285715,2017,1.2246467991473532e-16,-1.0,502541
Lanaudière,AGRICOLE,9423499.0,2017,-0.8660254037844385,-0.5000000000000004,502541
Lanaudière,COMMERCIAL,87598265.8,2017,-0.8660254037844385,-0.5000000000000004,502541
Lanaudière,INDUSTRIEL,70337458.1,2017,-0.8660254037844385,-0.5000000000000004,502541
Lanaudière,COMMERCIAL,82329371.0,2017,-1.0,-1.8369701987210297e-16,502541
Lanaudière,INSTITUTIONNEL,39385109.91645162,2017,-1.0,-1.8369701987210297e-16,502541
Lanaudière,COMMERCIAL,81515307.4,2017,-0.8660254037844386,0.5000000000000001,502541
Lanaudière,INSTITUTIONNEL,43099013.370645165,2017,-0.8660254037844386,0.5000000000000001,502541
Lanaudière,RÉSIDENTIEL,231666176.0,2017,-0.8660254037844386,0.5000000000000001,502541
Lanaudière,AGRICOLE,12311729.0,2017,-0.5000000000000004,0.8660254037844384,502541
Lanaudière,COMMERCIAL,120624685.0,2017,-2.4492935982947064e-16,1.0,502541
Lanaudière,COMMERCIAL,125649608.6,2018,0.49999999999999994,0.8660254037844387,508038
Lanaudière,INDUSTRIEL,71491817.89999999,2018,0.49999999999999994,0.8660254037844387,508038
Lanaudière,RÉSIDENTIEL,691754032.0,2018,0.49999999999999994,0.8660254037844387,508038
Lanaudière,COMMERCIAL,104536497.4,2018,0.8660254037844386,0.5000000000000001,508038
Lanaudière,AGRICOLE,11972620.0,2018,1.0,6.123233995736766e-17,508038
Lanaudière,INDUSTRIEL,71503974.22857143,2018,1.0,6.123233995736766e-17,508038
Lanaudière,COMMERCIAL,92754075.8,2018,0.8660254037844387,-0.4999999999999998,508038
Lanaudière,INDUSTRIEL,67774515.92857143,2018,0.8660254037844387,-0.4999999999999998,508038
Lanaudière,RÉSIDENTIEL,391954375.0,2018,0.8660254037844387,-0.4999999999999998,508038
Lanaudière,AGRICOLE,9392545.0,2018,0.49999999999999994,-0.8660254037844387,508038
Lanaudière,INDUSTRIEL,72448741.78571428,2018,0.49999999999999994,-0.8660254037844387,508038
Lanaudière,INSTITUTIONNEL,41280680.01612903,2018,1.2246467991473532e-16,-1.0,508038
Lanaudière,AGRICOLE,10261973.0,2018,-0.4999999999999997,-0.8660254037844388,508038
Lanaudière,INDUSTRIEL,67543952.22857143,2018,-0.4999999999999997,-0.8660254037844388,508038
Lanaudière,AGRICOLE,9692028.0,2018,-1.0,-1.8369701987210297e-16,508038
Lanaudière,INSTITUTIONNEL,43037257.72387096,2018,-1.0,-1.8369701987210297e-16,508038
Lanaudière,RÉSIDENTIEL,224982074.0,2018,-1.0,-1.8369701987210297e-16,508038
Lanaudière,INSTITUTIONNEL,51344209.90193549,2018,-0.8660254037844386,0.5000000000000001,508038
Lanaudière,RÉSIDENTIEL,318717485.0,2018,-0.8660254037844386,0.5000000000000001,508038
Lanaudière,INSTITUTIONNEL,60885665.75806452,2018,-0.5000000000000004,0.8660254037844384,508038
Lanaudière,RÉSIDENTIEL,468435288.0,2018,-0.5000000000000004,0.8660254037844384,508038
Lanaudière,COMMERCIAL,117694393.8,2018,-2.4492935982947064e-16,1.0,508038
Lanaudière,AGRICOLE,14830119.0,2019,0.49999999999999994,0.8660254037844387,514445
Lanaudière,COMMERCIAL,128462913.6,2019,0.49999999999999994,0.8660254037844387,514445
Lanaudière,AGRICOLE,12989844.0,2019,0.8660254037844386,0.5000000000000001,514445
Lanaudière,RÉSIDENTIEL,586851995.0,2019,0.8660254037844386,0.5000000000000001,514445
Lanaudière,INSTITUTIONNEL,64461270.407142855,2019,1.0,6.123233995736766e-17,514445
Lanaudière,COMMERCIAL,86299785.8,2019,0.49999999999999994,-0.8660254037844387,514445
Lanaudière,INDUSTRIEL,70643085.60000001,2019,1.2246467991473532e-16,-1.0,514445
Lanaudière,INSTITUTIONNEL,42614208.077741936,2019,1.2246467991473532e-16,-1.0,514445
Lanaudière,INSTITUTIONNEL,44449652.11935485,2019,-0.8660254037844385,-0.5000000000000004,514445
Lanaudière,AGRICOLE,9416018.0,2019,-1.0,-1.8369701987210297e-16,514445
Lanaudière,RÉSIDENTIEL,215297076.0,2019,-1.0,-1.8369701987210297e-16,514445
Lanaudière,COMMERCIAL,87647876.0,2019,-0.8660254037844386,0.5000000000000001,514445
Lanaudière,INDUSTRIEL,74549652.99999999,2019,-0.8660254037844386,0.5000000000000001,514445
Lanaudière,INSTITUTIONNEL,49372748.67516129,2019,-0.8660254037844386,0.5000000000000001,514445
Lanaudière,RÉSIDENTIEL,277672812.0,2019,-0.8660254037844386,0.5000000000000001,514445
Lanaudière,AGRICOLE,13811947.0,2019,-0.5000000000000004,0.8660254037844384,514445
Lanaudière,INSTITUTIONNEL,60249167.05483871,2019,-0.5000000000000004,0.8660254037844384,514445
Lanaudière,INDUSTRIEL,69910095.9,2019,-2.4492935982947064e-16,1.0,514445
Lanaudière,INSTITUTIONNEL,69001715.40967742,2019,-2.4492935982947064e-16,1.0,514445
Lanaudière,COMMERCIAL,120350342.8,2020,0.49999999999999994,0.8660254037844387,522824
Lanaudière,RÉSIDENTIEL,611472646.0,2020,0.49999999999999994,0.8660254037844387,522824
Lanaudière,COMMERCIAL,111119020.0,2020,0.8660254037844386,0.5000000000000001,522824
Lanaudière,INDUSTRIEL,69399115.69999999,2020,0.8660254037844386,0.5000000000000001,522824
Lanaudière,RÉSIDENTIEL,562840203.0,2020,0.8660254037844386,0.5000000000000001,522824
Lanaudière,COMMERCIAL,101120890.0,2020,1.0,6.123233995736766e-17,522824
Lanaudière,INDUSTRIEL,67578789.6,2020,1.0,6.123233995736766e-17,522824
Lanaudière,RÉSIDENTIEL,486281144.0,2020,1.0,6.123233995736766e-17,522824
Lanaudière,RÉSIDENTIEL,301505795.0,2020,0.49999999999999994,-0.8660254037844387,522824
Lanaudière,AGRICOLE,10147657.0,2020,1.2246467991473532e-16,-1.0,522824
Lanaudière,COMMERCIAL,82307505.2,2020,1.2246467991473532e-16,-1.0,522824
Lanaudière,INDUSTRIEL,69024146.5,2020,1.2246467991473532e-16,-1.0,522824
Lanaudière,RÉSIDENTIEL,262532688.0,2020,1.2246467991473532e-16,-1.0,522824
Lanaudière,COMMERCIAL,92638374.6,2020,-0.4999999999999997,-0.8660254037844388,522824
Lanaudière,AGRICOLE,10571638.0,2020,-0.8660254037844385,-0.5000000000000004,522824
Lanaudière,COMMERCIAL,89029276.4,2020,-0.8660254037844385,-0.5000000000000004,522824
Lanaudière,INDUSTRIEL,71518858.5,2020,-0.8660254037844385,-0.5000000000000004,522824
Lanaudière,RÉSIDENTIEL,261293897.0,2020,-0.8660254037844385,-0.5000000000000004,522824
Lanaudière,INDUSTRIEL,67617366.2,2020,-1.0,-1.8369701987210297e-16,522824
Lanaudière,RÉSIDENTIEL,236809857.0,2020,-1.0,-1.8369701987210297e-16,522824
Lanaudière,INSTITUTIONNEL,50641759.19193549,2020,-0.8660254037844386,0.5000000000000001,522824
Lanaudière,COMMERCIAL,96062922.3,2020,-0.5000000000000004,0.8660254037844384,522824
Lanaudière,INDUSTRIEL,71103856.6,2020,-0.5000000000000004,0.8660254037844384,522824
Lanaudière,AGRICOLE,14058588.0,2020,-2.4492935982947064e-16,1.0,522824
Lanaudière,COMMERCIAL,112805636.1,2020,-2.4492935982947064e-16,1.0,522824
Lanaudière,AGRICOLE,13770291.0,2021,0.8660254037844386,0.5000000000000001,532680
Lanaudière,COMMERCIAL,109726130.5,2021,0.8660254037844386,0.5000000000000001,532680
Lanaudière,INDUSTRIEL,66716035.1,2021,0.8660254037844386,0.5000000000000001,532680
Lanaudière,AGRICOLE,13944515.0,2021,1.0,6.123233995736766e-17,532680
Lanaudière,COMMERCIAL,107415455.4,2021,1.0,6.123233995736766e-17,532680
Lanaudière,INDUSTRIEL,73874849.89999999,2021,1.0,6.123233995736766e-17,532680
Lanaudière,RÉSIDENTIEL,500310096.0,2021,1.0,6.123233995736766e-17,532680
Lanaudière,AGRICOLE,11251426.0,2021,0.8660254037844387,-0.4999999999999998,532680
Lanaudière,INDUSTRIEL,69755790.9,2021,0.8660254037844387,-0.4999999999999998,532680
Lanaudière,RÉSIDENTIEL,329350294.0,2021,0.8660254037844387,-0.4999999999999998,532680
Lanaudière,INSTITUTIONNEL,47869530.98838709,2021,0.49999999999999994,-0.8660254037844387,532680
Lanaudière,RÉSIDENTIEL,277197415.0,2021,0.49999999999999994,-0.8660254037844387,532680
Lanaudière,AGRICOLE,,2021,1.2246467991473532e-16,-1.0,532680
Lanaudière,COMMERCIAL,90378788.9,2021,-0.4999999999999997,-0.8660254037844388,532680
Lanaudière,INSTITUTIONNEL,48394815.909677416,2021,-0.4999999999999997,-0.8660254037844388,532680
Lanaudière,AGRICOLE,,2021,-0.8660254037844385,-0.5000000000000004,532680
Lanaudière,INDUSTRIEL,,2021,-0.8660254037844385,-0.5000000000000004,532680
Lanaudière,AGRICOLE,11163751.0,2021,-1.0,-1.8369701987210297e-16,532680
Lanaudière,COMMERCIAL,84789087.5,2021,-1.0,-1.8369701987210297e-16,532680
Lanaudière,RÉSIDENTIEL,232516289.0,2021,-1.0,-1.8369701987210297e-16,532680
Lanaudière,COMMERCIAL,87514873.6,2021,-0.8660254037844386,0.5000000000000001,532680
Lanaudière,INDUSTRIEL,61715347.8,2021,-0.8660254037844386,0.5000000000000001,532680
Lanaudière,AGRICOLE,13411263.0,2021,-0.5000000000000004,0.8660254037844384,532680
Lanaudière,COMMERCIAL,102624168.8,2021,-0.5000000000000004,0.8660254037844384,532680
Lanaudière,RÉSIDENTIEL,414191039.0,2021,-0.5000000000000004,0.8660254037844384,532680
Lanaudière,AGRICOLE,15005146.0,2021,-2.4492935982947064e-16,1.0,532680
Lanaudière,COMMERCIAL,123076077.8,2021,-2.4492935982947064e-16,1.0,532680
Lanaudière,AGRICOLE,17143926.0,2022,0.49999999999999994,0.8660254037844387,541728
Lanaudière,COMMERCIAL,139724018.0,2022,0.49999999999999994,0.8660254037844387,541728
Lanaudière,INSTITUTIONNEL,84987075.26129033,2022,0.49999999999999994,0.8660254037844387,541728
Lanaudière,RÉSIDENTIEL,623741650.0,2022,0.8660254037844386,0.5000000000000001,541728
Lanaudière,AGRICOLE,14535519.0,2022,1.0,6.123233995736766e-17,541728
Lanaudière,RÉSIDENTIEL,383965400.0,2022,0.8660254037844387,-0.4999999999999998,541728
Lanaudière,AGRICOLE,,2022,0.49999999999999994,-0.8660254037844387,541728
Lanaudière,INSTITUTIONNEL,,2022,0.49999999999999994,-0.8660254037844387,541728
Lanaudière,AGRICOLE,10521098.0,2022,1.2246467991473532e-16,-1.0,541728
Lanaudière,INDUSTRIEL,59944042.1,2022,1.2246467991473532e-16,-1.0,541728
Lanaudière,INSTITUTIONNEL,49564000.61,2022,1.2246467991473532e-16,-1.0,541728
Lanaudière,RÉSIDENTIEL,252122188.0,2022,1.2246467991473532e-16,-1.0,541728
Lanaudière,RÉSIDENTIEL,272594098.0,2022,-0.4999999999999997,-0.8660254037844388,541728
Lanaudière,COMMERCIAL,,2022,-0.8660254037844385,-0.5000000000000004,541728
Lanaudière,INSTITUTIONNEL,,2022,-0.8660254037844385,-0.5000000000000004,541728
Lanaudière,INSTITUTIONNEL,56889852.04258065,2022,-1.0,-1.8369701987210297e-16,541728
Lanaudière,INDUSTRIEL,61668700.59999999,2022,-0.8660254037844386,0.5000000000000001,541728
Lanaudière,INDUSTRIEL,63587040.39999999,2022,-0.5000000000000004,0.8660254037844384,541728
Lanaudière,AGRICOLE,14999919.0,2022,-2.4492935982947064e-16,1.0,541728
Lanaudière,COMMERCIAL,119348290.7,2022,-2.4492935982947064e-16,1.0,541728
Lanaudière,RÉSIDENTIEL,611834429.0,2023,0.49999999999999994,0.8660254037844387,551592
Lanaudière,COMMERCIAL,119632435.8,2023,0.8660254037844386,0.5000000000000001,551592
Lanaudière,INDUSTRIEL,65257038.400000006,2023,0.8660254037844386,0.5000000000000001,551592
Lanaudière,RÉSIDENTIEL,600818558.0,2023,0.8660254037844386,0.5000000000000001,551592
Lanaudière,INDUSTRIEL,73468590.60000001,2023,1.0,6.123233995736766e-17,551592
Lanaudière,RÉSIDENTIEL,502730752.0,2023,1.0,6.123233995736766e-17,551592
Lanaudière,INDUSTRIEL,67752331.0,2023,0.8660254037844387,-0.4999999999999998,551592
Lanaudière,INSTITUTIONNEL,66142320.86,2023,0.8660254037844387,-0.4999999999999998,551592
Lanaudière,INDUSTRIEL,68979106.8,2023,0.49999999999999994,-0.8660254037844387,551592
Lanaudière,COMMERCIAL,89898459.9,2023,1.2246467991473532e-16,-1.0,551592
Lanaudière,INDUSTRIEL,68060868.7,2023,1.2246467991473532e-16,-1.0,551592
Lanaudière,INSTITUTIONNEL,58158566.74612904,2023,1.2246467991473532e-16,-1.0,551592
Lanaudière,AGRICOLE,11437693.0,2023,-0.4999999999999997,-0.8660254037844388,551592
Lanaudière,INDUSTRIEL,67503807.1,2023,-0.4999999999999997,-0.8660254037844388,551592
Lanaudière,INSTITUTIONNEL,60047134.44419355,2023,-0.4999999999999997,-0.8660254037844388,551592
Lanaudière,RÉSIDENTIEL,280392844.0,2023,-0.4999999999999997,-0.8660254037844388,551592
Lanaudière,INSTITUTIONNEL,59685664.5032258,2023,-0.8660254037844385,-0.5000000000000004,551592
Lanaudière,RÉSIDENTIEL,265259847.0,2023,-0.8660254037844385,-0.5000000000000004,551592
Lanaudière,AGRICOLE,11272011.0,2023,-1.0,-1.8369701987210297e-16,551592
Lanaudière,COMMERCIAL,91003103.8,2023,-1.0,-1.8369701987210297e-16,551592
Lanaudière,INDUSTRIEL,67464484.69999999,2023,-1.0,-1.8369701987210297e-16,551592
Lanaudière,INSTITUTIONNEL,57577769.772580646,2023,-1.0,-1.8369701987210297e-16,551592
Lanaudière,AGRICOLE,14792421.0,2023,-0.5000000000000004,0.8660254037844384,551592
Lanaudière,INSTITUTIONNEL,71474853.31290323,2023,-0.5000000000000004,0.8660254037844384,551592
Lanaudière,RÉSIDENTIEL,455348480.0,2023,-0.5000000000000004,0.8660254037844384,551592
Lanaudière,AGRICOLE,14804415.0,2023,-2.4492935982947064e-16,1.0,551592
Lanaudière,INDUSTRIEL,66159143.8,2023,-2.4492935982947064e-16,1.0,551592
Laurentides,INDUSTRIEL,65557894.758455135,2016,0.49999999999999994,0.8660254037844387,594554
Laurentides,RÉSIDENTIEL,830004260.0,2016,0.49999999999999994,0.8660254037844387,594554
Laurentides,COMMERCIAL,151154230.9,2016,1.0,6.123233995736766e-17,594554
Laurentides,INDUSTRIEL,66783973.97142858,2016,1.0,6.123233995736766e-17,594554
Laurentides,INSTITUTIONNEL,44825709.4,2016,1.0,6.123233995736766e-17,594554
Laurentides,INSTITUTIONNEL,39897010.8,2016,0.8660254037844387,-0.4999999999999998,594554
Laurentides,COMMERCIAL,125051400.3,2016,1.2246467991473532e-16,-1.0,594554
Laurentides,INDUSTRIEL,60862621.21428572,2016,1.2246467991473532e-16,-1.0,594554
Laurentides,INSTITUTIONNEL,30628982.7,2016,-0.4999999999999997,-0.8660254037844388,594554
Laurentides,AGRICOLE,7410855.0,2016,-0.8660254037844386,0.5000000000000001,594554
Laurentides,INSTITUTIONNEL,36351274.0,2016,-0.8660254037844386,0.5000000000000001,594554
Laurentides,RÉSIDENTIEL,376945592.0,2016,-0.8660254037844386,0.5000000000000001,594554
Laurentides,AGRICOLE,7916841.0,2016,-0.5000000000000004,0.8660254037844384,594554
Laurentides,COMMERCIAL,169762149.5,2016,-2.4492935982947064e-16,1.0,594554
Laurentides,INDUSTRIEL,63875831.8,2016,-2.4492935982947064e-16,1.0,594554
Laurentides,RÉSIDENTIEL,769000277.0,2016,-2.4492935982947064e-16,1.0,594554
Laurentides,INDUSTRIEL,65860531.46285714,2017,0.49999999999999994,0.8660254037844387,602110
Laurentides,RÉSIDENTIEL,781207826.0,2017,0.49999999999999994,0.8660254037844387,602110
Laurentides,AGRICOLE,10288545.0,2017,1.0,6.123233995736766e-17,602110
Laurentides,COMMERCIAL,165283476.8,2017,1.0,6.123233995736766e-17,602110
Laurentides,RÉSIDENTIEL,740271236.0,2017,1.0,6.123233995736766e-17,602110
Laurentides,AGRICOLE,8230384.0,2017,0.8660254037844387,-0.4999999999999998,602110
Laurentides,COMMERCIAL,127549910.2,2017,0.8660254037844387,-0.4999999999999998,602110
Laurentides,INDUSTRIEL,62507560.65428571,2017,0.8660254037844387,-0.4999999999999998,602110
Laurentides,INSTITUTIONNEL,37846956.7,2017,0.8660254037844387,-0.4999999999999998,602110
Laurentides,COMMERCIAL,123803383.9,2017,1.2246467991473532e-16,-1.0,602110
Laurentides,INSTITUTIONNEL,31017071.3,2017,1.2246467991473532e-16,-1.0,602110
Laurentides,COMMERCIAL,129860335.8,2017,-0.4999999999999997,-0.8660254037844388,602110
Laurentides,AGRICOLE,6124882.0,2017,-0.8660254037844385,-0.5000000000000004,602110
Laurentides,INDUSTRIEL,66775263.51428572,2017,-0.8660254037844385,-0.5000000000000004,602110
Laurentides,INSTITUTIONNEL,31619473.1,2017,-0.8660254037844385,-0.5000000000000004,602110
Laurentides,RÉSIDENTIEL,304029236.0,2017,-0.8660254037844385,-0.5000000000000004,602110
Laurentides,AGRICOLE,6323422.0,2017,-1.0,-1.8369701987210297e-16,602110
Laurentides,RÉSIDENTIEL,287296598.0,2017,-1.0,-1.8369701987210297e-16,602110
Laurentides,COMMERCIAL,124540340.4,2017,-0.8660254037844386,0.5000000000000001,602110
Laurentides,INDUSTRIEL,64565991.23142856,2017,-0.8660254037844386,0.5000000000000001,602110
Laurentides,AGRICOLE,8807722.0,2017,-0.5000000000000004,0.8660254037844384,602110
Laurentides,COMMERCIAL,186101036.8548387,2017,-2.4492935982947064e-16,1.0,602110
Laurentides,COMMERCIAL,190437700.86280835,2018,0.49999999999999994,0.8660254037844387,610176
Laurentides,COMMERCIAL,158983580.08235294,2018,0.8660254037844386,0.5000000000000001,610176
Laurentides,INSTITUTIONNEL,44950511.0,2018,0.8660254037844386,0.5000000000000001,610176
Laurentides,RÉSIDENTIEL,721267096.0,2018,0.8660254037844386,0.5000000000000001,610176
Laurentides,INDUSTRIEL,66760431.4,2018,1.0,6.123233995736766e-17,610176
Laurentides,INSTITUTIONNEL,45396014.6,2018,1.0,6.123233995736766e-17,610176
Laurentides,AGRICOLE,9031449.0,2018,0.8660254037844387,-0.4999999999999998,610176
Laurentides,COMMERCIAL,139787215.8,2018,0.8660254037844387,-0.4999999999999998,610176
Laurentides,INSTITUTIONNEL,40806100.7,2018,0.8660254037844387,-0.4999999999999998,610176
Laurentides,INSTITUTIONNEL,33873279.9,2018,0.49999999999999994,-0.8660254037844387,610176
Laurentides,AGRICOLE,5926583.0,2018,1.2246467991473532e-16,-1.0,610176
Laurentides,INDUSTRIEL,60931422.5,2018,1.2246467991473532e-16,-1.0,610176
Laurentides,INSTITUTIONNEL,31028904.3,2018,1.2246467991473532e-16,-1.0,610176
Laurentides,RÉSIDENTIEL,300880685.0,2018,1.2246467991473532e-16,-1.0,610176
Laurentides,AGRICOLE,6609877.0,2018,-0.4999999999999997,-0.8660254037844388,610176
Laurentides,INDUSTRIEL,63614528.5,2018,-0.4999999999999997,-0.8660254037844388,610176
Laurentides,AGRICOLE,6834369.0,2018,-0.8660254037844385,-0.5000000000000004,610176
Laurentides,INSTITUTIONNEL,32252261.8,2018,-1.0,-1.8369701987210297e-16,610176
Laurentides,AGRICOLE,8549132.0,2018,-0.8660254037844386,0.5000000000000001,610176
Laurentides,RÉSIDENTIEL,441491319.0,2018,-0.8660254037844386,0.5000000000000001,610176
Laurentides,COMMERCIAL,186176366.7,2018,-0.5000000000000004,0.8660254037844384,610176
Laurentides,RÉSIDENTIEL,645096540.0,2018,-0.5000000000000004,0.8660254037844384,610176
Laurentides,AGRICOLE,12331596.0,2019,0.49999999999999994,0.8660254037844387,618316
Laurentides,COMMERCIAL,222357504.9,2019,0.49999999999999994,0.8660254037844387,618316
Laurentides,RÉSIDENTIEL,967042766.0,2019,0.49999999999999994,0.8660254037844387,618316
Laurentides,AGRICOLE,11249925.0,2019,1.0,6.123233995736766e-17,618316
Laurentides,COMMERCIAL,194482031.3,2019,1.0,6.123233995736766e-17,618316
Laurentides,RÉSIDENTIEL,733664318.0,2019,1.0,6.123233995736766e-17,618316
Laurentides,INSTITUTIONNEL,40038355.0,2019,0.8660254037844387,-0.4999999999999998,618316
Laurentides,RÉSIDENTIEL,525982001.0,2019,0.8660254037844387,-0.4999999999999998,618316
Laurentides,AGRICOLE,7231628.0,2019,0.49999999999999994,-0.8660254037844387,618316
Laurentides,RÉSIDENTIEL,379906713.0,2019,0.49999999999999994,-0.8660254037844387,618316
Laurentides,AGRICOLE,6322501.0,2019,1.2246467991473532e-16,-1.0,618316
Laurentides,RÉSIDENTIEL,312375389.0,2019,1.2246467991473532e-16,-1.0,618316
Laurentides,RÉSIDENTIEL,331906300.0,2019,-0.4999999999999997,-0.8660254037844388,618316
Laurentides,INDUSTRIEL,63110457.6,2019,-0.8660254037844385,-0.5000000000000004,618316
Laurentides,RÉSIDENTIEL,315770584.0,2019,-0.8660254037844385,-0.5000000000000004,618316
Laurentides,INSTITUTIONNEL,31839271.0,2019,-1.0,-1.8369701987210297e-16,618316
Laurentides,AGRICOLE,7894725.0,2019,-0.8660254037844386,0.5000000000000001,618316
Laurentides,AGRICOLE,9782476.0,2019,-0.5000000000000004,0.8660254037844384,618316
Laurentides,INDUSTRIEL,63935214.8,2019,-0.5000000000000004,0.8660254037844384,618316
Laurentides,INSTITUTIONNEL,44175251.4,2019,-0.5000000000000004,0.8660254037844384,618316
Laurentides,COMMERCIAL,207550624.9,2019,-2.4492935982947064e-16,1.0,618316
Laurentides,INSTITUTIONNEL,48488385.1,2019,-2.4492935982947064e-16,1.0,618316
Laurentides,RÉSIDENTIEL,813769436.0,2019,-2.4492935982947064e-16,1.0,618316
Laurentides,COMMERCIAL,208447159.0,2020,0.49999999999999994,0.8660254037844387,628998
Laurentides,INDUSTRIEL,65778388.0,2020,0.49999999999999994,0.8660254037844387,628998
Laurentides,INDUSTRIEL,63874967.1,2020,0.8660254037844386,0.5000000000000001,628998
Laurentides,RÉSIDENTIEL,776505551.0,2020,0.8660254037844386,0.5000000000000001,628998
Laurentides,COMMERCIAL,140423961.9,2020,0.8660254037844387,-0.4999999999999998,628998
Laurentides,AGRICOLE,7126488.0,2020,1.2246467991473532e-16,-1.0,628998
Laurentides,INSTITUTIONNEL,29645191.2,2020,1.2246467991473532e-16,-1.0,628998
Laurentides,AGRICOLE,7826590.0,2020,-0.4999999999999997,-0.8660254037844388,628998
Laurentides,COMMERCIAL,148113604.5,2020,-0.4999999999999997,-0.8660254037844388,628998
Laurentides,INDUSTRIEL,59894263.3,2020,-0.4999999999999997,-0.8660254037844388,628998
Laurentides,AGRICOLE,7667517.0,2020,-0.8660254037844385,-0.5000000000000004,628998
Laurentides,INDUSTRIEL,60194198.3,2020,-0.8660254037844385,-0.5000000000000004,628998
Laurentides,INSTITUTIONNEL,32706100.0,2020,-1.0,-1.8369701987210297e-16,628998
Laurentides,AGRICOLE,8905487.0,2020,-0.8660254037844386,0.5000000000000001,628998
Laurentides,INDUSTRIEL,59261181.00000001,2020,-0.8660254037844386,0.5000000000000001,628998
Laurentides,INDUSTRIEL,57123724.50000001,2020,-2.4492935982947064e-16,1.0,628998
Laurentides,RÉSIDENTIEL,793063821.0,2020,-2.4492935982947064e-16,1.0,628998
Laurentides,AGRICOLE,12326237.0,2021,0.49999999999999994,0.8660254037844387,643216
Laurentides,COMMERCIAL,198720655.2,2021,0.49999999999999994,0.8660254037844387,643216
Laurentides,RÉSIDENTIEL,865719496.0,2021,0.49999999999999994,0.8660254037844387,643216
Laurentides,INSTITUTIONNEL,44843334.9,2021,0.8660254037844386,0.5000000000000001,643216
Laurentides,COMMERCIAL,178046717.6,2021,1.0,6.123233995736766e-17,643216
Laurentides,RÉSIDENTIEL,692943201.0,2021,1.0,6.123233995736766e-17,643216
Laurentides,AGRICOLE,9172701.0,2021,0.8660254037844387,-0.4999999999999998,643216
Laurentides,RÉSIDENTIEL,377437713.0,2021,0.49999999999999994,-0.8660254037844387,643216
Laurentides,AGRICOLE,7297635.0,2021,1.2246467991473532e-16,-1.0,643216
Laurentides,COMMERCIAL,153142958.4,2021,1.2246467991473532e-16,-1.0,643216
Laurentides,INDUSTRIEL,61383331.7,2021,1.2246467991473532e-16,-1.0,643216
Laurentides,AGRICOLE,7666441.0,2021,-0.4999999999999997,-0.8660254037844388,643216
Laurentides,COMMERCIAL,157750430.0,2021,-0.4999999999999997,-0.8660254037844388,643216
Laurentides,INSTITUTIONNEL,31590515.2,2021,-0.4999999999999997,-0.8660254037844388,643216
Laurentides,RÉSIDENTIEL,346949216.0,2021,-0.4999999999999997,-0.8660254037844388,643216
Laurentides,AGRICOLE,7656991.0,2021,-1.0,-1.8369701987210297e-16,643216
Laurentides,INDUSTRIEL,59254791.7,2021,-1.0,-1.8369701987210297e-16,643216
Laurentides,AGRICOLE,8461368.0,2021,-0.8660254037844386,0.5000000000000001,643216
Laurentides,INDUSTRIEL,60396416.7,2021,-0.8660254037844386,0.5000000000000001,643216
Laurentides,INSTITUTIONNEL,35506558.9,2021,-0.8660254037844386,0.5000000000000001,643216
Laurentides,AGRICOLE,9835885.0,2021,-0.5000000000000004,0.8660254037844384,643216
Laurentides,COMMERCIAL,185055095.5,2021,-0.5000000000000004,0.8660254037844384,643216
Laurentides,RÉSIDENTIEL,580153531.0,2021,-0.5000000000000004,0.8660254037844384,643216
Laurentides,INDUSTRIEL,61860903.3,2021,-2.4492935982947064e-16,1.0,643216
Laurentides,AGRICOLE,15995029.0,2022,0.49999999999999994,0.8660254037844387,653655
Laurentides,COMMERCIAL,235938862.2,2022,0.49999999999999994,0.8660254037844387,653655
Laurentides,INSTITUTIONNEL,54069732.4,2022,0.49999999999999994,0.8660254037844387,653655
Laurentides,RÉSIDENTIEL,1102208557.0,2022,0.49999999999999994,0.8660254037844387,653655
Laurentides,RÉSIDENTIEL,862161441.0,2022,0.8660254037844386,0.5000000000000001,653655
Laurentides,AGRICOLE,14040210.0,2022,1.0,6.123233995736766e-17,653655
Laurentides,INSTITUTIONNEL,47972557.2,2022,1.0,6.123233995736766e-17,653655
Laurentides,AGRICOLE,11765610.0,2022,0.8660254037844387,-0.4999999999999998,653655
Laurentides,INDUSTRIEL,62798094.6,2022,0.49999999999999994,-0.8660254037844387,653655
Laurentides,RÉSIDENTIEL,349344776.0,2022,0.49999999999999994,-0.8660254037844387,653655
Laurentides,AGRICOLE,6703818.0,2022,1.2246467991473532e-16,-1.0,653655
Laurentides,INDUSTRIEL,61485389.7,2022,1.2246467991473532e-16,-1.0,653655
Laurentides,COMMERCIAL,160498849.8,2022,-0.8660254037844385,-0.5000000000000004,653655
Laurentides,INSTITUTIONNEL,33546192.4,2022,-0.8660254037844385,-0.5000000000000004,653655
Laurentides,RÉSIDENTIEL,350903554.0,2022,-0.8660254037844385,-0.5000000000000004,653655
Laurentides,AGRICOLE,7343911.0,2022,-1.0,-1.8369701987210297e-16,653655
Laurentides,COMMERCIAL,148956347.1,2022,-1.0,-1.8369701987210297e-16,653655
Laurentides,RÉSIDENTIEL,329863973.0,2022,-1.0,-1.8369701987210297e-16,653655
Laurentides,AGRICOLE,8827170.0,2022,-0.8660254037844386,0.5000000000000001,653655
Laurentides,COMMERCIAL,181237971.2,2022,-0.5000000000000004,0.8660254037844384,653655
Laurentides,INDUSTRIEL,63676020.7,2022,-0.5000000000000004,0.8660254037844384,653655
Laurentides,INSTITUTIONNEL,41303991.4,2022,-0.5000000000000004,0.8660254037844384,653655
Laurentides,AGRICOLE,13854380.0,2022,-2.4492935982947064e-16,1.0,653655
Laurentides,INSTITUTIONNEL,47482788.4,2022,-2.4492935982947064e-16,1.0,653655
Laurentides,AGRICOLE,14798484.0,2023,0.49999999999999994,0.8660254037844387,663358
Laurentides,INSTITUTIONNEL,49364685.9,2023,0.49999999999999994,0.8660254037844387,663358
Laurentides,RÉSIDENTIEL,848801816.0,2023,0.49999999999999994,0.8660254037844387,663358
Laurentides,COMMERCIAL,202584005.7,2023,0.8660254037844386,0.5000000000000001,663358
Laurentides,AGRICOLE,13626802.0,2023,1.0,6.123233995736766e-17,663358
Laurentides,COMMERCIAL,199404178.9,2023,1.0,6.123233995736766e-17,663358
Laurentides,RÉSIDENTIEL,497544278.0,2023,0.8660254037844387,-0.4999999999999998,663358
Laurentides,INDUSTRIEL,57021664.2,2023,0.49999999999999994,-0.8660254037844387,663358
Laurentides,INSTITUTIONNEL,35093966.7,2023,0.49999999999999994,-0.8660254037844387,663358
Laurentides,INSTITUTIONNEL,31176160.3,2023,1.2246467991473532e-16,-1.0,663358
Laurentides,COMMERCIAL,172847939.1,2023,-0.4999999999999997,-0.8660254037844388,663358
Laurentides,INDUSTRIEL,53393438.900000006,2023,-0.4999999999999997,-0.8660254037844388,663358
Laurentides,INDUSTRIEL,57097613.6,2023,-0.8660254037844385,-0.5000000000000004,663358
Laurentides,AGRICOLE,7558591.0,2023,-1.0,-1.8369701987210297e-16,663358
Laurentides,RÉSIDENTIEL,324846180.0,2023,-1.0,-1.8369701987210297e-16,663358
Laurentides,INSTITUTIONNEL,34832371.4,2023,-0.8660254037844386,0.5000000000000001,663358
Laurentides,AGRICOLE,13822676.0,2023,-2.4492935982947064e-16,1.0,663358
Laurentides,COMMERCIAL,221227138.7,2023,-2.4492935982947064e-16,1.0,663358
Laurentides,INDUSTRIEL,53974281.60000001,2023,-2.4492935982947064e-16,1.0,663358
Laurentides,RÉSIDENTIEL,772270426.0,2023,-2.4492935982947064e-16,1.0,663358
Laval,INDUSTRIEL,32295784.6,2016,0.49999999999999994,0.8660254037844387,425838
Laval,RÉSIDENTIEL,461176738.0,2016,0.49999999999999994,0.8660254037844387,425838
Laval,RÉSIDENTIEL,428709571.0,2016,0.8660254037844386,0.5000000000000001,425838
Laval,AGRICOLE,938907.0,2016,1.0,6.123233995736766e-17,425838
Laval,COMMERCIAL,107856759.6,2016,0.8660254037844387,-0.4999999999999998,425838
Laval,INSTITUTIONNEL,19806356.0,2016,0.49999999999999994,-0.8660254037844387,425838
Laval,RÉSIDENTIEL,169981380.0,2016,1.2246467991473532e-16,-1.0,425838
Laval,COMMERCIAL,108459459.3,2016,-0.4999999999999997,-0.8660254037844388,425838
Laval,COMMERCIAL,113290862.3,2016,-0.8660254037844385,-0.5000000000000004,425838
Laval,INSTITUTIONNEL,19167284.8,2016,-0.8660254037844385,-0.5000000000000004,425838
Laval,COMMERCIAL,102579041.1,2016,-1.0,-1.8369701987210297e-16,425838
Laval,INDUSTRIEL,31655348.50645161,2016,-1.0,-1.8369701987210297e-16,425838
Laval,INSTITUTIONNEL,20012257.4,2016,-0.8660254037844386,0.5000000000000001,425838
Laval,RÉSIDENTIEL,196327007.0,2016,-0.8660254037844386,0.5000000000000001,425838
Laval,INSTITUTIONNEL,21375895.6,2016,-0.5000000000000004,0.8660254037844384,425838
Laval,AGRICOLE,841115.0,2016,-2.4492935982947064e-16,1.0,425838
Laval,COMMERCIAL,129226313.0,2016,-2.4492935982947064e-16,1.0,425838
Laval,INDUSTRIEL,33878649.451612905,2016,-2.4492935982947064e-16,1.0,425838
Laval,COMMERCIAL,131599177.45,2017,0.49999999999999994,0.8660254037844387,429570
Laval,INDUSTRIEL,34445627.41612903,2017,0.49999999999999994,0.8660254037844387,429570
Laval,INSTITUTIONNEL,25506313.8,2017,0.49999999999999994,0.8660254037844387,429570
Laval,INSTITUTIONNEL,25771857.0,2017,1.0,6.123233995736766e-17,429570
Laval,AGRICOLE,806882.0,2017,0.8660254037844387,-0.4999999999999998,429570
Laval,INDUSTRIEL,36111463.04677419,2017,0.49999999999999994,-0.8660254037844387,429570
Laval,INSTITUTIONNEL,21045364.6,2017,0.49999999999999994,-0.8660254037844387,429570
Laval,INSTITUTIONNEL,18904755.2,2017,1.2246467991473532e-16,-1.0,429570
Laval,RÉSIDENTIEL,168002580.0,2017,1.2246467991473532e-16,-1.0,429570
Laval,AGRICOLE,794184.0,2017,-0.4999999999999997,-0.8660254037844388,429570
Laval,AGRICOLE,868473.0,2017,-0.8660254037844385,-0.5000000000000004,429570
Laval,INDUSTRIEL,36430508.77096774,2017,-0.8660254037844385,-0.5000000000000004,429570
Laval,AGRICOLE,844056.0,2017,-1.0,-1.8369701987210297e-16,429570
Laval,INDUSTRIEL,34703775.99516129,2017,-1.0,-1.8369701987210297e-16,429570
Laval,RÉSIDENTIEL,166163736.0,2017,-0.8660254037844386,0.5000000000000001,429570
Laval,COMMERCIAL,114626233.9,2017,-0.5000000000000004,0.8660254037844384,429570
Laval,RÉSIDENTIEL,312543207.0,2017,-0.5000000000000004,0.8660254037844384,429570
Laval,AGRICOLE,938110.0,2017,-2.4492935982947064e-16,1.0,429570
Laval,INDUSTRIEL,37407655.64516129,2018,0.49999999999999994,0.8660254037844387,434464
Laval,COMMERCIAL,121514113.9,2018,0.8660254037844386,0.5000000000000001,434464
Laval,RÉSIDENTIEL,397219553.0,2018,0.8660254037844386,0.5000000000000001,434464
Laval,INSTITUTIONNEL,24381283.6,2018,1.0,6.123233995736766e-17,434464
Laval,RÉSIDENTIEL,363398891.0,2018,1.0,6.123233995736766e-17,434464
Laval,INSTITUTIONNEL,19239999.4,2018,-0.4999999999999997,-0.8660254037844388,434464
Laval,INDUSTRIEL,36780753.98709677,2018,-0.8660254037844385,-0.5000000000000004,434464
Laval,INSTITUTIONNEL,19037361.8,2018,-1.0,-1.8369701987210297e-16,434464
Laval,RÉSIDENTIEL,161402064.0,2018,-1.0,-1.8369701987210297e-16,434464
Laval,COMMERCIAL,107650685.7,2018,-0.8660254037844386,0.5000000000000001,434464
Laval,INSTITUTIONNEL,21523911.4,2018,-0.8660254037844386,0.5000000000000001,434464
Laval,INDUSTRIEL,37320226.66774194,2018,-0.5000000000000004,0.8660254037844384,434464
Laval,INSTITUTIONNEL,23845861.2,2018,-0.5000000000000004,0.8660254037844384,434464
Laval,RÉSIDENTIEL,350621804.0,2018,-0.5000000000000004,0.8660254037844384,434464
Laval,COMMERCIAL,127229002.9,2019,1.0,6.123233995736766e-17,438498
Laval,INDUSTRIEL,33709660.85,2019,0.8660254037844387,-0.4999999999999998,438498
Laval,INSTITUTIONNEL,21081554.6,2019,0.49999999999999994,-0.8660254037844387,438498
Laval,INDUSTRIEL,32283330.33387097,2019,1.2246467991473532e-16,-1.0,438498
Laval,AGRICOLE,948399.0,2019,-0.4999999999999997,-0.8660254037844388,438498
Laval,RÉSIDENTIEL,189320621.0,2019,-0.4999999999999997,-0.8660254037844388,438498
Laval,AGRICOLE,1021796.0,2019,-0.8660254037844385,-0.5000000000000004,438498
Laval,INSTITUTIONNEL,19361793.1,2019,-0.8660254037844385,-0.5000000000000004,438498
Laval,COMMERCIAL,97866347.9,2019,-1.0,-1.8369701987210297e-16,438498
Laval,INDUSTRIEL,32441773.00806452,2019,-1.0,-1.8369701987210297e-16,438498
Laval,INSTITUTIONNEL,18724864.7,2019,-1.0,-1.8369701987210297e-16,438498
Laval,COMMERCIAL,102763314.5,2019,-0.8660254037844386,0.5000000000000001,438498
Laval,INSTITUTIONNEL,21153051.8,2019,-0.8660254037844386,0.5000000000000001,438498
Laval,INDUSTRIEL,33275321.23870968,2019,-2.4492935982947064e-16,1.0,438498
Laval,INDUSTRIEL,35254428.190322585,2020,0.49999999999999994,0.8660254037844387,441071
Laval,RÉSIDENTIEL,465801886.0,2020,0.49999999999999994,0.8660254037844387,441071
Laval,INSTITUTIONNEL,24692980.3,2020,0.8660254037844386,0.5000000000000001,441071
Laval,INSTITUTIONNEL,24432174.1,2020,1.0,6.123233995736766e-17,441071
Laval,RÉSIDENTIEL,363893871.0,2020,1.0,6.123233995736766e-17,441071
Laval,COMMERCIAL,90605533.8,2020,0.8660254037844387,-0.4999999999999998,441071
Laval,COMMERCIAL,89474384.2,2020,0.49999999999999994,-0.8660254037844387,441071
Laval,INSTITUTIONNEL,18576155.6,2020,0.49999999999999994,-0.8660254037844387,441071
Laval,AGRICOLE,708213.0,2020,1.2246467991473532e-16,-1.0,441071
Laval,COMMERCIAL,95617136.0,2020,1.2246467991473532e-16,-1.0,441071
Laval,INSTITUTIONNEL,17837244.8,2020,1.2246467991473532e-16,-1.0,441071
Laval,AGRICOLE,977458.0,2020,-0.4999999999999997,-0.8660254037844388,441071
Laval,COMMERCIAL,109676609.5,2020,-0.4999999999999997,-0.8660254037844388,441071
Laval,INSTITUTIONNEL,19143473.9,2020,-0.4999999999999997,-0.8660254037844388,441071
Laval,RÉSIDENTIEL,207715689.0,2020,-0.4999999999999997,-0.8660254037844388,441071
Laval,AGRICOLE,907839.0,2020,-0.8660254037844385,-0.5000000000000004,441071
Laval,COMMERCIAL,103267830.2,2020,-0.8660254037844385,-0.5000000000000004,441071
Laval,INSTITUTIONNEL,19530737.3,2020,-0.8660254037844385,-0.5000000000000004,441071
Laval,COMMERCIAL,93205469.5,2020,-1.0,-1.8369701987210297e-16,441071
Laval,INDUSTRIEL,32662038.3516129,2020,-1.0,-1.8369701987210297e-16,441071
Laval,COMMERCIAL,97294031.4,2020,-0.8660254037844386,0.5000000000000001,441071
Laval,RÉSIDENTIEL,215556340.0,2020,-0.8660254037844386,0.5000000000000001,441071
Laval,INSTITUTIONNEL,21621359.2,2020,-0.5000000000000004,0.8660254037844384,441071
Laval,COMMERCIAL,123511532.7,2020,-2.4492935982947064e-16,1.0,441071
Laval,AGRICOLE,1011768.0,2021,0.49999999999999994,0.8660254037844387,440489
Laval,INDUSTRIEL,32844913.54792627,2021,0.8660254037844386,0.5000000000000001,440489
Laval,INSTITUTIONNEL,23397204.6,2021,0.8660254037844386,0.5000000000000001,440489
Laval,INSTITUTIONNEL,20001098.6,2021,0.8660254037844387,-0.4999999999999998,440489
Laval,RÉSIDENTIEL,232518795.0,2021,0.8660254037844387,-0.4999999999999998,440489
Laval,AGRICOLE,764633.0,2021,1.2246467991473532e-16,-1.0,440489
Laval,COMMERCIAL,102777648.1,2021,-0.4999999999999997,-0.8660254037844388,440489
Laval,INSTITUTIONNEL,18269476.4,2021,-0.4999999999999997,-0.8660254037844388,440489
Laval,COMMERCIAL,110616113.7,2021,-0.8660254037844385,-0.5000000000000004,440489
Laval,INSTITUTIONNEL,19505327.4,2021,-0.8660254037844385,-0.5000000000000004,440489
Laval,RÉSIDENTIEL,202456026.0,2021,-0.8660254037844385,-0.5000000000000004,440489
Laval,COMMERCIAL,95807802.9,2021,-1.0,-1.8369701987210297e-16,440489
Laval,INDUSTRIEL,31848999.374193545,2021,-1.0,-1.8369701987210297e-16,440489
Laval,COMMERCIAL,97469940.8,2021,-0.8660254037844386,0.5000000000000001,440489
Laval,INSTITUTIONNEL,25745814.6,2021,-2.4492935982947064e-16,1.0,440489
Laval,RÉSIDENTIEL,437497119.0,2021,-2.4492935982947064e-16,1.0,440489
Laval,AGRICOLE,1086815.0,2022,0.49999999999999994,0.8660254037844387,443792
Laval,COMMERCIAL,150102715.1,2022,0.49999999999999994,0.8660254037844387,443792
Laval,INDUSTRIEL,34774350.53928571,2022,1.0,6.123233995736766e-17,443792
Laval,INSTITUTIONNEL,25662223.8,2022,1.0,6.123233995736766e-17,443792
Laval,RÉSIDENTIEL,391851948.0,2022,1.0,6.123233995736766e-17,443792
Laval,AGRICOLE,832746.0,2022,0.8660254037844387,-0.4999999999999998,443792
Laval,INDUSTRIEL,31279275.35,2022,0.8660254037844387,-0.4999999999999998,443792
Laval,RÉSIDENTIEL,268102276.0,2022,0.8660254037844387,-0.4999999999999998,443792
Laval,INDUSTRIEL,32110463.79516129,2022,0.49999999999999994,-0.8660254037844387,443792
Laval,AGRICOLE,580382.0,2022,1.2246467991473532e-16,-1.0,443792
Laval,COMMERCIAL,98103634.0,2022,1.2246467991473532e-16,-1.0,443792
Laval,INDUSTRIEL,31596943.851612903,2022,-0.8660254037844385,-0.5000000000000004,443792
Laval,INSTITUTIONNEL,19133760.0,2022,-0.8660254037844385,-0.5000000000000004,443792
Laval,COMMERCIAL,95339461.9,2022,-1.0,-1.8369701987210297e-16,443792
Laval,INDUSTRIEL,29951149.85806452,2022,-1.0,-1.8369701987210297e-16,443792
Laval,INSTITUTIONNEL,18447534.5,2022,-1.0,-1.8369701987210297e-16,443792
Laval,RÉSIDENTIEL,166770952.0,2022,-1.0,-1.8369701987210297e-16,443792
Laval,INDUSTRIEL,31834511.764516126,2022,-0.5000000000000004,0.8660254037844384,443792
Laval,AGRICOLE,979284.0,2023,0.49999999999999994,0.8660254037844387,450710
Laval,INDUSTRIEL,31207005.958064515,2023,0.49999999999999994,0.8660254037844387,450710
Laval,RÉSIDENTIEL,450778425.0,2023,0.49999999999999994,0.8660254037844387,450710
Laval,COMMERCIAL,127148216.0,2023,0.8660254037844386,0.5000000000000001,450710
Laval,INDUSTRIEL,30076756.34631336,2023,0.8660254037844386,0.5000000000000001,450710
Laval,INSTITUTIONNEL,24728347.5,2023,0.8660254037844386,0.5000000000000001,450710
Laval,AGRICOLE,981198.0,2023,1.0,6.123233995736766e-17,450710
Laval,COMMERCIAL,123652073.4,2023,1.0,6.123233995736766e-17,450710
Laval,INSTITUTIONNEL,24930061.7,2023,1.0,6.123233995736766e-17,450710
Laval,AGRICOLE,778144.0,2023,0.8660254037844387,-0.4999999999999998,450710
Laval,INSTITUTIONNEL,20659296.3,2023,0.8660254037844387,-0.4999999999999998,450710
Laval,COMMERCIAL,99051016.0,2023,1.2246467991473532e-16,-1.0,450710
Laval,INDUSTRIEL,29312499.482258063,2023,1.2246467991473532e-16,-1.0,450710
Laval,AGRICOLE,843902.0,2023,-0.4999999999999997,-0.8660254037844388,450710
Laval,INSTITUTIONNEL,18469902.8,2023,-0.4999999999999997,-0.8660254037844388,450710
Laval,RÉSIDENTIEL,200625714.0,2023,-0.4999999999999997,-0.8660254037844388,450710
Laval,AGRICOLE,848502.0,2023,-0.8660254037844385,-0.5000000000000004,450710
Laval,INSTITUTIONNEL,18746237.6,2023,-0.8660254037844385,-0.5000000000000004,450710
Laval,INSTITUTIONNEL,18615686.2,2023,-1.0,-1.8369701987210297e-16,450710
Laval,RÉSIDENTIEL,168914943.0,2023,-1.0,-1.8369701987210297e-16,450710
Laval,RÉSIDENTIEL,317281825.0,2023,-0.5000000000000004,0.8660254037844384,450710
Laval,INDUSTRIEL,28496287.845161293,2023,-2.4492935982947064e-16,1.0,450710
Laval,INSTITUTIONNEL,24099520.4,2023,-2.4492935982947064e-16,1.0,450710
Mauricie,RÉSIDENTIEL,326339102.0,2016,0.49999999999999994,0.8660254037844387,266790
Mauricie,AGRICOLE,7838499.0,2016,0.8660254037844386,0.5000000000000001,266790
Mauricie,COMMERCIAL,81278227.0,2016,0.8660254037844386,0.5000000000000001,266790
Mauricie,INDUSTRIEL,200798160.93196428,2016,0.8660254037844386,0.5000000000000001,266790
Mauricie,INSTITUTIONNEL,24120291.0,2016,0.8660254037844386,0.5000000000000001,266790
Mauricie,RÉSIDENTIEL,284757505.0,2016,0.8660254037844386,0.5000000000000001,266790
Mauricie,AGRICOLE,7331719.0,2016,1.0,6.123233995736766e-17,266790
Mauricie,COMMERCIAL,78387510.8,2016,1.0,6.123233995736766e-17,266790
Mauricie,INSTITUTIONNEL,24084818.0,2016,1.0,6.123233995736766e-17,266790
Mauricie,RÉSIDENTIEL,254747019.0,2016,1.0,6.123233995736766e-17,266790
Mauricie,AGRICOLE,6008370.0,2016,0.8660254037844387,-0.4999999999999998,266790
Mauricie,COMMERCIAL,68895002.4,2016,0.8660254037844387,-0.4999999999999998,266790
Mauricie,AGRICOLE,5092206.0,2016,0.49999999999999994,-0.8660254037844387,266790
Mauricie,COMMERCIAL,64591043.4,2016,-0.4999999999999997,-0.8660254037844388,266790
Mauricie,INSTITUTIONNEL,16914580.0,2016,-0.4999999999999997,-0.8660254037844388,266790
Mauricie,AGRICOLE,5416134.0,2016,-0.8660254037844385,-0.5000000000000004,266790
Mauricie,INDUSTRIEL,197786319.4413312,2016,-0.8660254037844385,-0.5000000000000004,266790
Mauricie,INSTITUTIONNEL,18579751.0,2016,-1.0,-1.8369701987210297e-16,266790
Mauricie,RÉSIDENTIEL,106313163.0,2016,-1.0,-1.8369701987210297e-16,266790
Mauricie,AGRICOLE,6978714.0,2016,-0.8660254037844386,0.5000000000000001,266790
Mauricie,INDUSTRIEL,197076084.23348933,2016,-0.5000000000000004,0.8660254037844384,266790
Mauricie,RÉSIDENTIEL,196133573.0,2016,-0.5000000000000004,0.8660254037844384,266790
Mauricie,COMMERCIAL,83065919.2,2016,-2.4492935982947064e-16,1.0,266790
Mauricie,INSTITUTIONNEL,25031391.0,2016,-2.4492935982947064e-16,1.0,266790
Mauricie,RÉSIDENTIEL,303700397.0,2016,-2.4492935982947064e-16,1.0,266790
Mauricie,COMMERCIAL,84432848.8,2017,0.49999999999999994,0.8660254037844387,267648
Mauricie,INDUSTRIEL,210206696.33617425,2017,0.49999999999999994,0.8660254037844387,267648
Mauricie,INDUSTRIEL,186607339.30461645,2017,0.8660254037844386,0.5000000000000001,267648
Mauricie,INDUSTRIEL,165502099.659074,2017,1.0,6.123233995736766e-17,267648
Mauricie,RÉSIDENTIEL,186600821.0,2017,0.8660254037844387,-0.4999999999999998,267648
Mauricie,RÉSIDENTIEL,139420459.0,2017,0.49999999999999994,-0.8660254037844387,267648
Mauricie,AGRICOLE,5043496.0,2017,1.2246467991473532e-16,-1.0,267648
Mauricie,COMMERCIAL,61176660.0,2017,1.2246467991473532e-16,-1.0,267648
Mauricie,RÉSIDENTIEL,114265975.0,2017,1.2246467991473532e-16,-1.0,267648
Mauricie,AGRICOLE,5416434.0,2017,-0.8660254037844385,-0.5000000000000004,267648
Mauricie,INDUSTRIEL,166988123.94531673,2017,-0.8660254037844385,-0.5000000000000004,267648
Mauricie,COMMERCIAL,61597531.8,2017,-1.0,-1.8369701987210297e-16,267648
Mauricie,INDUSTRIEL,165686241.07638547,2017,-1.0,-1.8369701987210297e-16,267648
Mauricie,COMMERCIAL,60906107.6,2017,-0.8660254037844386,0.5000000000000001,267648
Mauricie,RÉSIDENTIEL,126225177.0,2017,-0.8660254037844386,0.5000000000000001,267648
Mauricie,INDUSTRIEL,172979719.40444684,2017,-0.5000000000000004,0.8660254037844384,267648
Mauricie,INSTITUTIONNEL,23317371.0,2017,-0.5000000000000004,0.8660254037844384,267648
Mauricie,COMMERCIAL,94990752.6,2018,0.49999999999999994,0.8660254037844387,268119
Mauricie,INDUSTRIEL,182409578.9962392,2018,0.49999999999999994,0.8660254037844387,268119
Mauricie,COMMERCIAL,79359594.2,2018,0.8660254037844386,0.5000000000000001,268119
Mauricie,INSTITUTIONNEL,23668255.0,2018,0.8660254037844386,0.5000000000000001,268119
Mauricie,INDUSTRIEL,178197155.06529954,2018,1.0,6.123233995736766e-17,268119
Mauricie,COMMERCIAL,69206210.0,2018,0.8660254037844387,-0.4999999999999998,268119
Mauricie,AGRICOLE,4939295.0,2018,1.2246467991473532e-16,-1.0,268119
Mauricie,RÉSIDENTIEL,114048272.0,2018,1.2246467991473532e-16,-1.0,268119
Mauricie,AGRICOLE,5504575.0,2018,-0.4999999999999997,-0.8660254037844388,268119
Mauricie,RÉSIDENTIEL,123657718.0,2018,-0.4999999999999997,-0.8660254037844388,268119
Mauricie,INDUSTRIEL,169304918.56098983,2018,-0.8660254037844385,-0.5000000000000004,268119
Mauricie,RÉSIDENTIEL,114135848.0,2018,-1.0,-1.8369701987210297e-16,268119
Mauricie,INDUSTRIEL,172020957.51160172,2018,-0.8660254037844386,0.5000000000000001,268119
Mauricie,INSTITUTIONNEL,23356686.0,2018,-0.5000000000000004,0.8660254037844384,268119
Mauricie,AGRICOLE,8784645.0,2019,0.8660254037844386,0.5000000000000001,269354
Mauricie,INDUSTRIEL,173724574.75200146,2019,0.8660254037844386,0.5000000000000001,269354
Mauricie,AGRICOLE,6727441.0,2019,0.8660254037844387,-0.4999999999999998,269354
Mauricie,INDUSTRIEL,169564499.7122312,2019,0.8660254037844387,-0.4999999999999998,269354
Mauricie,INSTITUTIONNEL,21736147.0,2019,0.8660254037844387,-0.4999999999999998,269354
Mauricie,RÉSIDENTIEL,209433710.0,2019,0.8660254037844387,-0.4999999999999998,269354
Mauricie,AGRICOLE,5574415.0,2019,0.49999999999999994,-0.8660254037844387,269354
Mauricie,COMMERCIAL,63561589.0,2019,0.49999999999999994,-0.8660254037844387,269354
Mauricie,INSTITUTIONNEL,19322876.0,2019,0.49999999999999994,-0.8660254037844387,269354
Mauricie,INSTITUTIONNEL,17398829.0,2019,1.2246467991473532e-16,-1.0,269354
Mauricie,INSTITUTIONNEL,18306310.0,2019,-0.4999999999999997,-0.8660254037844388,269354
Mauricie,RÉSIDENTIEL,125448446.0,2019,-0.4999999999999997,-0.8660254037844388,269354
Mauricie,COMMERCIAL,66107690.4,2019,-0.8660254037844385,-0.5000000000000004,269354
Mauricie,INDUSTRIEL,184232691.56692684,2019,-0.8660254037844385,-0.5000000000000004,269354
Mauricie,RÉSIDENTIEL,118254011.0,2019,-0.8660254037844385,-0.5000000000000004,269354
Mauricie,AGRICOLE,4831792.0,2019,-1.0,-1.8369701987210297e-16,269354
Mauricie,COMMERCIAL,60520500.4,2019,-1.0,-1.8369701987210297e-16,269354
Mauricie,INDUSTRIEL,180511525.2546448,2019,-1.0,-1.8369701987210297e-16,269354
Mauricie,RÉSIDENTIEL,151153913.0,2019,-0.8660254037844386,0.5000000000000001,269354
Mauricie,AGRICOLE,9932497.0,2019,-2.4492935982947064e-16,1.0,269354
Mauricie,INSTITUTIONNEL,25560831.0,2019,-2.4492935982947064e-16,1.0,269354
Mauricie,COMMERCIAL,84588291.2,2020,0.8660254037844386,0.5000000000000001,271594
Mauricie,RÉSIDENTIEL,299238491.0,2020,0.8660254037844386,0.5000000000000001,271594
Mauricie,AGRICOLE,8197619.0,2020,1.0,6.123233995736766e-17,271594
Mauricie,RÉSIDENTIEL,260898086.0,2020,1.0,6.123233995736766e-17,271594
Mauricie,COMMERCIAL,58688861.4,2020,0.8660254037844387,-0.4999999999999998,271594
Mauricie,INDUSTRIEL,155041430.06578806,2020,0.49999999999999994,-0.8660254037844387,271594
Mauricie,INSTITUTIONNEL,17877512.0,2020,0.49999999999999994,-0.8660254037844387,271594
Mauricie,INSTITUTIONNEL,17737654.0,2020,-0.4999999999999997,-0.8660254037844388,271594
Mauricie,RÉSIDENTIEL,134274793.0,2020,-0.4999999999999997,-0.8660254037844388,271594
Mauricie,COMMERCIAL,63904750.8,2020,-0.8660254037844385,-0.5000000000000004,271594
Mauricie,INSTITUTIONNEL,17636258.0,2020,-0.8660254037844385,-0.5000000000000004,271594
Mauricie,RÉSIDENTIEL,125695558.0,2020,-0.8660254037844385,-0.5000000000000004,271594
Mauricie,INSTITUTIONNEL,17830456.0,2020,-1.0,-1.8369701987210297e-16,271594
Mauricie,RÉSIDENTIEL,118443535.0,2020,-1.0,-1.8369701987210297e-16,271594
Mauricie,AGRICOLE,7641572.0,2020,-0.8660254037844386,0.5000000000000001,271594
Mauricie,RÉSIDENTIEL,169664472.0,2020,-0.8660254037844386,0.5000000000000001,271594
Mauricie,RÉSIDENTIEL,220138054.0,2020,-0.5000000000000004,0.8660254037844384,271594
Mauricie,AGRICOLE,9732385.0,2020,-2.4492935982947064e-16,1.0,271594
Mauricie,COMMERCIAL,82098794.0,2020,-2.4492935982947064e-16,1.0,271594
Mauricie,AGRICOLE,9953089.0,2021,0.49999999999999994,0.8660254037844387,274353
Mauricie,COMMERCIAL,79760014.6,2021,0.8660254037844386,0.5000000000000001,274353
Mauricie,COMMERCIAL,79247123.2,2021,1.0,6.123233995736766e-17,274353
Mauricie,INDUSTRIEL,188596184.9455946,2021,1.0,6.123233995736766e-17,274353
Mauricie,RÉSIDENTIEL,264484857.0,2021,1.0,6.123233995736766e-17,274353
Mauricie,AGRICOLE,5941441.0,2021,0.8660254037844387,-0.4999999999999998,274353
Mauricie,INSTITUTIONNEL,19363704.0,2021,0.8660254037844387,-0.4999999999999998,274353
Mauricie,AGRICOLE,5288172.0,2021,0.49999999999999994,-0.8660254037844387,274353
Mauricie,AGRICOLE,5437228.0,2021,1.2246467991473532e-16,-1.0,274353
Mauricie,RÉSIDENTIEL,128062718.0,2021,-0.4999999999999997,-0.8660254037844388,274353
Mauricie,AGRICOLE,6234240.0,2021,-0.8660254037844385,-0.5000000000000004,274353
Mauricie,AGRICOLE,5311869.0,2021,-1.0,-1.8369701987210297e-16,274353
Mauricie,INDUSTRIEL,173290148.75687695,2021,-1.0,-1.8369701987210297e-16,274353
Mauricie,RÉSIDENTIEL,112893201.0,2021,-1.0,-1.8369701987210297e-16,274353
Mauricie,INDUSTRIEL,177456821.02258736,2021,-0.8660254037844386,0.5000000000000001,274353
Mauricie,AGRICOLE,8704596.0,2021,-0.5000000000000004,0.8660254037844384,274353
Mauricie,COMMERCIAL,73715337.6,2021,-0.5000000000000004,0.8660254037844384,274353
Mauricie,COMMERCIAL,87855219.2,2021,-2.4492935982947064e-16,1.0,274353
Mauricie,INDUSTRIEL,182437741.7442523,2021,-2.4492935982947064e-16,1.0,274353
Mauricie,INDUSTRIEL,185839297.1565012,2022,0.49999999999999994,0.8660254037844387,278560
Mauricie,RÉSIDENTIEL,412436749.0,2022,0.49999999999999994,0.8660254037844387,278560
Mauricie,COMMERCIAL,87303825.0,2022,0.8660254037844386,0.5000000000000001,278560
Mauricie,INDUSTRIEL,165174993.45162588,2022,0.8660254037844386,0.5000000000000001,278560
Mauricie,INSTITUTIONNEL,25138620.0,2022,0.8660254037844386,0.5000000000000001,278560
Mauricie,RÉSIDENTIEL,328789014.0,2022,0.8660254037844386,0.5000000000000001,278560
Mauricie,COMMERCIAL,84499607.2,2022,1.0,6.123233995736766e-17,278560
Mauricie,INDUSTRIEL,184199213.6895561,2022,1.0,6.123233995736766e-17,278560
Mauricie,AGRICOLE,5365977.0,2022,0.49999999999999994,-0.8660254037844387,278560
Mauricie,INDUSTRIEL,166403335.43997982,2022,0.49999999999999994,-0.8660254037844387,278560
Mauricie,INDUSTRIEL,172215249.19119817,2022,1.2246467991473532e-16,-1.0,278560
Mauricie,COMMERCIAL,67412091.0,2022,-0.8660254037844385,-0.5000000000000004,278560
Mauricie,INSTITUTIONNEL,18748360.0,2022,-0.8660254037844385,-0.5000000000000004,278560
Mauricie,AGRICOLE,6390140.0,2022,-1.0,-1.8369701987210297e-16,278560
Mauricie,RÉSIDENTIEL,121727443.0,2022,-1.0,-1.8369701987210297e-16,278560
Mauricie,AGRICOLE,8828852.0,2022,-0.5000000000000004,0.8660254037844384,278560
Mauricie,COMMERCIAL,73836820.4,2022,-0.5000000000000004,0.8660254037844384,278560
Mauricie,COMMERCIAL,85355018.1,2022,-2.4492935982947064e-16,1.0,278560
Mauricie,AGRICOLE,10026065.0,2023,0.49999999999999994,0.8660254037844387,282534
Mauricie,COMMERCIAL,89738506.7,2023,0.49999999999999994,0.8660254037844387,282534
Mauricie,RÉSIDENTIEL,323221252.0,2023,0.49999999999999994,0.8660254037844387,282534
Mauricie,COMMERCIAL,86668165.6,2023,0.8660254037844386,0.5000000000000001,282534
Mauricie,RÉSIDENTIEL,316379081.0,2023,0.8660254037844386,0.5000000000000001,282534
Mauricie,AGRICOLE,6378507.0,2023,0.8660254037844387,-0.4999999999999998,282534
Mauricie,COMMERCIAL,68086415.4,2023,0.8660254037844387,-0.4999999999999998,282534
Mauricie,INSTITUTIONNEL,21368927.0,2023,0.8660254037844387,-0.4999999999999998,282534
Mauricie,AGRICOLE,5441879.0,2023,0.49999999999999994,-0.8660254037844387,282534
Mauricie,COMMERCIAL,64687377.6,2023,0.49999999999999994,-0.8660254037844387,282534
Mauricie,INDUSTRIEL,131127760.14649804,2023,1.2246467991473532e-16,-1.0,282534
Mauricie,INSTITUTIONNEL,17821080.0,2023,1.2246467991473532e-16,-1.0,282534
Mauricie,AGRICOLE,6013424.0,2023,-0.4999999999999997,-0.8660254037844388,282534
Mauricie,INSTITUTIONNEL,18892154.0,2023,-0.4999999999999997,-0.8660254037844388,282534
Mauricie,RÉSIDENTIEL,127067685.0,2023,-0.8660254037844385,-0.5000000000000004,282534
Mauricie,AGRICOLE,5967139.0,2023,-1.0,-1.8369701987210297e-16,282534
Mauricie,INDUSTRIEL,173070766.5530626,2023,-1.0,-1.8369701987210297e-16,282534
Mauricie,INSTITUTIONNEL,18931906.0,2023,-1.0,-1.8369701987210297e-16,282534
Mauricie,AGRICOLE,7732162.0,2023,-0.8660254037844386,0.5000000000000001,282534
Mauricie,COMMERCIAL,64410432.7,2023,-0.8660254037844386,0.5000000000000001,282534
Mauricie,INDUSTRIEL,177329879.24376345,2023,-0.5000000000000004,0.8660254037844384,282534
Mauricie,INSTITUTIONNEL,23568235.0,2023,-0.5000000000000004,0.8660254037844384,282534
Mauricie,RÉSIDENTIEL,298831258.0,2023,-2.4492935982947064e-16,1.0,282534
Montréal,INSTITUTIONNEL,275766527.84193546,2016,0.49999999999999994,0.8660254037844387,1960740
Montréal,COMMERCIAL,928411010.9721304,2016,0.8660254037844386,0.5000000000000001,1960740
Montréal,RÉSIDENTIEL,1727897923.0,2016,0.8660254037844386,0.5000000000000001,1960740
Montréal,AGRICOLE,778484.0,2016,1.0,6.123233995736766e-17,1960740
Montréal,COMMERCIAL,898803273.0300204,2016,1.0,6.123233995736766e-17,1960740
Montréal,INSTITUTIONNEL,220258558.7,2016,0.49999999999999994,-0.8660254037844387,1960740
Montréal,AGRICOLE,547184.0,2016,1.2246467991473532e-16,-1.0,1960740
Montréal,COMMERCIAL,775422284.304126,2016,1.2246467991473532e-16,-1.0,1960740
Montréal,INSTITUTIONNEL,213052439.6,2016,1.2246467991473532e-16,-1.0,1960740
Montréal,COMMERCIAL,817282501.7397809,2016,-0.4999999999999997,-0.8660254037844388,1960740
Montréal,INDUSTRIEL,334232110.1182612,2016,-0.4999999999999997,-0.8660254037844388,1960740
Montréal,INSTITUTIONNEL,228261204.1,2016,-0.8660254037844385,-0.5000000000000004,1960740
Montréal,AGRICOLE,568041.0,2016,-1.0,-1.8369701987210297e-16,1960740
Montréal,COMMERCIAL,766447190.8251615,2016,-0.8660254037844386,0.5000000000000001,1960740
Montréal,INDUSTRIEL,329915741.32506114,2016,-0.5000000000000004,0.8660254037844384,1960740
Montréal,RÉSIDENTIEL,1131629132.0,2016,-0.5000000000000004,0.8660254037844384,1960740
Montréal,INSTITUTIONNEL,264520585.2,2016,-2.4492935982947064e-16,1.0,1960740
Montréal,AGRICOLE,882968.0,2017,0.49999999999999994,0.8660254037844387,1983795
Montréal,COMMERCIAL,972619058.2096776,2017,0.49999999999999994,0.8660254037844387,1983795
Montréal,INDUSTRIEL,343308834.9917128,2017,0.49999999999999994,0.8660254037844387,1983795
Montréal,INSTITUTIONNEL,271015969.1,2017,0.49999999999999994,0.8660254037844387,1983795
Montréal,AGRICOLE,798833.0,2017,0.8660254037844386,0.5000000000000001,1983795
Montréal,INSTITUTIONNEL,270299495.1,2017,1.0,6.123233995736766e-17,1983795
Montréal,RÉSIDENTIEL,1716181905.0,2017,1.0,6.123233995736766e-17,1983795
Montréal,COMMERCIAL,769265154.6032257,2017,0.49999999999999994,-0.8660254037844387,1983795
Montréal,RÉSIDENTIEL,731390750.0,2017,0.49999999999999994,-0.8660254037844387,1983795
Montréal,INDUSTRIEL,322542157.5478605,2017,1.2246467991473532e-16,-1.0,1983795
Montréal,INSTITUTIONNEL,211531396.6,2017,-0.4999999999999997,-0.8660254037844388,1983795
Montréal,INSTITUTIONNEL,212490107.1,2017,-1.0,-1.8369701987210297e-16,1983795
Montréal,COMMERCIAL,760483832.6831919,2017,-0.8660254037844386,0.5000000000000001,1983795
Montréal,INSTITUTIONNEL,215370764.8,2017,-0.8660254037844386,0.5000000000000001,1983795
Montréal,AGRICOLE,713672.0,2017,-0.5000000000000004,0.8660254037844384,1983795
Montréal,COMMERCIAL,852605649.0168082,2017,-0.5000000000000004,0.8660254037844384,1983795
Montréal,AGRICOLE,910959.0,2017,-2.4492935982947064e-16,1.0,1983795
Montréal,COMMERCIAL,1017661075.476362,2017,-2.4492935982947064e-16,1.0,1983795
Montréal,INDUSTRIEL,331142366.8531414,2017,-2.4492935982947064e-16,1.0,1983795
Montréal,INSTITUTIONNEL,269267934.79999995,2017,-2.4492935982947064e-16,1.0,1983795
Montréal,AGRICOLE,963671.0,2018,0.49999999999999994,0.8660254037844387,2023837
Montréal,INDUSTRIEL,353612615.841743,2018,0.49999999999999994,0.8660254037844387,2023837
Montréal,AGRICOLE,769837.0,2018,0.8660254037844386,0.5000000000000001,2023837
Montréal,COMMERCIAL,902781961.2210112,2018,0.8660254037844386,0.5000000000000001,2023837
Montréal,COMMERCIAL,915488156.7178572,2018,1.0,6.123233995736766e-17,2023837
Montréal,INDUSTRIEL,342084385.6042303,2018,1.0,6.123233995736766e-17,2023837
Montréal,COMMERCIAL,830346669.6000001,2018,0.8660254037844387,-0.4999999999999998,2023837
Montréal,RÉSIDENTIEL,1182804833.0,2018,0.8660254037844387,-0.4999999999999998,2023837
Montréal,AGRICOLE,583619.0,2018,-0.4999999999999997,-0.8660254037844388,2023837
Montréal,INSTITUTIONNEL,209252650.43243244,2018,-1.0,-1.8369701987210297e-16,2023837
Montréal,INSTITUTIONNEL,224466390.26756755,2018,-0.8660254037844386,0.5000000000000001,2023837
Montréal,INDUSTRIEL,340428026.5150768,2018,-0.5000000000000004,0.8660254037844384,2023837
Montréal,AGRICOLE,894224.0,2018,-2.4492935982947064e-16,1.0,2023837
Montréal,COMMERCIAL,995883018.4548388,2018,-2.4492935982947064e-16,1.0,2023837
Montréal,COMMERCIAL,978074539.920968,2019,0.8660254037844386,0.5000000000000001,2059126
Montréal,INSTITUTIONNEL,254874961.8,2019,0.8660254037844386,0.5000000000000001,2059126
Montréal,RÉSIDENTIEL,1879855614.0,2019,0.8660254037844386,0.5000000000000001,2059126
Montréal,INSTITUTIONNEL,261542208.0,2019,1.0,6.123233995736766e-17,2059126
Montréal,COMMERCIAL,824222961.1333333,2019,0.8660254037844387,-0.4999999999999998,2059126
Montréal,COMMERCIAL,784904474.9795699,2019,0.49999999999999994,-0.8660254037844387,2059126
Montréal,COMMERCIAL,774832085.6870968,2019,1.2246467991473532e-16,-1.0,2059126
Montréal,AGRICOLE,597892.0,2019,-0.4999999999999997,-0.8660254037844388,2059126
Montréal,INSTITUTIONNEL,212850275.9,2019,-0.4999999999999997,-0.8660254037844388,2059126
Montréal,AGRICOLE,594100.0,2019,-0.8660254037844385,-0.5000000000000004,2059126
Montréal,RÉSIDENTIEL,635863573.0,2019,-0.8660254037844385,-0.5000000000000004,2059126
Montréal,INSTITUTIONNEL,199725116.5,2019,-1.0,-1.8369701987210297e-16,2059126
Montréal,COMMERCIAL,787698028.8107526,2019,-0.8660254037844386,0.5000000000000001,2059126
Montréal,INDUSTRIEL,315933097.1338625,2019,-0.8660254037844386,0.5000000000000001,2059126
Montréal,AGRICOLE,922232.0,2019,-0.5000000000000004,0.8660254037844384,2059126
Montréal,INDUSTRIEL,327991057.0253708,2019,-0.5000000000000004,0.8660254037844384,2059126
Montréal,INSTITUTIONNEL,241542974.6,2019,-0.5000000000000004,0.8660254037844384,2059126
Montréal,AGRICOLE,1002074.0,2020,0.8660254037844386,0.5000000000000001,2061967
Montréal,AGRICOLE,776170.0,2020,0.8660254037844387,-0.4999999999999998,2061967
Montréal,COMMERCIAL,708035493.9000001,2020,0.8660254037844387,-0.4999999999999998,2061967
Montréal,INDUSTRIEL,286802910.1792341,2020,0.49999999999999994,-0.8660254037844387,2061967
Montréal,AGRICOLE,735229.0,2020,1.2246467991473532e-16,-1.0,2061967
Montréal,AGRICOLE,814435.0,2020,-0.4999999999999997,-0.8660254037844388,2061967
Montréal,INDUSTRIEL,324190904.93360794,2020,-0.8660254037844385,-0.5000000000000004,2061967
Montréal,COMMERCIAL,712856874.280645,2020,-1.0,-1.8369701987210297e-16,2061967
Montréal,RÉSIDENTIEL,598212858.0,2020,-1.0,-1.8369701987210297e-16,2061967
Montréal,INSTITUTIONNEL,201746549.3,2020,-0.8660254037844386,0.5000000000000001,2061967
Montréal,INSTITUTIONNEL,211068091.4,2020,-0.5000000000000004,0.8660254037844384,2061967
Montréal,INDUSTRIEL,324581803.80173486,2020,-2.4492935982947064e-16,1.0,2061967
Montréal,RÉSIDENTIEL,1722756082.0,2020,-2.4492935982947064e-16,1.0,2061967
Montréal,INDUSTRIEL,335591875.9346591,2021,0.49999999999999994,0.8660254037844387,2015879
Montréal,RÉSIDENTIEL,1782937130.0,2021,0.8660254037844386,0.5000000000000001,2015879
Montréal,COMMERCIAL,891519569.5,2021,1.0,6.123233995736766e-17,2015879
Montréal,AGRICOLE,1013506.0,2021,0.8660254037844387,-0.4999999999999998,2015879
Montréal,RÉSIDENTIEL,914470710.0,2021,0.8660254037844387,-0.4999999999999998,2015879
Montréal,COMMERCIAL,780509164.5422428,2021,1.2246467991473532e-16,-1.0,2015879
Montréal,INDUSTRIEL,322543467.61939555,2021,1.2246467991473532e-16,-1.0,2015879
Montréal,AGRICOLE,1120671.0,2021,-0.4999999999999997,-0.8660254037844388,2015879
Montréal,INSTITUTIONNEL,192168164.8,2021,-0.4999999999999997,-0.8660254037844388,2015879
Montréal,RÉSIDENTIEL,664727733.0,2021,-0.4999999999999997,-0.8660254037844388,2015879
Montréal,COMMERCIAL,857573968.7064518,2021,-0.8660254037844385,-0.5000000000000004,2015879
Montréal,INSTITUTIONNEL,205127763.5,2021,-0.8660254037844385,-0.5000000000000004,2015879
Montréal,RÉSIDENTIEL,733875658.0,2021,-0.8660254037844385,-0.5000000000000004,2015879
Montréal,INDUSTRIEL,316646150.3434105,2021,-1.0,-1.8369701987210297e-16,2015879
Montréal,AGRICOLE,1133069.0,2021,-0.8660254037844386,0.5000000000000001,2015879
Montréal,INDUSTRIEL,308031934.6077336,2021,-0.8660254037844386,0.5000000000000001,2015879
Montréal,RÉSIDENTIEL,1218305167.0,2021,-0.5000000000000004,0.8660254037844384,2015879
Montréal,COMMERCIAL,1095688729.2136626,2022,0.49999999999999994,0.8660254037844387,2035975
Montréal,INSTITUTIONNEL,274146537.6,2022,0.49999999999999994,0.8660254037844387,2035975
Montréal,INSTITUTIONNEL,244702844.6,2022,0.8660254037844386,0.5000000000000001,2035975
Montréal,COMMERCIAL,944863632.5428574,2022,1.0,6.123233995736766e-17,2035975
Montréal,RÉSIDENTIEL,1593490384.0,2022,1.0,6.123233995736766e-17,2035975
Montréal,COMMERCIAL,779948662.2698925,2022,0.49999999999999994,-0.8660254037844387,2035975
Montréal,INDUSTRIEL,300988727.21754616,2022,0.49999999999999994,-0.8660254037844387,2035975
Montréal,INSTITUTIONNEL,189744844.2,2022,1.2246467991473532e-16,-1.0,2035975
Montréal,RÉSIDENTIEL,685972444.0,2022,-0.4999999999999997,-0.8660254037844388,2035975
Montréal,INSTITUTIONNEL,202108345.1,2022,-0.8660254037844385,-0.5000000000000004,2035975
Montréal,RÉSIDENTIEL,670551546.0,2022,-0.8660254037844385,-0.5000000000000004,2035975
Montréal,AGRICOLE,1133008.0,2022,-1.0,-1.8369701987210297e-16,2035975
Montréal,RÉSIDENTIEL,748370794.0,2022,-0.8660254037844386,0.5000000000000001,2035975
Montréal,RÉSIDENTIEL,1150738067.0,2022,-0.5000000000000004,0.8660254037844384,2035975
Montréal,COMMERCIAL,946339460.7193547,2022,-2.4492935982947064e-16,1.0,2035975
Montréal,INSTITUTIONNEL,249627292.3,2022,-2.4492935982947064e-16,1.0,2035975
Montréal,INSTITUTIONNEL,256786057.5,2023,0.49999999999999994,0.8660254037844387,2109525
Montréal,COMMERCIAL,934906187.5592164,2023,0.8660254037844386,0.5000000000000001,2109525
Montréal,RÉSIDENTIEL,1798335102.0,2023,0.8660254037844386,0.5000000000000001,2109525
Montréal,COMMERCIAL,765590235.0553764,2023,0.49999999999999994,-0.8660254037844387,2109525
Montréal,RÉSIDENTIEL,705454755.0,2023,0.49999999999999994,-0.8660254037844387,2109525
Montréal,COMMERCIAL,768728322.5612903,2023,1.2246467991473532e-16,-1.0,2109525
Montréal,INSTITUTIONNEL,201661817.5,2023,-0.4999999999999997,-0.8660254037844388,2109525
Montréal,COMMERCIAL,800772746.532258,2023,-0.8660254037844385,-0.5000000000000004,2109525
Montréal,RÉSIDENTIEL,630559002.0,2023,-0.8660254037844385,-0.5000000000000004,2109525
Montréal,AGRICOLE,1291951.0,2023,-1.0,-1.8369701987210297e-16,2109525
Montréal,COMMERCIAL,763597667.2623655,2023,-1.0,-1.8369701987210297e-16,2109525
Montréal,COMMERCIAL,766533727.9892472,2023,-0.8660254037844386,0.5000000000000001,2109525
Montréal,RÉSIDENTIEL,728408668.0,2023,-0.8660254037844386,0.5000000000000001,2109525
Montréal,AGRICOLE,1556642.0,2023,-0.5000000000000004,0.8660254037844384,2109525
Montréal,INSTITUTIONNEL,223246940.9,2023,-0.5000000000000004,0.8660254037844384,2109525
Montréal,AGRICOLE,1726212.0,2023,-2.4492935982947064e-16,1.0,2109525
Montréal,COMMERCIAL,933058917.6258065,2023,-2.4492935982947064e-16,1.0,2109525
Montréal,INDUSTRIEL,319886199.4681113,2023,-2.4492935982947064e-16,1.0,2109525
Montréal,INSTITUTIONNEL,242174265.1,2023,-2.4492935982947064e-16,1.0,2109525
Montérégie,AGRICOLE,45808674.0,2016,0.49999999999999994,0.8660254037844387,1379361
Montérégie,COMMERCIAL,387680497.4,2016,0.49999999999999994,0.8660254037844387,1379361
Montérégie,INSTITUTIONNEL,130694830.76106784,2016,0.8660254037844386,0.5000000000000001,1379361
Montérégie,RÉSIDENTIEL,1186962396.0,2016,1.0,6.123233995736766e-17,1379361
Montérégie,AGRICOLE,34617870.0,2016,0.8660254037844387,-0.4999999999999998,1379361
Montérégie,INDUSTRIEL,912637501.7399782,2016,0.8660254037844387,-0.4999999999999998,1379361
Montérégie,COMMERCIAL,295346667.3,2016,1.2246467991473532e-16,-1.0,1379361
Montérégie,INSTITUTIONNEL,95146255.94382802,2016,1.2246467991473532e-16,-1.0,1379361
Montérégie,AGRICOLE,33660167.0,2016,-0.4999999999999997,-0.8660254037844388,1379361
Montérégie,INDUSTRIEL,733612315.6604762,2016,-0.4999999999999997,-0.8660254037844388,1379361
Montérégie,AGRICOLE,35808618.0,2016,-0.8660254037844385,-0.5000000000000004,1379361
Montérégie,RÉSIDENTIEL,647928505.0,2016,-0.8660254037844385,-0.5000000000000004,1379361
Montérégie,INSTITUTIONNEL,97781076.81410706,2016,-1.0,-1.8369701987210297e-16,1379361
Montérégie,RÉSIDENTIEL,548951676.0,2016,-1.0,-1.8369701987210297e-16,1379361
Montérégie,RÉSIDENTIEL,678096028.0,2016,-0.8660254037844386,0.5000000000000001,1379361
Montérégie,AGRICOLE,42647914.0,2016,-0.5000000000000004,0.8660254037844384,1379361
Montérégie,COMMERCIAL,316715204.9,2016,-0.5000000000000004,0.8660254037844384,1379361
Montérégie,INDUSTRIEL,766735978.1799976,2016,-0.5000000000000004,0.8660254037844384,1379361
Montérégie,INDUSTRIEL,721412600.7934347,2016,-2.4492935982947064e-16,1.0,1379361
Montérégie,INSTITUTIONNEL,135859462.39148113,2017,0.49999999999999994,0.8660254037844387,1392341
Montérégie,INDUSTRIEL,722520614.2737635,2017,0.8660254037844386,0.5000000000000001,1392341
Montérégie,INDUSTRIEL,790072301.0525323,2017,1.0,6.123233995736766e-17,1392341
Montérégie,INSTITUTIONNEL,133917294.6,2017,1.0,6.123233995736766e-17,1392341
Montérégie,COMMERCIAL,298421075.1,2017,0.8660254037844387,-0.4999999999999998,1392341
Montérégie,INSTITUTIONNEL,106809605.54,2017,0.8660254037844387,-0.4999999999999998,1392341
Montérégie,INDUSTRIEL,775672527.6429468,2017,0.49999999999999994,-0.8660254037844387,1392341
Montérégie,COMMERCIAL,295929848.6,2017,1.2246467991473532e-16,-1.0,1392341
Montérégie,INDUSTRIEL,760751608.07452,2017,-0.4999999999999997,-0.8660254037844388,1392341
Montérégie,INSTITUTIONNEL,95500940.26881722,2017,-0.4999999999999997,-0.8660254037844388,1392341
Montérégie,RÉSIDENTIEL,621647642.0,2017,-0.4999999999999997,-0.8660254037844388,1392341
Montérégie,COMMERCIAL,315611733.7,2017,-0.8660254037844385,-0.5000000000000004,1392341
Montérégie,COMMERCIAL,299293783.7,2017,-1.0,-1.8369701987210297e-16,1392341
Montérégie,INSTITUTIONNEL,98196540.90946236,2017,-1.0,-1.8369701987210297e-16,1392341
Montérégie,COMMERCIAL,294867844.5,2017,-0.8660254037844386,0.5000000000000001,1392341
Montérégie,INSTITUTIONNEL,102475279.27574287,2017,-0.8660254037844386,0.5000000000000001,1392341
Montérégie,AGRICOLE,49629002.0,2017,-0.5000000000000004,0.8660254037844384,1392341
Montérégie,COMMERCIAL,339384506.79999995,2017,-0.5000000000000004,0.8660254037844384,1392341
Montérégie,INDUSTRIEL,778854548.5526484,2017,-0.5000000000000004,0.8660254037844384,1392341
Montérégie,INDUSTRIEL,764478277.7997223,2017,-2.4492935982947064e-16,1.0,1392341
Montérégie,INDUSTRIEL,778130927.517229,2018,0.49999999999999994,0.8660254037844387,1409425
Montérégie,RÉSIDENTIEL,1734731055.0,2018,0.49999999999999994,0.8660254037844387,1409425
Montérégie,COMMERCIAL,361084562.1,2018,0.8660254037844386,0.5000000000000001,1409425
Montérégie,INDUSTRIEL,738866840.6583985,2018,0.8660254037844386,0.5000000000000001,1409425
Montérégie,COMMERCIAL,366591711.0,2018,1.0,6.123233995736766e-17,1409425
Montérégie,AGRICOLE,39573805.0,2018,0.8660254037844387,-0.4999999999999998,1409425
Montérégie,COMMERCIAL,331072477.1999999,2018,0.8660254037844387,-0.4999999999999998,1409425
Montérégie,INSTITUTIONNEL,115252055.74896608,2018,0.8660254037844387,-0.4999999999999998,1409425
Montérégie,AGRICOLE,32686788.0,2018,0.49999999999999994,-0.8660254037844387,1409425
Montérégie,INDUSTRIEL,647912190.6237942,2018,0.49999999999999994,-0.8660254037844387,1409425
Montérégie,AGRICOLE,32954347.0,2018,1.2246467991473532e-16,-1.0,1409425
Montérégie,AGRICOLE,38175029.0,2018,-0.4999999999999997,-0.8660254037844388,1409425
Montérégie,COMMERCIAL,345207148.4,2018,-0.8660254037844385,-0.5000000000000004,1409425
Montérégie,INDUSTRIEL,729939466.3951614,2018,-0.8660254037844385,-0.5000000000000004,1409425
Montérégie,AGRICOLE,35291544.0,2018,-1.0,-1.8369701987210297e-16,1409425
Montérégie,INSTITUTIONNEL,100794941.2399015,2018,-1.0,-1.8369701987210297e-16,1409425
Montérégie,RÉSIDENTIEL,581565416.0,2018,-1.0,-1.8369701987210297e-16,1409425
Montérégie,AGRICOLE,50649043.0,2018,-0.5000000000000004,0.8660254037844384,1409425
Montérégie,COMMERCIAL,367059490.9,2018,-0.5000000000000004,0.8660254037844384,1409425
Montérégie,INDUSTRIEL,740805314.912931,2018,-2.4492935982947064e-16,1.0,1409425
Montérégie,RÉSIDENTIEL,1497582926.0,2018,-2.4492935982947064e-16,1.0,1409425
Montérégie,COMMERCIAL,444949374.6,2019,0.49999999999999994,0.8660254037844387,1428377
Montérégie,INDUSTRIEL,759425389.9388417,2019,0.49999999999999994,0.8660254037844387,1428377
Montérégie,RÉSIDENTIEL,1776399687.0,2019,0.49999999999999994,0.8660254037844387,1428377
Montérégie,INSTITUTIONNEL,139893126.64995563,2019,0.8660254037844386,0.5000000000000001,1428377
Montérégie,RÉSIDENTIEL,1503303118.0,2019,0.8660254037844386,0.5000000000000001,1428377
Montérégie,COMMERCIAL,309436544.70000005,2019,0.49999999999999994,-0.8660254037844387,1428377
Montérégie,RÉSIDENTIEL,677965123.0,2019,0.49999999999999994,-0.8660254037844387,1428377
Montérégie,AGRICOLE,32874017.0,2019,1.2246467991473532e-16,-1.0,1428377
Montérégie,RÉSIDENTIEL,603329357.0,2019,1.2246467991473532e-16,-1.0,1428377
Montérégie,INDUSTRIEL,770945705.2377139,2019,-0.4999999999999997,-0.8660254037844388,1428377
Montérégie,INSTITUTIONNEL,107375226.39666666,2019,-0.4999999999999997,-0.8660254037844388,1428377
Montérégie,RÉSIDENTIEL,691080810.0,2019,-0.4999999999999997,-0.8660254037844388,1428377
Montérégie,COMMERCIAL,330042849.9,2019,-0.8660254037844385,-0.5000000000000004,1428377
Montérégie,INDUSTRIEL,790567139.7004263,2019,-1.0,-1.8369701987210297e-16,1428377
Montérégie,INSTITUTIONNEL,113362253.4521727,2019,-0.8660254037844386,0.5000000000000001,1428377
Montérégie,INDUSTRIEL,827091184.1129441,2020,0.49999999999999994,0.8660254037844387,1444581
Montérégie,INSTITUTIONNEL,148780107.34962112,2020,0.49999999999999994,0.8660254037844387,1444581
Montérégie,RÉSIDENTIEL,1532609254.0,2020,0.49999999999999994,0.8660254037844387,1444581
Montérégie,INSTITUTIONNEL,138261447.13,2020,0.8660254037844386,0.5000000000000001,1444581
Montérégie,AGRICOLE,46347398.0,2020,1.0,6.123233995736766e-17,1444581
Montérégie,INDUSTRIEL,783622703.5672824,2020,1.0,6.123233995736766e-17,1444581
Montérégie,RÉSIDENTIEL,1207767142.0,2020,1.0,6.123233995736766e-17,1444581
Montérégie,RÉSIDENTIEL,962502127.0,2020,0.8660254037844387,-0.4999999999999998,1444581
Montérégie,COMMERCIAL,341959921.1,2020,-0.4999999999999997,-0.8660254037844388,1444581
Montérégie,RÉSIDENTIEL,747897469.0,2020,-0.4999999999999997,-0.8660254037844388,1444581
Montérégie,COMMERCIAL,326241498.40000004,2020,-0.8660254037844385,-0.5000000000000004,1444581
Montérégie,INSTITUTIONNEL,100978984.84838708,2020,-0.8660254037844385,-0.5000000000000004,1444581
Montérégie,INSTITUTIONNEL,98068729.46086022,2020,-1.0,-1.8369701987210297e-16,1444581
Montérégie,AGRICOLE,45306757.0,2020,-0.8660254037844386,0.5000000000000001,1444581
Montérégie,INSTITUTIONNEL,108995290.07784946,2020,-0.8660254037844386,0.5000000000000001,1444581
Montérégie,RÉSIDENTIEL,739876501.0,2020,-0.8660254037844386,0.5000000000000001,1444581
Montérégie,COMMERCIAL,337260075.6,2020,-0.5000000000000004,0.8660254037844384,1444581
Montérégie,AGRICOLE,50553072.0,2020,-2.4492935982947064e-16,1.0,1444581
Montérégie,INDUSTRIEL,744280646.2424433,2020,-2.4492935982947064e-16,1.0,1444581
Montérégie,INSTITUTIONNEL,132751699.16574712,2021,0.8660254037844386,0.5000000000000001,1456782
Montérégie,COMMERCIAL,377775600.9,2021,1.0,6.123233995736766e-17,1456782
Montérégie,INDUSTRIEL,798882995.6509215,2021,1.0,6.123233995736766e-17,1456782
Montérégie,RÉSIDENTIEL,1251525116.0,2021,1.0,6.123233995736766e-17,1456782
Montérégie,INDUSTRIEL,780852803.401575,2021,0.8660254037844387,-0.4999999999999998,1456782
Montérégie,RÉSIDENTIEL,700087649.0,2021,0.49999999999999994,-0.8660254037844387,1456782
Montérégie,INDUSTRIEL,725952700.7682834,2021,1.2246467991473532e-16,-1.0,1456782
Montérégie,RÉSIDENTIEL,688036918.0,2021,1.2246467991473532e-16,-1.0,1456782
Montérégie,AGRICOLE,38538766.0,2021,-0.4999999999999997,-0.8660254037844388,1456782
Montérégie,COMMERCIAL,334304311.29999995,2021,-0.4999999999999997,-0.8660254037844388,1456782
Montérégie,COMMERCIAL,358820610.0,2021,-0.8660254037844385,-0.5000000000000004,1456782
Montérégie,INSTITUTIONNEL,111842709.4483871,2021,-0.8660254037844385,-0.5000000000000004,1456782
Montérégie,RÉSIDENTIEL,739540317.0,2021,-0.8660254037844385,-0.5000000000000004,1456782
Montérégie,INDUSTRIEL,744893317.287048,2021,-1.0,-1.8369701987210297e-16,1456782
Montérégie,INSTITUTIONNEL,104005484.89354838,2021,-1.0,-1.8369701987210297e-16,1456782
Montérégie,RÉSIDENTIEL,591261223.0,2021,-1.0,-1.8369701987210297e-16,1456782
Montérégie,AGRICOLE,46359828.0,2021,-0.8660254037844386,0.5000000000000001,1456782
Montérégie,INDUSTRIEL,704779823.387946,2021,-0.8660254037844386,0.5000000000000001,1456782
Montérégie,INDUSTRIEL,669354882.6294458,2021,-0.5000000000000004,0.8660254037844384,1456782
Montérégie,AGRICOLE,53065430.0,2021,-2.4492935982947064e-16,1.0,1456782
Montérégie,INDUSTRIEL,743189357.0150534,2021,-2.4492935982947064e-16,1.0,1456782
Montérégie,INSTITUTIONNEL,145968813.2387097,2021,-2.4492935982947064e-16,1.0,1456782
Montérégie,RÉSIDENTIEL,1451984421.0,2021,-2.4492935982947064e-16,1.0,1456782
Montérégie,AGRICOLE,61255964.0,2022,0.49999999999999994,0.8660254037844387,1471331
Montérégie,INSTITUTIONNEL,163651346.53025582,2022,0.49999999999999994,0.8660254037844387,1471331
Montérégie,COMMERCIAL,406873135.0,2022,0.8660254037844386,0.5000000000000001,1471331
Montérégie,INDUSTRIEL,768336904.4230906,2022,1.0,6.123233995736766e-17,1471331
Montérégie,INDUSTRIEL,730408808.0154213,2022,0.8660254037844387,-0.4999999999999998,1471331
Montérégie,RÉSIDENTIEL,926550451.0,2022,0.8660254037844387,-0.4999999999999998,1471331
Montérégie,INSTITUTIONNEL,106484826.90075268,2022,0.49999999999999994,-0.8660254037844387,1471331
Montérégie,RÉSIDENTIEL,679727821.0,2022,0.49999999999999994,-0.8660254037844387,1471331
Montérégie,AGRICOLE,35890099.0,2022,1.2246467991473532e-16,-1.0,1471331
Montérégie,INDUSTRIEL,728343397.3985049,2022,1.2246467991473532e-16,-1.0,1471331
Montérégie,INSTITUTIONNEL,101002306.7292473,2022,1.2246467991473532e-16,-1.0,1471331
Montérégie,COMMERCIAL,350899515.20000005,2022,-0.4999999999999997,-0.8660254037844388,1471331
Montérégie,AGRICOLE,40985106.0,2022,-0.8660254037844385,-0.5000000000000004,1471331
Montérégie,COMMERCIAL,320522856.1,2022,-1.0,-1.8369701987210297e-16,1471331
Montérégie,INSTITUTIONNEL,103935526.00215054,2022,-1.0,-1.8369701987210297e-16,1471331
Montérégie,RÉSIDENTIEL,616271096.0,2022,-1.0,-1.8369701987210297e-16,1471331
Montérégie,COMMERCIAL,326167329.7153846,2022,-0.8660254037844386,0.5000000000000001,1471331
Montérégie,RÉSIDENTIEL,677697199.0,2022,-0.8660254037844386,0.5000000000000001,1471331
Montérégie,AGRICOLE,50271270.0,2022,-0.5000000000000004,0.8660254037844384,1471331
Montérégie,COMMERCIAL,360027517.4846154,2022,-0.5000000000000004,0.8660254037844384,1471331
Montérégie,COMMERCIAL,407587872.4,2022,-2.4492935982947064e-16,1.0,1471331
Montérégie,INDUSTRIEL,699981793.1881182,2022,-2.4492935982947064e-16,1.0,1471331
Montérégie,RÉSIDENTIEL,1375722791.0,2022,-2.4492935982947064e-16,1.0,1471331
Montérégie,AGRICOLE,55279832.0,2023,0.49999999999999994,0.8660254037844387,1492662
Montérégie,INDUSTRIEL,731539334.8508831,2023,0.49999999999999994,0.8660254037844387,1492662
Montérégie,COMMERCIAL,404294167.5,2023,0.8660254037844386,0.5000000000000001,1492662
Montérégie,RÉSIDENTIEL,1469268807.0,2023,0.8660254037844386,0.5000000000000001,1492662
Montérégie,COMMERCIAL,403343531.7000001,2023,1.0,6.123233995736766e-17,1492662
Montérégie,INDUSTRIEL,713818749.8803241,2023,0.8660254037844387,-0.4999999999999998,1492662
Montérégie,INSTITUTIONNEL,115704114.83,2023,0.8660254037844387,-0.4999999999999998,1492662
Montérégie,RÉSIDENTIEL,855389168.0,2023,0.8660254037844387,-0.4999999999999998,1492662
Montérégie,COMMERCIAL,336084805.29999995,2023,0.49999999999999994,-0.8660254037844387,1492662
Montérégie,RÉSIDENTIEL,696188333.0,2023,0.49999999999999994,-0.8660254037844387,1492662
Montérégie,COMMERCIAL,359408379.1,2023,-0.4999999999999997,-0.8660254037844388,1492662
Montérégie,RÉSIDENTIEL,736266699.0,2023,-0.4999999999999997,-0.8660254037844388,1492662
Montérégie,INDUSTRIEL,664379626.2961063,2023,-0.8660254037844385,-0.5000000000000004,1492662
Montérégie,INSTITUTIONNEL,108254702.65319136,2023,-0.8660254037844385,-0.5000000000000004,1492662
Montérégie,RÉSIDENTIEL,678310065.0,2023,-0.8660254037844385,-0.5000000000000004,1492662
Montérégie,COMMERCIAL,329446577.5,2023,-1.0,-1.8369701987210297e-16,1492662
Montérégie,INSTITUTIONNEL,133629903.1580645,2023,-0.5000000000000004,0.8660254037844384,1492662
Montérégie,INDUSTRIEL,646109079.0401686,2023,-2.4492935982947064e-16,1.0,1492662
Montérégie,RÉSIDENTIEL,1360175099.0,2023,-2.4492935982947064e-16,1.0,1492662
Nord-du-Québec,COMMERCIAL,22696871.0,2016,0.49999999999999994,0.8660254037844387,44683
Nord-du-Québec,INDUSTRIEL,47517564.36861472,2016,0.8660254037844386,0.5000000000000001,44683
Nord-du-Québec,AGRICOLE,43240.0,2016,1.0,6.123233995736766e-17,44683
Nord-du-Québec,INDUSTRIEL,,2016,0.8660254037844387,-0.4999999999999998,44683
Nord-du-Québec,INSTITUTIONNEL,,2016,0.8660254037844387,-0.4999999999999998,44683
Nord-du-Québec,COMMERCIAL,,2016,0.49999999999999994,-0.8660254037844387,44683
Nord-du-Québec,INDUSTRIEL,,2016,0.49999999999999994,-0.8660254037844387,44683
Nord-du-Québec,INSTITUTIONNEL,,2016,0.49999999999999994,-0.8660254037844387,44683
Nord-du-Québec,RÉSIDENTIEL,,2016,0.49999999999999994,-0.8660254037844387,44683
Nord-du-Québec,INDUSTRIEL,39199355.94545455,2016,1.2246467991473532e-16,-1.0,44683
Nord-du-Québec,AGRICOLE,17494.0,2016,-0.4999999999999997,-0.8660254037844388,44683
Nord-du-Québec,INDUSTRIEL,38754848.02,2016,-0.4999999999999997,-0.8660254037844388,44683
Nord-du-Québec,RÉSIDENTIEL,15019751.0,2016,-0.4999999999999997,-0.8660254037844388,44683
Nord-du-Québec,COMMERCIAL,12343578.0,2016,-0.8660254037844385,-0.5000000000000004,44683
Nord-du-Québec,INDUSTRIEL,39284444.78,2016,-0.8660254037844385,-0.5000000000000004,44683
Nord-du-Québec,INSTITUTIONNEL,18181559.1,2016,-0.8660254037844385,-0.5000000000000004,44683
Nord-du-Québec,RÉSIDENTIEL,14162871.0,2016,-1.0,-1.8369701987210297e-16,44683
Nord-du-Québec,COMMERCIAL,14753561.0,2016,-0.8660254037844386,0.5000000000000001,44683
Nord-du-Québec,INDUSTRIEL,40717169.6,2016,-0.8660254037844386,0.5000000000000001,44683
Nord-du-Québec,INSTITUTIONNEL,27417195.9,2016,-2.4492935982947064e-16,1.0,44683
Nord-du-Québec,AGRICOLE,46105.0,2017,0.49999999999999994,0.8660254037844387,44934
Nord-du-Québec,COMMERCIAL,22155067.0,2017,0.49999999999999994,0.8660254037844387,44934
Nord-du-Québec,RÉSIDENTIEL,34348483.0,2017,0.8660254037844386,0.5000000000000001,44934
Nord-du-Québec,COMMERCIAL,22346326.0,2017,1.0,6.123233995736766e-17,44934
Nord-du-Québec,RÉSIDENTIEL,37519751.0,2017,1.0,6.123233995736766e-17,44934
Nord-du-Québec,AGRICOLE,32840.0,2017,0.8660254037844387,-0.4999999999999998,44934
Nord-du-Québec,INSTITUTIONNEL,23153975.4,2017,0.49999999999999994,-0.8660254037844387,44934
Nord-du-Québec,COMMERCIAL,12338189.0,2017,1.2246467991473532e-16,-1.0,44934
Nord-du-Québec,RÉSIDENTIEL,14879167.0,2017,1.2246467991473532e-16,-1.0,44934
Nord-du-Québec,AGRICOLE,14427.0,2017,-0.8660254037844385,-0.5000000000000004,44934
Nord-du-Québec,COMMERCIAL,12420248.0,2017,-0.8660254037844385,-0.5000000000000004,44934
Nord-du-Québec,INDUSTRIEL,41110398.6,2017,-0.8660254037844385,-0.5000000000000004,44934
Nord-du-Québec,INSTITUTIONNEL,18424592.9,2017,-0.8660254037844385,-0.5000000000000004,44934
Nord-du-Québec,INDUSTRIEL,43859211.0,2017,-0.8660254037844386,0.5000000000000001,44934
Nord-du-Québec,INSTITUTIONNEL,22053085.5,2017,-0.8660254037844386,0.5000000000000001,44934
Nord-du-Québec,AGRICOLE,,2017,-0.5000000000000004,0.8660254037844384,44934
Nord-du-Québec,RÉSIDENTIEL,,2017,-0.5000000000000004,0.8660254037844384,44934
Nord-du-Québec,COMMERCIAL,,2017,-2.4492935982947064e-16,1.0,44934
Nord-du-Québec,INDUSTRIEL,,2017,-2.4492935982947064e-16,1.0,44934
Nord-du-Québec,RÉSIDENTIEL,,2017,-2.4492935982947064e-16,1.0,44934
Nord-du-Québec,INDUSTRIEL,,2018,0.49999999999999994,0.8660254037844387,45277
Nord-du-Québec,INSTITUTIONNEL,,2018,0.49999999999999994,0.8660254037844387,45277
Nord-du-Québec,RÉSIDENTIEL,,2018,0.49999999999999994,0.8660254037844387,45277
Nord-du-Québec,AGRICOLE,,2018,0.8660254037844386,0.5000000000000001,45277
Nord-du-Québec,AGRICOLE,,2018,1.0,6.123233995736766e-17,45277
Nord-du-Québec,INDUSTRIEL,,2018,1.0,6.123233995736766e-17,45277
Nord-du-Québec,INSTITUTIONNEL,,2018,1.0,6.123233995736766e-17,45277
Nord-du-Québec,AGRICOLE,,2018,0.8660254037844387,-0.4999999999999998,45277
Nord-du-Québec,RÉSIDENTIEL,,2018,0.49999999999999994,-0.8660254037844387,45277
Nord-du-Québec,AGRICOLE,,2018,1.2246467991473532e-16,-1.0,45277
Nord-du-Québec,COMMERCIAL,,2018,1.2246467991473532e-16,-1.0,45277
Nord-du-Québec,INDUSTRIEL,,2018,1.2246467991473532e-16,-1.0,45277
Nord-du-Québec,INSTITUTIONNEL,,2018,1.2246467991473532e-16,-1.0,45277
Nord-du-Québec,RÉSIDENTIEL,,2018,1.2246467991473532e-16,-1.0,45277
Nord-du-Québec,AGRICOLE,,2018,-0.4999999999999997,-0.8660254037844388,45277
Nord-du-Québec,COMMERCIAL,,2018,-0.4999999999999997,-0.8660254037844388,45277
Nord-du-Québec,INSTITUTIONNEL,,2018,-0.4999999999999997,-0.8660254037844388,45277
Nord-du-Québec,AGRICOLE,,2018,-0.8660254037844385,-0.5000000000000004,45277
Nord-du-Québec,INDUSTRIEL,,2018,-0.8660254037844385,-0.5000000000000004,45277
Nord-du-Québec,RÉSIDENTIEL,,2018,-0.8660254037844385,-0.5000000000000004,45277
Nord-du-Québec,INDUSTRIEL,,2018,-1.0,-1.8369701987210297e-16,45277
Nord-du-Québec,AGRICOLE,,2018,-0.8660254037844386,0.5000000000000001,45277
Nord-du-Québec,INDUSTRIEL,,2018,-0.8660254037844386,0.5000000000000001,45277
Nord-du-Québec,INSTITUTIONNEL,,2018,-0.8660254037844386,0.5000000000000001,45277
Nord-du-Québec,COMMERCIAL,,2018,-0.5000000000000004,0.8660254037844384,45277
Nord-du-Québec,INDUSTRIEL,,2018,-0.5000000000000004,0.8660254037844384,45277
Nord-du-Québec,INSTITUTIONNEL,,2018,-0.5000000000000004,0.8660254037844384,45277
Nord-du-Québec,AGRICOLE,,2018,-2.4492935982947064e-16,1.0,45277
Nord-du-Québec,INDUSTRIEL,,2018,-2.4492935982947064e-16,1.0,45277
Nord-du-Québec,INSTITUTIONNEL,,2018,-2.4492935982947064e-16,1.0,45277
Nord-du-Québec,RÉSIDENTIEL,,2018,-2.4492935982947064e-16,1.0,45277
Nord-du-Québec,INSTITUTIONNEL,,2019,0.49999999999999994,0.8660254037844387,45516
Nord-du-Québec,AGRICOLE,,2019,0.8660254037844386,0.5000000000000001,45516
Nord-du-Québec,INDUSTRIEL,,2019,0.8660254037844386,0.5000000000000001,45516
Nord-du-Québec,RÉSIDENTIEL,,2019,1.0,6.123233995736766e-17,45516
Nord-du-Québec,AGRICOLE,,2019,0.8660254037844387,-0.4999999999999998,45516
Nord-du-Québec,COMMERCIAL,,2019,0.8660254037844387,-0.4999999999999998,45516
Nord-du-Québec,AGRICOLE,24136.0,2019,0.49999999999999994,-0.8660254037844387,45516
Nord-du-Québec,RÉSIDENTIEL,22437263.0,2019,0.49999999999999994,-0.8660254037844387,45516
Nord-du-Québec,INDUSTRIEL,43479546.6,2019,1.2246467991473532e-16,-1.0,45516
Nord-du-Québec,INSTITUTIONNEL,19380235.7,2019,1.2246467991473532e-16,-1.0,45516
Nord-du-Québec,COMMERCIAL,12221935.0,2019,-0.4999999999999997,-0.8660254037844388,45516
Nord-du-Québec,INSTITUTIONNEL,17634520.0,2019,-0.4999999999999997,-0.8660254037844388,45516
Nord-du-Québec,RÉSIDENTIEL,15074165.0,2019,-0.4999999999999997,-0.8660254037844388,45516
Nord-du-Québec,INDUSTRIEL,44140174.900000006,2019,-1.0,-1.8369701987210297e-16,45516
Nord-du-Québec,INSTITUTIONNEL,18598404.2,2019,-1.0,-1.8369701987210297e-16,45516
Nord-du-Québec,RÉSIDENTIEL,15555176.0,2019,-1.0,-1.8369701987210297e-16,45516
Nord-du-Québec,AGRICOLE,19293.0,2019,-0.8660254037844386,0.5000000000000001,45516
Nord-du-Québec,RÉSIDENTIEL,21501855.0,2019,-0.8660254037844386,0.5000000000000001,45516
Nord-du-Québec,AGRICOLE,,2019,-2.4492935982947064e-16,1.0,45516
Nord-du-Québec,COMMERCIAL,,2020,0.49999999999999994,0.8660254037844387,45712
Nord-du-Québec,INDUSTRIEL,,2020,0.8660254037844386,0.5000000000000001,45712
Nord-du-Québec,RÉSIDENTIEL,,2020,0.8660254037844386,0.5000000000000001,45712
Nord-du-Québec,AGRICOLE,44719.0,2020,1.0,6.123233995736766e-17,45712
Nord-du-Québec,INDUSTRIEL,46074879.0,2020,1.0,6.123233995736766e-17,45712
Nord-du-Québec,AGRICOLE,33619.0,2020,0.8660254037844387,-0.4999999999999998,45712
Nord-du-Québec,COMMERCIAL,16335431.0,2020,0.8660254037844387,-0.4999999999999998,45712
Nord-du-Québec,AGRICOLE,22771.0,2020,0.49999999999999994,-0.8660254037844387,45712
Nord-du-Québec,INSTITUTIONNEL,20980787.8,2020,0.49999999999999994,-0.8660254037844387,45712
Nord-du-Québec,INDUSTRIEL,34817273.2,2020,1.2246467991473532e-16,-1.0,45712
Nord-du-Québec,RÉSIDENTIEL,15946789.0,2020,-0.4999999999999997,-0.8660254037844388,45712
Nord-du-Québec,COMMERCIAL,11706822.0,2020,-0.8660254037844385,-0.5000000000000004,45712
Nord-du-Québec,INDUSTRIEL,39147313.2,2020,-0.8660254037844385,-0.5000000000000004,45712
Nord-du-Québec,INDUSTRIEL,,2020,-1.0,-1.8369701987210297e-16,45712
Nord-du-Québec,RÉSIDENTIEL,,2020,-1.0,-1.8369701987210297e-16,45712
Nord-du-Québec,AGRICOLE,478680.0,2020,-0.8660254037844386,0.5000000000000001,45712
Nord-du-Québec,COMMERCIAL,16174771.0,2020,-0.8660254037844386,0.5000000000000001,45712
Nord-du-Québec,AGRICOLE,707872.0,2020,-0.5000000000000004,0.8660254037844384,45712
Nord-du-Québec,INSTITUTIONNEL,23732532.9,2020,-0.5000000000000004,0.8660254037844384,45712
Nord-du-Québec,AGRICOLE,,2020,-2.4492935982947064e-16,1.0,45712
Nord-du-Québec,AGRICOLE,739332.0,2021,0.49999999999999994,0.8660254037844387,46128
Nord-du-Québec,INSTITUTIONNEL,27359504.1,2021,0.49999999999999994,0.8660254037844387,46128
Nord-du-Québec,RÉSIDENTIEL,38460670.0,2021,0.49999999999999994,0.8660254037844387,46128
Nord-du-Québec,INSTITUTIONNEL,25600394.6,2021,0.8660254037844386,0.5000000000000001,46128
Nord-du-Québec,INDUSTRIEL,64820231.6,2021,1.0,6.123233995736766e-17,46128
Nord-du-Québec,RÉSIDENTIEL,37028449.0,2021,1.0,6.123233995736766e-17,46128
Nord-du-Québec,COMMERCIAL,16222827.0,2021,0.8660254037844387,-0.4999999999999998,46128
Nord-du-Québec,COMMERCIAL,11864049.0,2021,1.2246467991473532e-16,-1.0,46128
Nord-du-Québec,RÉSIDENTIEL,15697746.0,2021,1.2246467991473532e-16,-1.0,46128
Nord-du-Québec,COMMERCIAL,11590847.0,2021,-0.4999999999999997,-0.8660254037844388,46128
Nord-du-Québec,INSTITUTIONNEL,17419381.5,2021,-0.4999999999999997,-0.8660254037844388,46128
Nord-du-Québec,RÉSIDENTIEL,14975036.0,2021,-0.4999999999999997,-0.8660254037844388,46128
Nord-du-Québec,COMMERCIAL,12446925.0,2021,-0.8660254037844385,-0.5000000000000004,46128
Nord-du-Québec,INSTITUTIONNEL,17834110.5,2021,-0.8660254037844385,-0.5000000000000004,46128
Nord-du-Québec,RÉSIDENTIEL,14321760.0,2021,-0.8660254037844385,-0.5000000000000004,46128
Nord-du-Québec,COMMERCIAL,13906202.0,2021,-0.8660254037844386,0.5000000000000001,46128
Nord-du-Québec,AGRICOLE,78538.0,2021,-0.5000000000000004,0.8660254037844384,46128
Nord-du-Québec,AGRICOLE,117413.0,2022,0.49999999999999994,0.8660254037844387,46369
Nord-du-Québec,RÉSIDENTIEL,48191411.0,2022,0.49999999999999994,0.8660254037844387,46369
Nord-du-Québec,AGRICOLE,,2022,0.8660254037844386,0.5000000000000001,46369
Nord-du-Québec,COMMERCIAL,,2022,0.8660254037844386,0.5000000000000001,46369
Nord-du-Québec,INDUSTRIEL,,2022,0.8660254037844386,0.5000000000000001,46369
Nord-du-Québec,AGRICOLE,91661.0,2022,1.0,6.123233995736766e-17,46369
Nord-du-Québec,COMMERCIAL,22608015.0,2022,1.0,6.123233995736766e-17,46369
Nord-du-Québec,INDUSTRIEL,73743523.7,2022,1.0,6.123233995736766e-17,46369
Nord-du-Québec,INSTITUTIONNEL,28168065.3,2022,1.0,6.123233995736766e-17,46369
Nord-du-Québec,AGRICOLE,54751.0,2022,0.49999999999999994,-0.8660254037844387,46369
Nord-du-Québec,INDUSTRIEL,65041151.4,2022,0.49999999999999994,-0.8660254037844387,46369
Nord-du-Québec,RÉSIDENTIEL,19540994.0,2022,0.49999999999999994,-0.8660254037844387,46369
Nord-du-Québec,COMMERCIAL,12312551.0,2022,1.2246467991473532e-16,-1.0,46369
Nord-du-Québec,INSTITUTIONNEL,18842924.4,2022,1.2246467991473532e-16,-1.0,46369
Nord-du-Québec,AGRICOLE,,2022,-0.4999999999999997,-0.8660254037844388,46369
Nord-du-Québec,RÉSIDENTIEL,,2022,-0.4999999999999997,-0.8660254037844388,46369
Nord-du-Québec,COMMERCIAL,12165278.0,2022,-0.8660254037844385,-0.5000000000000004,46369
Nord-du-Québec,INDUSTRIEL,48669974.9,2022,-0.8660254037844385,-0.5000000000000004,46369
Nord-du-Québec,AGRICOLE,,2022,-1.0,-1.8369701987210297e-16,46369
Nord-du-Québec,COMMERCIAL,,2022,-1.0,-1.8369701987210297e-16,46369
Nord-du-Québec,INDUSTRIEL,,2022,-1.0,-1.8369701987210297e-16,46369
Nord-du-Québec,INSTITUTIONNEL,,2022,-1.0,-1.8369701987210297e-16,46369
Nord-du-Québec,AGRICOLE,,2022,-0.8660254037844386,0.5000000000000001,46369
Nord-du-Québec,COMMERCIAL,,2022,-0.8660254037844386,0.5000000000000001,46369
Nord-du-Québec,INDUSTRIEL,,2022,-0.8660254037844386,0.5000000000000001,46369
Nord-du-Québec,INSTITUTIONNEL,,2022,-0.8660254037844386,0.5000000000000001,46369
Nord-du-Québec,RÉSIDENTIEL,,2022,-0.8660254037844386,0.5000000000000001,46369
Nord-du-Québec,AGRICOLE,76743.0,2022,-0.5000000000000004,0.8660254037844384,46369
Nord-du-Québec,COMMERCIAL,19357290.0,2022,-0.5000000000000004,0.8660254037844384,46369
Nord-du-Québec,INDUSTRIEL,60014386.39999999,2022,-0.5000000000000004,0.8660254037844384,46369
Nord-du-Québec,INSTITUTIONNEL,24606885.1,2022,-0.5000000000000004,0.8660254037844384,46369
Nord-du-Québec,RÉSIDENTIEL,29340436.0,2022,-0.5000000000000004,0.8660254037844384,46369
Nord-du-Québec,COMMERCIAL,22587379.0,2022,-2.4492935982947064e-16,1.0,46369
Nord-du-Québec,RÉSIDENTIEL,37381750.0,2022,-2.4492935982947064e-16,1.0,46369
Nord-du-Québec,INSTITUTIONNEL,28890305.8,2023,0.49999999999999994,0.8660254037844387,46650
Nord-du-Québec,RÉSIDENTIEL,40793745.0,2023,0.49999999999999994,0.8660254037844387,46650
Nord-du-Québec,INDUSTRIEL,61256449.4,2023,1.0,6.123233995736766e-17,46650
Nord-du-Québec,INSTITUTIONNEL,27475591.3,2023,1.0,6.123233995736766e-17,46650
Nord-du-Québec,AGRICOLE,,2023,0.49999999999999994,-0.8660254037844387,46650
Nord-du-Québec,INSTITUTIONNEL,,2023,0.49999999999999994,-0.8660254037844387,46650
Nord-du-Québec,RÉSIDENTIEL,,2023,0.49999999999999994,-0.8660254037844387,46650
Nord-du-Québec,COMMERCIAL,,2023,1.2246467991473532e-16,-1.0,46650
Nord-du-Québec,COMMERCIAL,11861934.0,2023,-0.4999999999999997,-0.8660254037844388,46650
Nord-du-Québec,INSTITUTIONNEL,18336861.3,2023,-0.4999999999999997,-0.8660254037844388,46650
Nord-du-Québec,INSTITUTIONNEL,,2023,-0.8660254037844385,-0.5000000000000004,46650
Nord-du-Québec,COMMERCIAL,14939433.0,2023,-0.8660254037844386,0.5000000000000001,46650
Nord-du-Québec,INDUSTRIEL,56548260.49999999,2023,-0.8660254037844386,0.5000000000000001,46650
Nord-du-Québec,COMMERCIAL,21239457.0,2023,-0.5000000000000004,0.8660254037844384,46650
Nord-du-Québec,RÉSIDENTIEL,32010057.0,2023,-0.5000000000000004,0.8660254037844384,46650
Nord-du-Québec,COMMERCIAL,22902224.0,2023,-2.4492935982947064e-16,1.0,46650
Outaouais,AGRICOLE,,2016,0.49999999999999994,0.8660254037844387,385453
Outaouais,INDUSTRIEL,,2016,0.49999999999999994,0.8660254037844387,385453
Outaouais,RÉSIDENTIEL,,2016,0.8660254037844386,0.5000000000000001,385453
Outaouais,INSTITUTIONNEL,,2016,1.2246467991473532e-16,-1.0,385453
Outaouais,COMMERCIAL,,2016,-0.4999999999999997,-0.8660254037844388,385453
Outaouais,COMMERCIAL,,2016,-0.8660254037844385,-0.5000000000000004,385453
Outaouais,AGRICOLE,,2016,-1.0,-1.8369701987210297e-16,385453
Outaouais,COMMERCIAL,,2016,-1.0,-1.8369701987210297e-16,385453
Outaouais,COMMERCIAL,,2016,-0.8660254037844386,0.5000000000000001,385453
Outaouais,INSTITUTIONNEL,,2016,-0.8660254037844386,0.5000000000000001,385453
Outaouais,COMMERCIAL,,2016,-2.4492935982947064e-16,1.0,385453
Outaouais,INDUSTRIEL,,2016,-2.4492935982947064e-16,1.0,385453
Outaouais,INSTITUTIONNEL,,2016,-2.4492935982947064e-16,1.0,385453
Outaouais,COMMERCIAL,,2017,0.49999999999999994,0.8660254037844387,388992
Outaouais,INSTITUTIONNEL,,2017,0.49999999999999994,0.8660254037844387,388992
Outaouais,RÉSIDENTIEL,,2017,0.49999999999999994,0.8660254037844387,388992
Outaouais,AGRICOLE,,2017,0.8660254037844386,0.5000000000000001,388992
Outaouais,INDUSTRIEL,,2017,0.8660254037844386,0.5000000000000001,388992
Outaouais,RÉSIDENTIEL,,2017,0.8660254037844386,0.5000000000000001,388992
Outaouais,AGRICOLE,,2017,0.8660254037844387,-0.4999999999999998,388992
Outaouais,COMMERCIAL,,2017,0.8660254037844387,-0.4999999999999998,388992
Outaouais,INDUSTRIEL,,2017,0.8660254037844387,-0.4999999999999998,388992
Outaouais,INDUSTRIEL,,2017,0.49999999999999994,-0.8660254037844387,388992
Outaouais,INSTITUTIONNEL,,2017,0.49999999999999994,-0.8660254037844387,388992
Outaouais,RÉSIDENTIEL,,2017,0.49999999999999994,-0.8660254037844387,388992
Outaouais,INDUSTRIEL,,2017,1.2246467991473532e-16,-1.0,388992
Outaouais,AGRICOLE,,2017,-0.4999999999999997,-0.8660254037844388,388992
Outaouais,COMMERCIAL,,2017,-0.8660254037844385,-0.5000000000000004,388992
Outaouais,INSTITUTIONNEL,,2017,-0.8660254037844385,-0.5000000000000004,388992
Outaouais,INDUSTRIEL,,2017,-1.0,-1.8369701987210297e-16,388992
Outaouais,AGRICOLE,,2017,-0.8660254037844386,0.5000000000000001,388992
Outaouais,RÉSIDENTIEL,,2017,-0.8660254037844386,0.5000000000000001,388992
Outaouais,COMMERCIAL,,2017,-0.5000000000000004,0.8660254037844384,388992
Outaouais,RÉSIDENTIEL,,2017,-2.4492935982947064e-16,1.0,388992
Outaouais,COMMERCIAL,,2018,0.49999999999999994,0.8660254037844387,393568
Outaouais,INDUSTRIEL,,2018,0.49999999999999994,0.8660254037844387,393568
Outaouais,RÉSIDENTIEL,,2018,0.8660254037844386,0.5000000000000001,393568
Outaouais,COMMERCIAL,,2018,1.0,6.123233995736766e-17,393568
Outaouais,RÉSIDENTIEL,,2018,1.0,6.123233995736766e-17,393568
Outaouais,INSTITUTIONNEL,,2018,0.8660254037844387,-0.4999999999999998,393568
Outaouais,INDUSTRIEL,,2018,-0.8660254037844385,-0.5000000000000004,393568
Outaouais,INSTITUTIONNEL,,2018,-0.8660254037844385,-0.5000000000000004,393568
Outaouais,AGRICOLE,,2018,-1.0,-1.8369701987210297e-16,393568
Outaouais,INDUSTRIEL,,2018,-0.8660254037844386,0.5000000000000001,393568
Outaouais,AGRICOLE,,2018,-0.5000000000000004,0.8660254037844384,393568
Outaouais,COMMERCIAL,,2018,-0.5000000000000004,0.8660254037844384,393568
Outaouais,INSTITUTIONNEL,,2018,-0.5000000000000004,0.8660254037844384,393568
Outaouais,RÉSIDENTIEL,,2018,-0.5000000000000004,0.8660254037844384,393568
Outaouais,COMMERCIAL,,2018,-2.4492935982947064e-16,1.0,393568
Outaouais,INSTITUTIONNEL,,2018,-2.4492935982947064e-16,1.0,393568
Outaouais,AGRICOLE,,2019,0.49999999999999994,0.8660254037844387,399090
Outaouais,AGRICOLE,,2019,0.8660254037844386,0.5000000000000001,399090
Outaouais,AGRICOLE,,2019,1.0,6.123233995736766e-17,399090
Outaouais,COMMERCIAL,,2019,1.0,6.123233995736766e-17,399090
Outaouais,INDUSTRIEL,,2019,0.8660254037844387,-0.4999999999999998,399090
Outaouais,RÉSIDENTIEL,,2019,0.8660254037844387,-0.4999999999999998,399090
Outaouais,COMMERCIAL,,2019,0.49999999999999994,-0.8660254037844387,399090
Outaouais,INSTITUTIONNEL,,2019,0.49999999999999994,-0.8660254037844387,399090
Outaouais,RÉSIDENTIEL,,2019,0.49999999999999994,-0.8660254037844387,399090
Outaouais,AGRICOLE,,2019,1.2246467991473532e-16,-1.0,399090
Outaouais,COMMERCIAL,,2019,1.2246467991473532e-16,-1.0,399090
Outaouais,INDUSTRIEL,,2019,1.2246467991473532e-16,-1.0,399090
Outaouais,INSTITUTIONNEL,,2019,-0.4999999999999997,-0.8660254037844388,399090
Outaouais,RÉSIDENTIEL,,2019,-0.4999999999999997,-0.8660254037844388,399090
Outaouais,AGRICOLE,,2019,-0.8660254037844385,-0.5000000000000004,399090
Outaouais,COMMERCIAL,,2019,-0.8660254037844385,-0.5000000000000004,399090
Outaouais,INDUSTRIEL,,2019,-0.8660254037844385,-0.5000000000000004,399090
Outaouais,COMMERCIAL,74970024.00258064,2019,-0.8660254037844386,0.5000000000000001,399090
Outaouais,INDUSTRIEL,204266209.0,2019,-0.8660254037844386,0.5000000000000001,399090
Outaouais,RÉSIDENTIEL,,2019,-0.5000000000000004,0.8660254037844384,399090
Outaouais,INSTITUTIONNEL,,2019,-2.4492935982947064e-16,1.0,399090
Outaouais,AGRICOLE,,2020,0.49999999999999994,0.8660254037844387,404058
Outaouais,COMMERCIAL,,2020,0.8660254037844386,0.5000000000000001,404058
Outaouais,INSTITUTIONNEL,,2020,0.8660254037844387,-0.4999999999999998,404058
Outaouais,INSTITUTIONNEL,,2020,0.49999999999999994,-0.8660254037844387,404058
Outaouais,RÉSIDENTIEL,,2020,0.49999999999999994,-0.8660254037844387,404058
Outaouais,COMMERCIAL,,2020,1.2246467991473532e-16,-1.0,404058
Outaouais,COMMERCIAL,,2020,-0.4999999999999997,-0.8660254037844388,404058
Outaouais,INDUSTRIEL,,2020,-0.4999999999999997,-0.8660254037844388,404058
Outaouais,INSTITUTIONNEL,,2020,-0.4999999999999997,-0.8660254037844388,404058
Outaouais,RÉSIDENTIEL,,2020,-0.4999999999999997,-0.8660254037844388,404058
Outaouais,AGRICOLE,,2020,-0.8660254037844385,-0.5000000000000004,404058
Outaouais,COMMERCIAL,,2020,-0.8660254037844385,-0.5000000000000004,404058
Outaouais,RÉSIDENTIEL,,2020,-0.8660254037844385,-0.5000000000000004,404058
Outaouais,AGRICOLE,,2020,-1.0,-1.8369701987210297e-16,404058
Outaouais,RÉSIDENTIEL,,2020,-1.0,-1.8369701987210297e-16,404058
Outaouais,INDUSTRIEL,,2020,-0.8660254037844386,0.5000000000000001,404058
Outaouais,RÉSIDENTIEL,,2020,-0.5000000000000004,0.8660254037844384,404058
Outaouais,COMMERCIAL,,2020,-2.4492935982947064e-16,1.0,404058
Outaouais,INDUSTRIEL,,2020,-2.4492935982947064e-16,1.0,404058
Outaouais,INDUSTRIEL,,2021,0.49999999999999994,0.8660254037844387,408052
Outaouais,RÉSIDENTIEL,,2021,0.49999999999999994,0.8660254037844387,408052
Outaouais,INSTITUTIONNEL,,2021,0.8660254037844386,0.5000000000000001,408052
Outaouais,COMMERCIAL,,2021,1.0,6.123233995736766e-17,408052
Outaouais,INDUSTRIEL,,2021,1.0,6.123233995736766e-17,408052
Outaouais,INSTITUTIONNEL,,2021,1.0,6.123233995736766e-17,408052
Outaouais,COMMERCIAL,,2021,0.8660254037844387,-0.4999999999999998,408052
Outaouais,RÉSIDENTIEL,,2021,0.8660254037844387,-0.4999999999999998,408052
Outaouais,INDUSTRIEL,,2021,0.49999999999999994,-0.8660254037844387,408052
Outaouais,RÉSIDENTIEL,,2021,0.49999999999999994,-0.8660254037844387,408052
Outaouais,COMMERCIAL,,2021,1.2246467991473532e-16,-1.0,408052
Outaouais,INSTITUTIONNEL,,2021,1.2246467991473532e-16,-1.0,408052
Outaouais,AGRICOLE,,2021,-0.4999999999999997,-0.8660254037844388,408052
Outaouais,INDUSTRIEL,,2021,-0.4999999999999997,-0.8660254037844388,408052
Outaouais,INDUSTRIEL,193659261.9,2021,-1.0,-1.8369701987210297e-16,408052
Outaouais,RÉSIDENTIEL,156631097.0,2021,-1.0,-1.8369701987210297e-16,408052
Outaouais,AGRICOLE,3637865.0,2021,-0.8660254037844386,0.5000000000000001,408052
Outaouais,INDUSTRIEL,,2021,-0.5000000000000004,0.8660254037844384,408052
Outaouais,INSTITUTIONNEL,,2021,-0.5000000000000004,0.8660254037844384,408052
Outaouais,COMMERCIAL,,2021,-2.4492935982947064e-16,1.0,408052
Outaouais,INDUSTRIEL,,2021,-2.4492935982947064e-16,1.0,408052
Outaouais,RÉSIDENTIEL,,2021,-2.4492935982947064e-16,1.0,408052
Outaouais,INDUSTRIEL,,2022,0.49999999999999994,0.8660254037844387,412121
Outaouais,AGRICOLE,,2022,1.0,6.123233995736766e-17,412121
Outaouais,INDUSTRIEL,,2022,1.0,6.123233995736766e-17,412121
Outaouais,INSTITUTIONNEL,,2022,1.0,6.123233995736766e-17,412121
Outaouais,RÉSIDENTIEL,,2022,1.0,6.123233995736766e-17,412121
Outaouais,INDUSTRIEL,,2022,0.8660254037844387,-0.4999999999999998,412121
Outaouais,INSTITUTIONNEL,,2022,0.8660254037844387,-0.4999999999999998,412121
Outaouais,AGRICOLE,,2022,0.49999999999999994,-0.8660254037844387,412121
Outaouais,COMMERCIAL,,2022,0.49999999999999994,-0.8660254037844387,412121
Outaouais,INDUSTRIEL,,2022,0.49999999999999994,-0.8660254037844387,412121
Outaouais,INDUSTRIEL,,2022,1.2246467991473532e-16,-1.0,412121
Outaouais,INSTITUTIONNEL,,2022,1.2246467991473532e-16,-1.0,412121
Outaouais,COMMERCIAL,,2022,-0.4999999999999997,-0.8660254037844388,412121
Outaouais,INSTITUTIONNEL,,2022,-0.4999999999999997,-0.8660254037844388,412121
Outaouais,COMMERCIAL,,2022,-0.8660254037844385,-0.5000000000000004,412121
Outaouais,INSTITUTIONNEL,,2022,-0.8660254037844385,-0.5000000000000004,412121
Outaouais,RÉSIDENTIEL,,2022,-0.8660254037844385,-0.5000000000000004,412121
Outaouais,AGRICOLE,,2022,-1.0,-1.8369701987210297e-16,412121
Outaouais,COMMERCIAL,,2022,-1.0,-1.8369701987210297e-16,412121
Outaouais,INDUSTRIEL,,2022,-1.0,-1.8369701987210297e-16,412121
Outaouais,INSTITUTIONNEL,,2022,-1.0,-1.8369701987210297e-16,412121
Outaouais,RÉSIDENTIEL,,2022,-1.0,-1.8369701987210297e-16,412121
Outaouais,COMMERCIAL,,2022,-0.5000000000000004,0.8660254037844384,412121
Outaouais,COMMERCIAL,,2023,0.49999999999999994,0.8660254037844387,418011
Outaouais,INDUSTRIEL,,2023,0.49999999999999994,0.8660254037844387,418011
Outaouais,INDUSTRIEL,,2023,0.8660254037844386,0.5000000000000001,418011
Outaouais,RÉSIDENTIEL,,2023,0.8660254037844386,0.5000000000000001,418011
Outaouais,INDUSTRIEL,,2023,0.49999999999999994,-0.8660254037844387,418011
Outaouais,INSTITUTIONNEL,,2023,0.49999999999999994,-0.8660254037844387,418011
Outaouais,AGRICOLE,,2023,1.2246467991473532e-16,-1.0,418011
Outaouais,AGRICOLE,,2023,-0.4999999999999997,-0.8660254037844388,418011
Outaouais,AGRICOLE,,2023,-0.8660254037844385,-0.5000000000000004,418011
Outaouais,INDUSTRIEL,,2023,-0.8660254037844385,-0.5000000000000004,418011
Outaouais,INSTITUTIONNEL,,2023,-1.0,-1.8369701987210297e-16,418011
Outaouais,COMMERCIAL,,2023,-0.8660254037844386,0.5000000000000001,418011
Outaouais,INDUSTRIEL,,2023,-0.5000000000000004,0.8660254037844384,418011
Outaouais,AGRICOLE,,2023,-2.4492935982947064e-16,1.0,418011
Outaouais,COMMERCIAL,,2023,-2.4492935982947064e-16,1.0,418011
Outaouais,INSTITUTIONNEL,,2023,-2.4492935982947064e-16,1.0,418011
Saguenay--Lac-Saint-Jean,COMMERCIAL,70958224.0,2016,0.49999999999999994,0.8660254037844387,277020
Saguenay--Lac-Saint-Jean,INSTITUTIONNEL,121562508.23115756,2016,0.49999999999999994,0.8660254037844387,277020
Saguenay--Lac-Saint-Jean,INDUSTRIEL,156104877.2522156,2016,0.8660254037844386,0.5000000000000001,277020
Saguenay--Lac-Saint-Jean,AGRICOLE,7909171.0,2016,1.0,6.123233995736766e-17,277020
Saguenay--Lac-Saint-Jean,INDUSTRIEL,291263519.93891627,2016,1.0,6.123233995736766e-17,277020
Saguenay--Lac-Saint-Jean,INSTITUTIONNEL,87069681.13624999,2016,0.8660254037844387,-0.4999999999999998,277020
Saguenay--Lac-Saint-Jean,INDUSTRIEL,175069084.6921659,2016,0.49999999999999994,-0.8660254037844387,277020
Saguenay--Lac-Saint-Jean,RÉSIDENTIEL,122813078.0,2016,0.49999999999999994,-0.8660254037844387,277020
Saguenay--Lac-Saint-Jean,AGRICOLE,5474290.0,2016,1.2246467991473532e-16,-1.0,277020
Saguenay--Lac-Saint-Jean,INSTITUTIONNEL,56349581.87883315,2016,1.2246467991473532e-16,-1.0,277020
Saguenay--Lac-Saint-Jean,COMMERCIAL,46863631.0,2016,-0.4999999999999997,-0.8660254037844388,277020
Saguenay--Lac-Saint-Jean,AGRICOLE,6153443.0,2016,-0.8660254037844385,-0.5000000000000004,277020
Saguenay--Lac-Saint-Jean,COMMERCIAL,49528181.0,2016,-0.8660254037844385,-0.5000000000000004,277020
Saguenay--Lac-Saint-Jean,INDUSTRIEL,167363648.89631337,2016,-0.8660254037844385,-0.5000000000000004,277020
Saguenay--Lac-Saint-Jean,AGRICOLE,6274424.0,2016,-1.0,-1.8369701987210297e-16,277020
Saguenay--Lac-Saint-Jean,COMMERCIAL,45857616.0,2016,-1.0,-1.8369701987210297e-16,277020
Saguenay--Lac-Saint-Jean,INSTITUTIONNEL,58357715.51350807,2016,-1.0,-1.8369701987210297e-16,277020
Saguenay--Lac-Saint-Jean,AGRICOLE,7104588.0,2016,-0.8660254037844386,0.5000000000000001,277020
Saguenay--Lac-Saint-Jean,INSTITUTIONNEL,73610788.1405242,2016,-0.8660254037844386,0.5000000000000001,277020
Saguenay--Lac-Saint-Jean,RÉSIDENTIEL,136285406.0,2016,-0.8660254037844386,0.5000000000000001,277020
Saguenay--Lac-Saint-Jean,INDUSTRIEL,132075312.79737902,2016,-0.5000000000000004,0.8660254037844384,277020
Saguenay--Lac-Saint-Jean,AGRICOLE,8656640.0,2016,-2.4492935982947064e-16,1.0,277020
Saguenay--Lac-Saint-Jean,INDUSTRIEL,157405152.80967742,2016,-2.4492935982947064e-16,1.0,277020
Saguenay--Lac-Saint-Jean,INSTITUTIONNEL,118661294.96990208,2016,-2.4492935982947064e-16,1.0,277020
Saguenay--Lac-Saint-Jean,RÉSIDENTIEL,265150996.0,2016,-2.4492935982947064e-16,1.0,277020
Saguenay--Lac-Saint-Jean,COMMERCIAL,76059697.7,2017,0.49999999999999994,0.8660254037844387,276369
Saguenay--Lac-Saint-Jean,INDUSTRIEL,159911775.3672811,2017,0.49999999999999994,0.8660254037844387,276369
Saguenay--Lac-Saint-Jean,AGRICOLE,8163434.0,2017,0.8660254037844386,0.5000000000000001,276369
Saguenay--Lac-Saint-Jean,INDUSTRIEL,129068173.95161292,2017,0.8660254037844386,0.5000000000000001,276369
Saguenay--Lac-Saint-Jean,INSTITUTIONNEL,106902932.42677131,2017,0.8660254037844386,0.5000000000000001,276369
Saguenay--Lac-Saint-Jean,INSTITUTIONNEL,111078401.31919642,2017,1.0,6.123233995736766e-17,276369
Saguenay--Lac-Saint-Jean,INDUSTRIEL,192952075.344375,2017,0.8660254037844387,-0.4999999999999998,276369
Saguenay--Lac-Saint-Jean,AGRICOLE,5595683.0,2017,1.2246467991473532e-16,-1.0,276369
Saguenay--Lac-Saint-Jean,RÉSIDENTIEL,100545935.0,2017,1.2246467991473532e-16,-1.0,276369
Saguenay--Lac-Saint-Jean,AGRICOLE,6002689.0,2017,-0.8660254037844385,-0.5000000000000004,276369
Saguenay--Lac-Saint-Jean,INDUSTRIEL,195668261.655576,2017,-0.8660254037844385,-0.5000000000000004,276369
Saguenay--Lac-Saint-Jean,COMMERCIAL,47510616.5,2017,-1.0,-1.8369701987210297e-16,276369
Saguenay--Lac-Saint-Jean,AGRICOLE,7263654.0,2017,-0.8660254037844386,0.5000000000000001,276369
Saguenay--Lac-Saint-Jean,COMMERCIAL,50616393.8,2017,-0.8660254037844386,0.5000000000000001,276369
Saguenay--Lac-Saint-Jean,INDUSTRIEL,140192926.75835776,2017,-0.5000000000000004,0.8660254037844384,276369
Saguenay--Lac-Saint-Jean,COMMERCIAL,79396953.6,2017,-2.4492935982947064e-16,1.0,276369
Saguenay--Lac-Saint-Jean,INDUSTRIEL,130223614.38754356,2017,-2.4492935982947064e-16,1.0,276369
Saguenay--Lac-Saint-Jean,COMMERCIAL,84168314.3,2018,0.49999999999999994,0.8660254037844387,275916
Saguenay--Lac-Saint-Jean,INDUSTRIEL,136827257.99457625,2018,0.49999999999999994,0.8660254037844387,275916
Saguenay--Lac-Saint-Jean,COMMERCIAL,64662244.8,2018,1.0,6.123233995736766e-17,275916
Saguenay--Lac-Saint-Jean,INSTITUTIONNEL,103403680.58526786,2018,1.0,6.123233995736766e-17,275916
Saguenay--Lac-Saint-Jean,RÉSIDENTIEL,211754310.0,2018,1.0,6.123233995736766e-17,275916
Saguenay--Lac-Saint-Jean,RÉSIDENTIEL,182019782.0,2018,0.8660254037844387,-0.4999999999999998,275916
Saguenay--Lac-Saint-Jean,AGRICOLE,6266203.0,2018,0.49999999999999994,-0.8660254037844387,275916
Saguenay--Lac-Saint-Jean,COMMERCIAL,51377996.3,2018,0.49999999999999994,-0.8660254037844387,275916
Saguenay--Lac-Saint-Jean,INSTITUTIONNEL,69363158.07629032,2018,0.49999999999999994,-0.8660254037844387,275916
Saguenay--Lac-Saint-Jean,COMMERCIAL,52943367.0,2018,-0.4999999999999997,-0.8660254037844388,275916
Saguenay--Lac-Saint-Jean,AGRICOLE,6187032.0,2018,-0.8660254037844385,-0.5000000000000004,275916
Saguenay--Lac-Saint-Jean,INSTITUTIONNEL,59594648.50566541,2018,-0.8660254037844385,-0.5000000000000004,275916
Saguenay--Lac-Saint-Jean,RÉSIDENTIEL,99170043.0,2018,-0.8660254037844385,-0.5000000000000004,275916
Saguenay--Lac-Saint-Jean,AGRICOLE,6477528.0,2018,-1.0,-1.8369701987210297e-16,275916
Saguenay--Lac-Saint-Jean,INSTITUTIONNEL,62475094.4783871,2018,-1.0,-1.8369701987210297e-16,275916
Saguenay--Lac-Saint-Jean,INDUSTRIEL,103152752.7634472,2018,-0.8660254037844386,0.5000000000000001,275916
Saguenay--Lac-Saint-Jean,AGRICOLE,8363684.0,2018,-0.5000000000000004,0.8660254037844384,275916
Saguenay--Lac-Saint-Jean,COMMERCIAL,70968380.1,2018,-0.5000000000000004,0.8660254037844384,275916
Saguenay--Lac-Saint-Jean,RÉSIDENTIEL,215950769.0,2018,-0.5000000000000004,0.8660254037844384,275916
Saguenay--Lac-Saint-Jean,AGRICOLE,10357303.0,2019,0.49999999999999994,0.8660254037844387,275882
Saguenay--Lac-Saint-Jean,INSTITUTIONNEL,135521830.4223347,2019,0.49999999999999994,0.8660254037844387,275882
Saguenay--Lac-Saint-Jean,INSTITUTIONNEL,119171085.20164284,2019,0.8660254037844386,0.5000000000000001,275882
Saguenay--Lac-Saint-Jean,RÉSIDENTIEL,267757704.0,2019,0.8660254037844386,0.5000000000000001,275882
Saguenay--Lac-Saint-Jean,RÉSIDENTIEL,237041372.0,2019,1.0,6.123233995736766e-17,275882
Saguenay--Lac-Saint-Jean,AGRICOLE,7127389.0,2019,0.8660254037844387,-0.4999999999999998,275882
Saguenay--Lac-Saint-Jean,INSTITUTIONNEL,87648664.6825,2019,0.8660254037844387,-0.4999999999999998,275882
Saguenay--Lac-Saint-Jean,INDUSTRIEL,214987092.38274688,2019,0.49999999999999994,-0.8660254037844387,275882
Saguenay--Lac-Saint-Jean,RÉSIDENTIEL,136424507.0,2019,0.49999999999999994,-0.8660254037844387,275882
Saguenay--Lac-Saint-Jean,INSTITUTIONNEL,57572444.49442204,2019,1.2246467991473532e-16,-1.0,275882
Saguenay--Lac-Saint-Jean,AGRICOLE,6268188.0,2019,-0.4999999999999997,-0.8660254037844388,275882
Saguenay--Lac-Saint-Jean,AGRICOLE,6022593.0,2019,-0.8660254037844385,-0.5000000000000004,275882
Saguenay--Lac-Saint-Jean,AGRICOLE,6531229.0,2019,-1.0,-1.8369701987210297e-16,275882
Saguenay--Lac-Saint-Jean,INDUSTRIEL,214097142.5040332,2019,-1.0,-1.8369701987210297e-16,275882
Saguenay--Lac-Saint-Jean,AGRICOLE,7953715.0,2019,-0.8660254037844386,0.5000000000000001,275882
Saguenay--Lac-Saint-Jean,COMMERCIAL,57021742.9,2019,-0.8660254037844386,0.5000000000000001,275882
Saguenay--Lac-Saint-Jean,RÉSIDENTIEL,141450834.0,2019,-0.8660254037844386,0.5000000000000001,275882
Saguenay--Lac-Saint-Jean,COMMERCIAL,69740232.3,2019,-0.5000000000000004,0.8660254037844384,275882
Saguenay--Lac-Saint-Jean,INSTITUTIONNEL,96788908.29475808,2019,-0.5000000000000004,0.8660254037844384,275882
Saguenay--Lac-Saint-Jean,AGRICOLE,9632559.0,2019,-2.4492935982947064e-16,1.0,275882
Saguenay--Lac-Saint-Jean,RÉSIDENTIEL,275976641.0,2019,-2.4492935982947064e-16,1.0,275882
Saguenay--Lac-Saint-Jean,INSTITUTIONNEL,124465580.46008062,2020,0.49999999999999994,0.8660254037844387,276216
Saguenay--Lac-Saint-Jean,AGRICOLE,9088150.0,2020,0.8660254037844386,0.5000000000000001,276216
Saguenay--Lac-Saint-Jean,COMMERCIAL,74680304.5,2020,0.8660254037844386,0.5000000000000001,276216
Saguenay--Lac-Saint-Jean,INSTITUTIONNEL,113152571.19368742,2020,0.8660254037844386,0.5000000000000001,276216
Saguenay--Lac-Saint-Jean,RÉSIDENTIEL,255228455.0,2020,0.8660254037844386,0.5000000000000001,276216
Saguenay--Lac-Saint-Jean,RÉSIDENTIEL,231114879.0,2020,1.0,6.123233995736766e-17,276216
Saguenay--Lac-Saint-Jean,INSTITUTIONNEL,80503456.565,2020,0.8660254037844387,-0.4999999999999998,276216
Saguenay--Lac-Saint-Jean,RÉSIDENTIEL,182121274.0,2020,0.8660254037844387,-0.4999999999999998,276216
Saguenay--Lac-Saint-Jean,COMMERCIAL,47362645.3,2020,0.49999999999999994,-0.8660254037844387,276216
Saguenay--Lac-Saint-Jean,AGRICOLE,5887117.0,2020,1.2246467991473532e-16,-1.0,276216
Saguenay--Lac-Saint-Jean,COMMERCIAL,46957874.2,2020,1.2246467991473532e-16,-1.0,276216
Saguenay--Lac-Saint-Jean,AGRICOLE,6164581.0,2020,-0.4999999999999997,-0.8660254037844388,276216
Saguenay--Lac-Saint-Jean,INDUSTRIEL,277200054.07859445,2020,-0.4999999999999997,-0.8660254037844388,276216
Saguenay--Lac-Saint-Jean,INDUSTRIEL,172127110.9110599,2020,-0.8660254037844385,-0.5000000000000004,276216
Saguenay--Lac-Saint-Jean,INSTITUTIONNEL,56950303.2546115,2020,-0.8660254037844385,-0.5000000000000004,276216
Saguenay--Lac-Saint-Jean,AGRICOLE,6806115.0,2020,-1.0,-1.8369701987210297e-16,276216
Saguenay--Lac-Saint-Jean,RÉSIDENTIEL,108153472.0,2020,-1.0,-1.8369701987210297e-16,276216
Saguenay--Lac-Saint-Jean,AGRICOLE,8187543.0,2020,-0.5000000000000004,0.8660254037844384,276216
Saguenay--Lac-Saint-Jean,INDUSTRIEL,102965832.17380564,2020,-0.5000000000000004,0.8660254037844384,276216
Saguenay--Lac-Saint-Jean,AGRICOLE,9192463.0,2020,-2.4492935982947064e-16,1.0,276216
Saguenay--Lac-Saint-Jean,RÉSIDENTIEL,254718477.0,2021,0.8660254037844386,0.5000000000000001,276563
Saguenay--Lac-Saint-Jean,RÉSIDENTIEL,235856185.0,2021,1.0,6.123233995736766e-17,276563
Saguenay--Lac-Saint-Jean,INDUSTRIEL,264628592.2281721,2021,0.8660254037844387,-0.4999999999999998,276563
Saguenay--Lac-Saint-Jean,INSTITUTIONNEL,74745034.33083335,2021,0.8660254037844387,-0.4999999999999998,276563
Saguenay--Lac-Saint-Jean,COMMERCIAL,51604466.3,2021,0.49999999999999994,-0.8660254037844387,276563
Saguenay--Lac-Saint-Jean,INDUSTRIEL,339983578.3122888,2021,0.49999999999999994,-0.8660254037844387,276563
Saguenay--Lac-Saint-Jean,COMMERCIAL,55107790.7,2021,-1.0,-1.8369701987210297e-16,276563
Saguenay--Lac-Saint-Jean,INDUSTRIEL,503929462.1486944,2021,-1.0,-1.8369701987210297e-16,276563
Saguenay--Lac-Saint-Jean,COMMERCIAL,60891005.4,2021,-0.8660254037844386,0.5000000000000001,276563
Saguenay--Lac-Saint-Jean,INDUSTRIEL,494636652.3493548,2021,-0.5000000000000004,0.8660254037844384,276563
Saguenay--Lac-Saint-Jean,AGRICOLE,9767414.0,2021,-2.4492935982947064e-16,1.0,276563
Saguenay--Lac-Saint-Jean,AGRICOLE,11200232.0,2022,0.49999999999999994,0.8660254037844387,279422
Saguenay--Lac-Saint-Jean,INSTITUTIONNEL,143419146.76629588,2022,0.49999999999999994,0.8660254037844387,279422
Saguenay--Lac-Saint-Jean,COMMERCIAL,90967810.5,2022,0.8660254037844386,0.5000000000000001,279422
Saguenay--Lac-Saint-Jean,COMMERCIAL,85540341.1,2022,1.0,6.123233995736766e-17,279422
Saguenay--Lac-Saint-Jean,COMMERCIAL,64989996.0,2022,0.8660254037844387,-0.4999999999999998,279422
Saguenay--Lac-Saint-Jean,INDUSTRIEL,386592364.724086,2022,0.8660254037844387,-0.4999999999999998,279422
Saguenay--Lac-Saint-Jean,AGRICOLE,6572056.0,2022,0.49999999999999994,-0.8660254037844387,279422
Saguenay--Lac-Saint-Jean,INDUSTRIEL,313279060.1506606,2022,0.49999999999999994,-0.8660254037844387,279422
Saguenay--Lac-Saint-Jean,INDUSTRIEL,139821269.03539938,2022,-0.4999999999999997,-0.8660254037844388,279422
Saguenay--Lac-Saint-Jean,INDUSTRIEL,201420874.62085253,2022,-0.8660254037844385,-0.5000000000000004,279422
Saguenay--Lac-Saint-Jean,INSTITUTIONNEL,57992848.29354838,2022,-0.8660254037844385,-0.5000000000000004,279422
Saguenay--Lac-Saint-Jean,RÉSIDENTIEL,107856352.0,2022,-0.8660254037844385,-0.5000000000000004,279422
Saguenay--Lac-Saint-Jean,COMMERCIAL,60644091.0,2022,-1.0,-1.8369701987210297e-16,279422
Saguenay--Lac-Saint-Jean,INSTITUTIONNEL,58291895.31924731,2022,-1.0,-1.8369701987210297e-16,279422
Saguenay--Lac-Saint-Jean,RÉSIDENTIEL,105329719.0,2022,-1.0,-1.8369701987210297e-16,279422
Saguenay--Lac-Saint-Jean,AGRICOLE,7563198.0,2022,-0.8660254037844386,0.5000000000000001,279422
Saguenay--Lac-Saint-Jean,COMMERCIAL,83045857.6,2022,-0.5000000000000004,0.8660254037844384,279422
Saguenay--Lac-Saint-Jean,INSTITUTIONNEL,88847839.21935484,2022,-0.5000000000000004,0.8660254037844384,279422
Saguenay--Lac-Saint-Jean,RÉSIDENTIEL,192215031.0,2022,-0.5000000000000004,0.8660254037844384,279422
Saguenay--Lac-Saint-Jean,COMMERCIAL,96095682.7,2022,-2.4492935982947064e-16,1.0,279422
Saguenay--Lac-Saint-Jean,INDUSTRIEL,260012285.2651613,2022,-2.4492935982947064e-16,1.0,279422
Saguenay--Lac-Saint-Jean,INSTITUTIONNEL,116300525.4935484,2022,-2.4492935982947064e-16,1.0,279422
Saguenay--Lac-Saint-Jean,AGRICOLE,10067173.0,2023,0.49999999999999994,0.8660254037844387,282690
Saguenay--Lac-Saint-Jean,COMMERCIAL,93901399.3,2023,0.8660254037844386,0.5000000000000001,282690
Saguenay--Lac-Saint-Jean,INSTITUTIONNEL,119229224.45149425,2023,0.8660254037844386,0.5000000000000001,282690
Saguenay--Lac-Saint-Jean,RÉSIDENTIEL,232653506.0,2023,1.0,6.123233995736766e-17,282690
Saguenay--Lac-Saint-Jean,AGRICOLE,6301740.0,2023,0.49999999999999994,-0.8660254037844387,282690
Saguenay--Lac-Saint-Jean,INDUSTRIEL,328511378.5919549,2023,0.49999999999999994,-0.8660254037844387,282690
Saguenay--Lac-Saint-Jean,INSTITUTIONNEL,65740695.94215053,2023,0.49999999999999994,-0.8660254037844387,282690
Saguenay--Lac-Saint-Jean,RÉSIDENTIEL,131167171.0,2023,0.49999999999999994,-0.8660254037844387,282690
Saguenay--Lac-Saint-Jean,COMMERCIAL,52944725.1,2023,1.2246467991473532e-16,-1.0,282690
Saguenay--Lac-Saint-Jean,RÉSIDENTIEL,109733393.0,2023,1.2246467991473532e-16,-1.0,282690
Saguenay--Lac-Saint-Jean,AGRICOLE,6367040.0,2023,-0.4999999999999997,-0.8660254037844388,282690
Saguenay--Lac-Saint-Jean,INDUSTRIEL,414039650.64734256,2023,-0.4999999999999997,-0.8660254037844388,282690
Saguenay--Lac-Saint-Jean,INSTITUTIONNEL,57509566.13496454,2023,-0.4999999999999997,-0.8660254037844388,282690
Saguenay--Lac-Saint-Jean,AGRICOLE,6266360.0,2023,-0.8660254037844385,-0.5000000000000004,282690
Saguenay--Lac-Saint-Jean,COMMERCIAL,60525253.3,2023,-0.8660254037844385,-0.5000000000000004,282690
Saguenay--Lac-Saint-Jean,INSTITUTIONNEL,56083012.56774193,2023,-0.8660254037844385,-0.5000000000000004,282690
Saguenay--Lac-Saint-Jean,INDUSTRIEL,303867034.1515591,2023,-1.0,-1.8369701987210297e-16,282690
Saguenay--Lac-Saint-Jean,INSTITUTIONNEL,57084276.96462366,2023,-1.0,-1.8369701987210297e-16,282690
Saguenay--Lac-Saint-Jean,RÉSIDENTIEL,102441987.0,2023,-1.0,-1.8369701987210297e-16,282690
Saguenay--Lac-Saint-Jean,COMMERCIAL,72358802.1,2023,-0.8660254037844386,0.5000000000000001,282690
Saguenay--Lac-Saint-Jean,AGRICOLE,8850062.0,2023,-0.5000000000000004,0.8660254037844384,282690
Saguenay--Lac-Saint-Jean,RÉSIDENTIEL,216377384.0,2023,-0.5000000000000004,0.8660254037844384,282690
Saguenay--Lac-Saint-Jean,AGRICOLE,9462980.0,2023,-2.4492935982947064e-16,1.0,282690
Saguenay--Lac-Saint-Jean,INDUSTRIEL,317194565.2779108,2023,-2.4492935982947064e-16,1.0,282690
Saguenay--Lac-Saint-Jean,INSTITUTIONNEL,113525801.93548386,2023,-2.4492935982947064e-16,1.0,282690
Abitibi-Témiscamingue,AGRICOLE,3704146.0,2016,0.49999999999999994,0.8660254037844387,147030
Abitibi-Témiscamingue,INSTITUTIONNEL,29884468.62602892,2016,0.8660254037844386,0.5000000000000001,147030
Abitibi-Témiscamingue,RÉSIDENTIEL,152990551.0,2016,0.8660254037844386,0.5000000000000001,147030
Abitibi-Témiscamingue,AGRICOLE,3350531.0,2016,1.0,6.123233995736766e-17,147030
Abitibi-Témiscamingue,AGRICOLE,2821701.0,2016,0.8660254037844387,-0.4999999999999998,147030
Abitibi-Témiscamingue,COMMERCIAL,42075410.0,2016,0.8660254037844387,-0.4999999999999998,147030
Abitibi-Témiscamingue,COMMERCIAL,36060577.0,2016,0.49999999999999994,-0.8660254037844387,147030
Abitibi-Témiscamingue,COMMERCIAL,33732583.0,2016,1.2246467991473532e-16,-1.0,147030
Abitibi-Témiscamingue,INDUSTRIEL,296950481.7714847,2016,1.2246467991473532e-16,-1.0,147030
Abitibi-Témiscamingue,INSTITUTIONNEL,15513585.981935484,2016,1.2246467991473532e-16,-1.0,147030
Abitibi-Témiscamingue,RÉSIDENTIEL,59226024.0,2016,1.2246467991473532e-16,-1.0,147030
Abitibi-Témiscamingue,RÉSIDENTIEL,56079334.0,2016,-0.4999999999999997,-0.8660254037844388,147030
Abitibi-Témiscamingue,COMMERCIAL,34740522.0,2016,-1.0,-1.8369701987210297e-16,147030
Abitibi-Témiscamingue,INDUSTRIEL,298770726.7247001,2016,-1.0,-1.8369701987210297e-16,147030
Abitibi-Témiscamingue,AGRICOLE,2544848.0,2016,-0.8660254037844386,0.5000000000000001,147030
Abitibi-Témiscamingue,COMMERCIAL,38559039.0,2016,-0.8660254037844386,0.5000000000000001,147030
Abitibi-Témiscamingue,INDUSTRIEL,312329887.875877,2016,-0.8660254037844386,0.5000000000000001,147030
Abitibi-Témiscamingue,AGRICOLE,2784895.0,2016,-0.5000000000000004,0.8660254037844384,147030
Abitibi-Témiscamingue,INDUSTRIEL,311647689.5217368,2016,-0.5000000000000004,0.8660254037844384,147030
Abitibi-Témiscamingue,COMMERCIAL,53826192.0,2016,-2.4492935982947064e-16,1.0,147030
Abitibi-Témiscamingue,RÉSIDENTIEL,156982958.0,2016,-2.4492935982947064e-16,1.0,147030
Abitibi-Témiscamingue,COMMERCIAL,54935963.0,2017,0.49999999999999994,0.8660254037844387,147281
Abitibi-Témiscamingue,AGRICOLE,3362131.0,2017,0.8660254037844386,0.5000000000000001,147281
Abitibi-Témiscamingue,COMMERCIAL,51371971.0,2017,0.8660254037844386,0.5000000000000001,147281
Abitibi-Témiscamingue,INDUSTRIEL,303361330.38642687,2017,0.8660254037844386,0.5000000000000001,147281
Abitibi-Témiscamingue,RÉSIDENTIEL,140063764.0,2017,0.8660254037844386,0.5000000000000001,147281
Abitibi-Témiscamingue,COMMERCIAL,54514431.0,2017,1.0,6.123233995736766e-17,147281
Abitibi-Témiscamingue,INSTITUTIONNEL,28857429.58928572,2017,1.0,6.123233995736766e-17,147281
Abitibi-Témiscamingue,RÉSIDENTIEL,153753605.0,2017,1.0,6.123233995736766e-17,147281
Abitibi-Témiscamingue,COMMERCIAL,41622709.0,2017,0.8660254037844387,-0.4999999999999998,147281
Abitibi-Témiscamingue,INDUSTRIEL,318895220.4557663,2017,0.8660254037844387,-0.4999999999999998,147281
Abitibi-Témiscamingue,INSTITUTIONNEL,21912863.976666667,2017,0.8660254037844387,-0.4999999999999998,147281
Abitibi-Témiscamingue,AGRICOLE,2251966.0,2017,1.2246467991473532e-16,-1.0,147281
Abitibi-Témiscamingue,COMMERCIAL,34478358.0,2017,1.2246467991473532e-16,-1.0,147281
Abitibi-Témiscamingue,AGRICOLE,2250126.0,2017,-0.4999999999999997,-0.8660254037844388,147281
Abitibi-Témiscamingue,INSTITUTIONNEL,15267651.769784946,2017,-0.4999999999999997,-0.8660254037844388,147281
Abitibi-Témiscamingue,RÉSIDENTIEL,56866334.0,2017,-0.4999999999999997,-0.8660254037844388,147281
Abitibi-Témiscamingue,AGRICOLE,2325010.0,2017,-0.8660254037844385,-0.5000000000000004,147281
Abitibi-Témiscamingue,RÉSIDENTIEL,59356918.0,2017,-0.8660254037844385,-0.5000000000000004,147281
Abitibi-Témiscamingue,INSTITUTIONNEL,16593936.518602151,2017,-1.0,-1.8369701987210297e-16,147281
Abitibi-Témiscamingue,INDUSTRIEL,328399853.73502463,2017,-0.8660254037844386,0.5000000000000001,147281
Abitibi-Témiscamingue,INDUSTRIEL,318346974.16878486,2017,-0.5000000000000004,0.8660254037844384,147281
Abitibi-Témiscamingue,INSTITUTIONNEL,26356000.493548386,2017,-0.5000000000000004,0.8660254037844384,147281
Abitibi-Témiscamingue,RÉSIDENTIEL,127760782.0,2017,-0.5000000000000004,0.8660254037844384,147281
Abitibi-Témiscamingue,COMMERCIAL,60511106.0,2017,-2.4492935982947064e-16,1.0,147281
Abitibi-Témiscamingue,AGRICOLE,4383374.0,2018,0.49999999999999994,0.8660254037844387,147199
Abitibi-Témiscamingue,COMMERCIAL,63761863.0,2018,0.49999999999999994,0.8660254037844387,147199
Abitibi-Témiscamingue,INDUSTRIEL,337612093.2071724,2018,0.49999999999999994,0.8660254037844387,147199
Abitibi-Témiscamingue,INDUSTRIEL,307866163.10272694,2018,0.8660254037844386,0.5000000000000001,147199
Abitibi-Témiscamingue,INSTITUTIONNEL,28985281.146829814,2018,0.8660254037844386,0.5000000000000001,147199
Abitibi-Témiscamingue,AGRICOLE,3560661.0,2018,1.0,6.123233995736766e-17,147199
Abitibi-Témiscamingue,INDUSTRIEL,326040604.60011023,2018,0.8660254037844387,-0.4999999999999998,147199
Abitibi-Témiscamingue,COMMERCIAL,35505407.0,2018,1.2246467991473532e-16,-1.0,147199
Abitibi-Témiscamingue,AGRICOLE,2348381.0,2018,-0.4999999999999997,-0.8660254037844388,147199
Abitibi-Témiscamingue,INDUSTRIEL,311252298.6107143,2018,-0.4999999999999997,-0.8660254037844388,147199
Abitibi-Témiscamingue,AGRICOLE,2376910.0,2018,-0.8660254037844385,-0.5000000000000004,147199
Abitibi-Témiscamingue,COMMERCIAL,35602351.0,2018,-0.8660254037844385,-0.5000000000000004,147199
Abitibi-Témiscamingue,INDUSTRIEL,318965220.90386903,2018,-0.8660254037844385,-0.5000000000000004,147199
Abitibi-Témiscamingue,INSTITUTIONNEL,16391051.868494622,2018,-0.8660254037844385,-0.5000000000000004,147199
Abitibi-Témiscamingue,INDUSTRIEL,309431222.4491133,2018,-1.0,-1.8369701987210297e-16,147199
Abitibi-Témiscamingue,AGRICOLE,2838052.0,2018,-0.8660254037844386,0.5000000000000001,147199
Abitibi-Témiscamingue,COMMERCIAL,43465251.0,2018,-0.8660254037844386,0.5000000000000001,147199
Abitibi-Témiscamingue,RÉSIDENTIEL,103141189.0,2018,-0.8660254037844386,0.5000000000000001,147199
Abitibi-Témiscamingue,COMMERCIAL,51271338.0,2018,-0.5000000000000004,0.8660254037844384,147199
Abitibi-Témiscamingue,INDUSTRIEL,319925097.64162564,2018,-0.5000000000000004,0.8660254037844384,147199
Abitibi-Témiscamingue,AGRICOLE,3735486.0,2018,-2.4492935982947064e-16,1.0,147199
Abitibi-Témiscamingue,RÉSIDENTIEL,162691456.0,2018,-2.4492935982947064e-16,1.0,147199
Abitibi-Témiscamingue,AGRICOLE,4360811.0,2019,0.49999999999999994,0.8660254037844387,147202
Abitibi-Témiscamingue,AGRICOLE,3729760.0,2019,1.0,6.123233995736766e-17,147202
Abitibi-Témiscamingue,INDUSTRIEL,327702514.22258687,2019,1.0,6.123233995736766e-17,147202
Abitibi-Témiscamingue,INSTITUTIONNEL,28598912.380000003,2019,1.0,6.123233995736766e-17,147202
Abitibi-Témiscamingue,COMMERCIAL,44243980.0,2019,0.8660254037844387,-0.4999999999999998,147202
Abitibi-Témiscamingue,INSTITUTIONNEL,23242135.84,2019,0.8660254037844387,-0.4999999999999998,147202
Abitibi-Témiscamingue,RÉSIDENTIEL,113013641.0,2019,0.8660254037844387,-0.4999999999999998,147202
Abitibi-Témiscamingue,AGRICOLE,2674712.0,2019,0.49999999999999994,-0.8660254037844387,147202
Abitibi-Témiscamingue,RÉSIDENTIEL,85818485.0,2019,0.49999999999999994,-0.8660254037844387,147202
Abitibi-Témiscamingue,RÉSIDENTIEL,62080747.0,2019,1.2246467991473532e-16,-1.0,147202
Abitibi-Témiscamingue,INDUSTRIEL,308265976.9423214,2019,-0.4999999999999997,-0.8660254037844388,147202
Abitibi-Témiscamingue,AGRICOLE,2364909.0,2019,-0.8660254037844385,-0.5000000000000004,147202
Abitibi-Témiscamingue,COMMERCIAL,34111246.0,2019,-1.0,-1.8369701987210297e-16,147202
Abitibi-Témiscamingue,INDUSTRIEL,303446180.84476113,2019,-1.0,-1.8369701987210297e-16,147202
Abitibi-Témiscamingue,RÉSIDENTIEL,62411176.0,2019,-1.0,-1.8369701987210297e-16,147202
Abitibi-Témiscamingue,AGRICOLE,2870196.0,2019,-0.8660254037844386,0.5000000000000001,147202
Abitibi-Témiscamingue,COMMERCIAL,39920809.0,2019,-0.8660254037844386,0.5000000000000001,147202
Abitibi-Témiscamingue,RÉSIDENTIEL,87023289.0,2019,-0.8660254037844386,0.5000000000000001,147202
Abitibi-Témiscamingue,AGRICOLE,3424083.0,2019,-0.5000000000000004,0.8660254037844384,147202
Abitibi-Témiscamingue,INSTITUTIONNEL,30437488.07096774,2019,-2.4492935982947064e-16,1.0,147202
Abitibi-Témiscamingue,INDUSTRIEL,336220965.9074544,2020,0.49999999999999994,0.8660254037844387,147435
Abitibi-Témiscamingue,INDUSTRIEL,311553883.3452542,2020,0.8660254037844386,0.5000000000000001,147435
Abitibi-Témiscamingue,RÉSIDENTIEL,153031915.0,2020,0.8660254037844386,0.5000000000000001,147435
Abitibi-Témiscamingue,AGRICOLE,3595382.0,2020,1.0,6.123233995736766e-17,147435
Abitibi-Témiscamingue,INSTITUTIONNEL,25478260.263333336,2020,1.0,6.123233995736766e-17,147435
Abitibi-Témiscamingue,COMMERCIAL,37205385.0,2020,0.8660254037844387,-0.4999999999999998,147435
Abitibi-Témiscamingue,AGRICOLE,2815716.0,2020,0.49999999999999994,-0.8660254037844387,147435
Abitibi-Témiscamingue,COMMERCIAL,36234333.0,2020,0.49999999999999994,-0.8660254037844387,147435
Abitibi-Témiscamingue,RÉSIDENTIEL,89961481.0,2020,0.49999999999999994,-0.8660254037844387,147435
Abitibi-Témiscamingue,COMMERCIAL,33806415.0,2020,1.2246467991473532e-16,-1.0,147435
Abitibi-Témiscamingue,INSTITUTIONNEL,14814260.11139785,2020,1.2246467991473532e-16,-1.0,147435
Abitibi-Témiscamingue,RÉSIDENTIEL,66691090.0,2020,1.2246467991473532e-16,-1.0,147435
Abitibi-Témiscamingue,INDUSTRIEL,268683147.4327381,2020,-0.8660254037844385,-0.5000000000000004,147435
Abitibi-Témiscamingue,INSTITUTIONNEL,15108202.38064516,2020,-0.8660254037844385,-0.5000000000000004,147435
Abitibi-Témiscamingue,AGRICOLE,2961726.0,2020,-0.8660254037844386,0.5000000000000001,147435
Abitibi-Témiscamingue,COMMERCIAL,41810871.0,2020,-0.8660254037844386,0.5000000000000001,147435
Abitibi-Témiscamingue,INDUSTRIEL,264317641.04381695,2020,-0.8660254037844386,0.5000000000000001,147435
Abitibi-Témiscamingue,COMMERCIAL,56051032.0,2020,-2.4492935982947064e-16,1.0,147435
Abitibi-Témiscamingue,INSTITUTIONNEL,29636923.896774195,2020,-2.4492935982947064e-16,1.0,147435
Abitibi-Témiscamingue,INDUSTRIEL,259974568.2701532,2021,0.8660254037844386,0.5000000000000001,147838
Abitibi-Témiscamingue,INSTITUTIONNEL,26599725.71666667,2021,1.0,6.123233995736766e-17,147838
Abitibi-Témiscamingue,RÉSIDENTIEL,140646417.0,2021,1.0,6.123233995736766e-17,147838
Abitibi-Témiscamingue,AGRICOLE,2896143.0,2021,0.8660254037844387,-0.4999999999999998,147838
Abitibi-Témiscamingue,INDUSTRIEL,269330858.6455252,2021,0.8660254037844387,-0.4999999999999998,147838
Abitibi-Témiscamingue,INSTITUTIONNEL,19665847.01,2021,0.8660254037844387,-0.4999999999999998,147838
Abitibi-Témiscamingue,INSTITUTIONNEL,17283684.996451613,2021,0.49999999999999994,-0.8660254037844387,147838
Abitibi-Témiscamingue,COMMERCIAL,32933706.0,2021,1.2246467991473532e-16,-1.0,147838
Abitibi-Témiscamingue,RÉSIDENTIEL,61366794.0,2021,1.2246467991473532e-16,-1.0,147838
Abitibi-Témiscamingue,INDUSTRIEL,272451630.32820684,2021,-0.8660254037844385,-0.5000000000000004,147838
Abitibi-Témiscamingue,INSTITUTIONNEL,18921251.22204301,2021,-0.8660254037844386,0.5000000000000001,147838
Abitibi-Témiscamingue,COMMERCIAL,45958671.0,2021,-0.5000000000000004,0.8660254037844384,147838
Abitibi-Témiscamingue,INSTITUTIONNEL,24245038.36129032,2021,-0.5000000000000004,0.8660254037844384,147838
Abitibi-Témiscamingue,AGRICOLE,4174835.0,2021,-2.4492935982947064e-16,1.0,147838
Abitibi-Témiscamingue,INDUSTRIEL,292658262.4675795,2022,0.49999999999999994,0.8660254037844387,148118
Abitibi-Témiscamingue,INSTITUTIONNEL,35743581.1727475,2022,0.49999999999999994,0.8660254037844387,148118
Abitibi-Témiscamingue,RÉSIDENTIEL,216178309.0,2022,0.49999999999999994,0.8660254037844387,148118
Abitibi-Témiscamingue,COMMERCIAL,56203294.0,2022,0.8660254037844386,0.5000000000000001,148118
Abitibi-Témiscamingue,INDUSTRIEL,262201990.4328137,2022,0.8660254037844386,0.5000000000000001,148118
Abitibi-Témiscamingue,INSTITUTIONNEL,30529220.402413797,2022,0.8660254037844386,0.5000000000000001,148118
Abitibi-Témiscamingue,AGRICOLE,4028302.0,2022,1.0,6.123233995736766e-17,148118
Abitibi-Témiscamingue,RÉSIDENTIEL,149547310.0,2022,1.0,6.123233995736766e-17,148118
Abitibi-Témiscamingue,INSTITUTIONNEL,22715744.28333333,2022,0.8660254037844387,-0.4999999999999998,148118
Abitibi-Témiscamingue,AGRICOLE,2763068.0,2022,0.49999999999999994,-0.8660254037844387,148118
Abitibi-Témiscamingue,COMMERCIAL,35264881.0,2022,0.49999999999999994,-0.8660254037844387,148118
Abitibi-Témiscamingue,RÉSIDENTIEL,74078521.0,2022,0.49999999999999994,-0.8660254037844387,148118
Abitibi-Témiscamingue,INDUSTRIEL,248974765.3700682,2022,1.2246467991473532e-16,-1.0,148118
Abitibi-Témiscamingue,INSTITUTIONNEL,14669709.816344086,2022,1.2246467991473532e-16,-1.0,148118
Abitibi-Témiscamingue,RÉSIDENTIEL,62834339.0,2022,1.2246467991473532e-16,-1.0,148118
Abitibi-Témiscamingue,COMMERCIAL,32187058.0,2022,-0.4999999999999997,-0.8660254037844388,148118
Abitibi-Témiscamingue,INDUSTRIEL,271892543.585937,2022,-0.8660254037844385,-0.5000000000000004,148118
Abitibi-Témiscamingue,RÉSIDENTIEL,65068908.0,2022,-1.0,-1.8369701987210297e-16,148118
Abitibi-Témiscamingue,INDUSTRIEL,282419070.6959524,2022,-2.4492935982947064e-16,1.0,148118
Abitibi-Témiscamingue,INSTITUTIONNEL,31189635.045717463,2023,0.49999999999999994,0.8660254037844387,148564
Abitibi-Témiscamingue,RÉSIDENTIEL,166219317.0,2023,0.8660254037844386,0.5000000000000001,148564
Abitibi-Témiscamingue,INSTITUTIONNEL,17696510.131290324,2023,0.49999999999999994,-0.8660254037844387,148564
Abitibi-Témiscamingue,RÉSIDENTIEL,62231112.0,2023,1.2246467991473532e-16,-1.0,148564
Abitibi-Témiscamingue,INSTITUTIONNEL,14900197.447634408,2023,-0.4999999999999997,-0.8660254037844388,148564
Abitibi-Témiscamingue,RÉSIDENTIEL,62178146.0,2023,-0.4999999999999997,-0.8660254037844388,148564
Abitibi-Témiscamingue,AGRICOLE,2727552.0,2023,-0.8660254037844385,-0.5000000000000004,148564
Abitibi-Témiscamingue,COMMERCIAL,31261705.0,2023,-0.8660254037844385,-0.5000000000000004,148564
Abitibi-Témiscamingue,COMMERCIAL,30344343.0,2023,-1.0,-1.8369701987210297e-16,148564
Abitibi-Témiscamingue,AGRICOLE,3847120.0,2023,-0.5000000000000004,0.8660254037844384,148564
Abitibi-Témiscamingue,INSTITUTIONNEL,26468256.84193549,2023,-0.5000000000000004,0.8660254037844384,148564
Abitibi-Témiscamingue,INDUSTRIEL,296139218.96832585,2023,-2.4492935982947064e-16,1.0,148564
Bas-Saint-Laurent,AGRICOLE,,2016,0.49999999999999994,0.8660254037844387,197289
Bas-Saint-Laurent,COMMERCIAL,,2016,0.49999999999999994,0.8660254037844387,197289
Bas-Saint-Laurent,RÉSIDENTIEL,,2016,0.49999999999999994,0.8660254037844387,197289
Bas-Saint-Laurent,AGRICOLE,,2016,0.8660254037844386,0.5000000000000001,197289
Bas-Saint-Laurent,COMMERCIAL,,2016,0.8660254037844386,0.5000000000000001,197289
Bas-Saint-Laurent,AGRICOLE,,2016,0.8660254037844387,-0.4999999999999998,197289
Bas-Saint-Laurent,INSTITUTIONNEL,,2016,0.8660254037844387,-0.4999999999999998,197289
Bas-Saint-Laurent,INDUSTRIEL,,2016,0.49999999999999994,-0.8660254037844387,197289
Bas-Saint-Laurent,AGRICOLE,,2016,1.2246467991473532e-16,-1.0,197289
Bas-Saint-Laurent,INDUSTRIEL,,2016,-0.4999999999999997,-0.8660254037844388,197289
Bas-Saint-Laurent,COMMERCIAL,,2016,-0.8660254037844385,-0.5000000000000004,197289
Bas-Saint-Laurent,INSTITUTIONNEL,,2016,-0.8660254037844385,-0.5000000000000004,197289
Bas-Saint-Laurent,INDUSTRIEL,,2016,-0.8660254037844386,0.5000000000000001,197289
Bas-Saint-Laurent,COMMERCIAL,,2016,-0.5000000000000004,0.8660254037844384,197289
Bas-Saint-Laurent,INSTITUTIONNEL,,2016,-0.5000000000000004,0.8660254037844384,197289
Bas-Saint-Laurent,INSTITUTIONNEL,,2016,-2.4492935982947064e-16,1.0,197289
Bas-Saint-Laurent,RÉSIDENTIEL,,2016,-2.4492935982947064e-16,1.0,197289
Bas-Saint-Laurent,COMMERCIAL,,2017,0.49999999999999994,0.8660254037844387,197131
Bas-Saint-Laurent,INDUSTRIEL,,2017,0.49999999999999994,0.8660254037844387,197131
Bas-Saint-Laurent,RÉSIDENTIEL,,2017,0.49999999999999994,0.8660254037844387,197131
Bas-Saint-Laurent,RÉSIDENTIEL,,2017,0.8660254037844386,0.5000000000000001,197131
Bas-Saint-Laurent,INSTITUTIONNEL,,2017,1.0,6.123233995736766e-17,197131
Bas-Saint-Laurent,COMMERCIAL,,2017,0.8660254037844387,-0.4999999999999998,197131
Bas-Saint-Laurent,INDUSTRIEL,,2017,0.8660254037844387,-0.4999999999999998,197131
Bas-Saint-Laurent,AGRICOLE,,2017,0.49999999999999994,-0.8660254037844387,197131
Bas-Saint-Laurent,INSTITUTIONNEL,,2017,0.49999999999999994,-0.8660254037844387,197131
Bas-Saint-Laurent,RÉSIDENTIEL,,2017,0.49999999999999994,-0.8660254037844387,197131
Bas-Saint-Laurent,RÉSIDENTIEL,,2017,1.2246467991473532e-16,-1.0,197131
Bas-Saint-Laurent,COMMERCIAL,,2017,-0.4999999999999997,-0.8660254037844388,197131
Bas-Saint-Laurent,COMMERCIAL,,2017,-0.8660254037844385,-0.5000000000000004,197131
Bas-Saint-Laurent,INDUSTRIEL,,2017,-0.8660254037844385,-0.5000000000000004,197131
Bas-Saint-Laurent,RÉSIDENTIEL,,2017,-0.8660254037844385,-0.5000000000000004,197131
Bas-Saint-Laurent,INSTITUTIONNEL,,2017,-1.0,-1.8369701987210297e-16,197131
Bas-Saint-Laurent,INDUSTRIEL,,2017,-0.8660254037844386,0.5000000000000001,197131
Bas-Saint-Laurent,INSTITUTIONNEL,,2017,-0.8660254037844386,0.5000000000000001,197131
Bas-Saint-Laurent,AGRICOLE,,2017,-0.5000000000000004,0.8660254037844384,197131
Bas-Saint-Laurent,RÉSIDENTIEL,,2017,-0.5000000000000004,0.8660254037844384,197131
Bas-Saint-Laurent,AGRICOLE,,2017,-2.4492935982947064e-16,1.0,197131
Bas-Saint-Laurent,INSTITUTIONNEL,,2017,-2.4492935982947064e-16,1.0,197131
Bas-Saint-Laurent,AGRICOLE,,2018,0.49999999999999994,0.8660254037844387,196879
Bas-Saint-Laurent,COMMERCIAL,,2018,0.49999999999999994,0.8660254037844387,196879
Bas-Saint-Laurent,INDUSTRIEL,,2018,0.49999999999999994,0.8660254037844387,196879
Bas-Saint-Laurent,INSTITUTIONNEL,,2018,0.8660254037844386,0.5000000000000001,196879
Bas-Saint-Laurent,INDUSTRIEL,,2018,1.0,6.123233995736766e-17,196879
Bas-Saint-Laurent,AGRICOLE,,2018,0.8660254037844387,-0.4999999999999998,196879
Bas-Saint-Laurent,RÉSIDENTIEL,,2018,0.8660254037844387,-0.4999999999999998,196879
Bas-Saint-Laurent,RÉSIDENTIEL,,2018,0.49999999999999994,-0.8660254037844387,196879
Bas-Saint-Laurent,AGRICOLE,,2018,1.2246467991473532e-16,-1.0,196879
Bas-Saint-Laurent,AGRICOLE,,2018,-0.4999999999999997,-0.8660254037844388,196879
Bas-Saint-Laurent,INSTITUTIONNEL,,2018,-0.4999999999999997,-0.8660254037844388,196879
Bas-Saint-Laurent,AGRICOLE,,2018,-0.8660254037844385,-0.5000000000000004,196879
Bas-Saint-Laurent,INSTITUTIONNEL,,2018,-0.8660254037844385,-0.5000000000000004,196879
Bas-Saint-Laurent,RÉSIDENTIEL,,2018,-1.0,-1.8369701987210297e-16,196879
Bas-Saint-Laurent,COMMERCIAL,,2018,-0.8660254037844386,0.5000000000000001,196879
Bas-Saint-Laurent,INDUSTRIEL,,2018,-0.8660254037844386,0.5000000000000001,196879
Bas-Saint-Laurent,RÉSIDENTIEL,,2018,-0.8660254037844386,0.5000000000000001,196879
Bas-Saint-Laurent,COMMERCIAL,,2018,-0.5000000000000004,0.8660254037844384,196879
Bas-Saint-Laurent,RÉSIDENTIEL,,2018,-0.5000000000000004,0.8660254037844384,196879
Bas-Saint-Laurent,AGRICOLE,,2019,0.49999999999999994,0.8660254037844387,197170
Bas-Saint-Laurent,INDUSTRIEL,,2019,0.8660254037844386,0.5000000000000001,197170
Bas-Saint-Laurent,INSTITUTIONNEL,,2019,0.8660254037844386,0.5000000000000001,197170
Bas-Saint-Laurent,RÉSIDENTIEL,,2019,0.8660254037844386,0.5000000000000001,197170
Bas-Saint-Laurent,AGRICOLE,,2019,1.0,6.123233995736766e-17,197170
Bas-Saint-Laurent,RÉSIDENTIEL,,2019,1.0,6.123233995736766e-17,197170
Bas-Saint-Laurent,RÉSIDENTIEL,,2019,0.8660254037844387,-0.4999999999999998,197170
Bas-Saint-Laurent,AGRICOLE,,2019,0.49999999999999994,-0.8660254037844387,197170
Bas-Saint-Laurent,INDUSTRIEL,,2019,0.49999999999999994,-0.8660254037844387,197170
Bas-Saint-Laurent,INSTITUTIONNEL,,2019,0.49999999999999994,-0.8660254037844387,197170
Bas-Saint-Laurent,RÉSIDENTIEL,,2019,0.49999999999999994,-0.8660254037844387,197170
Bas-Saint-Laurent,INDUSTRIEL,,2019,-0.4999999999999997,-0.8660254037844388,197170
Bas-Saint-Laurent,RÉSIDENTIEL,,2019,-0.8660254037844385,-0.5000000000000004,197170
Bas-Saint-Laurent,COMMERCIAL,,2019,-1.0,-1.8369701987210297e-16,197170
Bas-Saint-Laurent,INDUSTRIEL,,2019,-1.0,-1.8369701987210297e-16,197170
Bas-Saint-Laurent,INSTITUTIONNEL,,2019,-1.0,-1.8369701987210297e-16,197170
Bas-Saint-Laurent,RÉSIDENTIEL,,2019,-1.0,-1.8369701987210297e-16,197170
Bas-Saint-Laurent,COMMERCIAL,,2019,-0.8660254037844386,0.5000000000000001,197170
Bas-Saint-Laurent,INDUSTRIEL,,2019,-0.8660254037844386,0.5000000000000001,197170
Bas-Saint-Laurent,INSTITUTIONNEL,,2019,-0.5000000000000004,0.8660254037844384,197170
Bas-Saint-Laurent,AGRICOLE,,2019,-2.4492935982947064e-16,1.0,197170
Bas-Saint-Laurent,INDUSTRIEL,,2019,-2.4492935982947064e-16,1.0,197170
Bas-Saint-Laurent,RÉSIDENTIEL,,2019,-2.4492935982947064e-16,1.0,197170
Bas-Saint-Laurent,INDUSTRIEL,,2020,0.49999999999999994,0.8660254037844387,197815
Bas-Saint-Laurent,RÉSIDENTIEL,,2020,0.8660254037844386,0.5000000000000001,197815
Bas-Saint-Laurent,AGRICOLE,,2020,1.0,6.123233995736766e-17,197815
Bas-Saint-Laurent,INDUSTRIEL,,2020,1.0,6.123233995736766e-17,197815
Bas-Saint-Laurent,AGRICOLE,,2020,0.8660254037844387,-0.4999999999999998,197815
Bas-Saint-Laurent,INDUSTRIEL,,2020,0.8660254037844387,-0.4999999999999998,197815
Bas-Saint-Laurent,COMMERCIAL,,2020,0.49999999999999994,-0.8660254037844387,197815
Bas-Saint-Laurent,INDUSTRIEL,,2020,0.49999999999999994,-0.8660254037844387,197815
Bas-Saint-Laurent,AGRICOLE,,2020,1.2246467991473532e-16,-1.0,197815
Bas-Saint-Laurent,INDUSTRIEL,,2020,1.2246467991473532e-16,-1.0,197815
Bas-Saint-Laurent,INSTITUTIONNEL,,2020,1.2246467991473532e-16,-1.0,197815
Bas-Saint-Laurent,INSTITUTIONNEL,,2020,-0.4999999999999997,-0.8660254037844388,197815
Bas-Saint-Laurent,AGRICOLE,,2020,-1.0,-1.8369701987210297e-16,197815
Bas-Saint-Laurent,INSTITUTIONNEL,,2020,-1.0,-1.8369701987210297e-16,197815
Bas-Saint-Laurent,AGRICOLE,,2020,-0.8660254037844386,0.5000000000000001,197815
Bas-Saint-Laurent,COMMERCIAL,,2020,-0.8660254037844386,0.5000000000000001,197815
Bas-Saint-Laurent,RÉSIDENTIEL,,2020,-0.8660254037844386,0.5000000000000001,197815
Bas-Saint-Laurent,COMMERCIAL,,2020,-0.5000000000000004,0.8660254037844384,197815
Bas-Saint-Laurent,RÉSIDENTIEL,,2020,-0.5000000000000004,0.8660254037844384,197815
Bas-Saint-Laurent,AGRICOLE,,2020,-2.4492935982947064e-16,1.0,197815
Bas-Saint-Laurent,INSTITUTIONNEL,,2020,-2.4492935982947064e-16,1.0,197815
Bas-Saint-Laurent,COMMERCIAL,,2021,0.8660254037844386,0.5000000000000001,199319
Bas-Saint-Laurent,RÉSIDENTIEL,,2021,0.8660254037844386,0.5000000000000001,199319
Bas-Saint-Laurent,AGRICOLE,,2021,1.0,6.123233995736766e-17,199319
Bas-Saint-Laurent,RÉSIDENTIEL,,2021,1.0,6.123233995736766e-17,199319
Bas-Saint-Laurent,AGRICOLE,,2021,0.8660254037844387,-0.4999999999999998,199319
Bas-Saint-Laurent,INSTITUTIONNEL,,2021,0.8660254037844387,-0.4999999999999998,199319
Bas-Saint-Laurent,RÉSIDENTIEL,,2021,0.49999999999999994,-0.8660254037844387,199319
Bas-Saint-Laurent,COMMERCIAL,,2021,1.2246467991473532e-16,-1.0,199319
Bas-Saint-Laurent,RÉSIDENTIEL,,2021,1.2246467991473532e-16,-1.0,199319
Bas-Saint-Laurent,AGRICOLE,,2021,-0.4999999999999997,-0.8660254037844388,199319
Bas-Saint-Laurent,INSTITUTIONNEL,,2021,-0.4999999999999997,-0.8660254037844388,199319
Bas-Saint-Laurent,INDUSTRIEL,,2021,-0.8660254037844385,-0.5000000000000004,199319
Bas-Saint-Laurent,INSTITUTIONNEL,,2021,-0.8660254037844385,-0.5000000000000004,199319
Bas-Saint-Laurent,COMMERCIAL,,2021,-0.8660254037844386,0.5000000000000001,199319
Bas-Saint-Laurent,COMMERCIAL,,2021,-0.5000000000000004,0.8660254037844384,199319
Bas-Saint-Laurent,INDUSTRIEL,,2021,-0.5000000000000004,0.8660254037844384,199319
Bas-Saint-Laurent,INSTITUTIONNEL,,2021,-0.5000000000000004,0.8660254037844384,199319
Bas-Saint-Laurent,RÉSIDENTIEL,,2021,-0.5000000000000004,0.8660254037844384,199319
Bas-Saint-Laurent,COMMERCIAL,,2021,-2.4492935982947064e-16,1.0,199319
Bas-Saint-Laurent,INSTITUTIONNEL,,2021,-2.4492935982947064e-16,1.0,199319
Bas-Saint-Laurent,RÉSIDENTIEL,,2022,0.49999999999999994,0.8660254037844387,200929
Bas-Saint-Laurent,INDUSTRIEL,,2022,0.8660254037844386,0.5000000000000001,200929
Bas-Saint-Laurent,AGRICOLE,,2022,1.0,6.123233995736766e-17,200929
Bas-Saint-Laurent,INDUSTRIEL,,2022,1.0,6.123233995736766e-17,200929
Bas-Saint-Laurent,RÉSIDENTIEL,,2022,1.0,6.123233995736766e-17,200929
Bas-Saint-Laurent,AGRICOLE,,2022,0.8660254037844387,-0.4999999999999998,200929
Bas-Saint-Laurent,COMMERCIAL,,2022,0.8660254037844387,-0.4999999999999998,200929
Bas-Saint-Laurent,RÉSIDENTIEL,,2022,0.8660254037844387,-0.4999999999999998,200929
Bas-Saint-Laurent,RÉSIDENTIEL,,2022,0.49999999999999994,-0.8660254037844387,200929
Bas-Saint-Laurent,AGRICOLE,,2022,1.2246467991473532e-16,-1.0,200929
Bas-Saint-Laurent,COMMERCIAL,,2022,1.2246467991473532e-16,-1.0,200929
Bas-Saint-Laurent,INSTITUTIONNEL,,2022,1.2246467991473532e-16,-1.0,200929
Bas-Saint-Laurent,RÉSIDENTIEL,,2022,1.2246467991473532e-16,-1.0,200929
Bas-Saint-Laurent,AGRICOLE,,2022,-0.4999999999999997,-0.8660254037844388,200929
Bas-Saint-Laurent,COMMERCIAL,,2022,-0.4999999999999997,-0.8660254037844388,200929
Bas-Saint-Laurent,INDUSTRIEL,,2022,-0.4999999999999997,-0.8660254037844388,200929
Bas-Saint-Laurent,COMMERCIAL,,2022,-0.8660254037844385,-0.5000000000000004,200929
Bas-Saint-Laurent,INDUSTRIEL,,2022,-0.8660254037844385,-0.5000000000000004,200929
Bas-Saint-Laurent,AGRICOLE,,2022,-1.0,-1.8369701987210297e-16,200929
Bas-Saint-Laurent,COMMERCIAL,,2022,-1.0,-1.8369701987210297e-16,200929
Bas-Saint-Laurent,INSTITUTIONNEL,,2022,-1.0,-1.8369701987210297e-16,200929
Bas-Saint-Laurent,AGRICOLE,,2022,-0.8660254037844386,0.5000000000000001,200929
Bas-Saint-Laurent,COMMERCIAL,,2022,-0.8660254037844386,0.5000000000000001,200929
Bas-Saint-Laurent,RÉSIDENTIEL,,2022,-0.8660254037844386,0.5000000000000001,200929
Bas-Saint-Laurent,INSTITUTIONNEL,,2022,-2.4492935982947064e-16,1.0,200929
Bas-Saint-Laurent,AGRICOLE,,2023,0.49999999999999994,0.8660254037844387,202605
Bas-Saint-Laurent,INDUSTRIEL,,2023,0.49999999999999994,0.8660254037844387,202605
Bas-Saint-Laurent,INSTITUTIONNEL,,2023,0.49999999999999994,0.8660254037844387,202605
Bas-Saint-Laurent,RÉSIDENTIEL,,2023,0.49999999999999994,0.8660254037844387,202605
Bas-Saint-Laurent,RÉSIDENTIEL,,2023,0.8660254037844386,0.5000000000000001,202605
Bas-Saint-Laurent,INDUSTRIEL,,2023,1.0,6.123233995736766e-17,202605
Bas-Saint-Laurent,COMMERCIAL,,2023,0.8660254037844387,-0.4999999999999998,202605
Bas-Saint-Laurent,INDUSTRIEL,,2023,0.8660254037844387,-0.4999999999999998,202605
Bas-Saint-Laurent,INSTITUTIONNEL,,2023,0.8660254037844387,-0.4999999999999998,202605
Bas-Saint-Laurent,RÉSIDENTIEL,,2023,0.8660254037844387,-0.4999999999999998,202605
Bas-Saint-Laurent,COMMERCIAL,,2023,0.49999999999999994,-0.8660254037844387,202605
Bas-Saint-Laurent,AGRICOLE,,2023,1.2246467991473532e-16,-1.0,202605
Bas-Saint-Laurent,INDUSTRIEL,,2023,1.2246467991473532e-16,-1.0,202605
Bas-Saint-Laurent,COMMERCIAL,,2023,-0.4999999999999997,-0.8660254037844388,202605
Bas-Saint-Laurent,INDUSTRIEL,,2023,-0.4999999999999997,-0.8660254037844388,202605
Bas-Saint-Laurent,INDUSTRIEL,,2023,-0.8660254037844385,-0.5000000000000004,202605
Bas-Saint-Laurent,RÉSIDENTIEL,,2023,-0.8660254037844385,-0.5000000000000004,202605
Bas-Saint-Laurent,COMMERCIAL,,2023,-1.0,-1.8369701987210297e-16,202605
Bas-Saint-Laurent,INSTITUTIONNEL,,2023,-1.0,-1.8369701987210297e-16,202605
Bas-Saint-Laurent,INSTITUTIONNEL,,2023,-0.8660254037844386,0.5000000000000001,202605
Bas-Saint-Laurent,RÉSIDENTIEL,,2023,-0.8660254037844386,0.5000000000000001,202605
Bas-Saint-Laurent,COMMERCIAL,,2023,-2.4492935982947064e-16,1.0,202605
Bas-Saint-Laurent,RÉSIDENTIEL,,2023,-2.4492935982947064e-16,1.0,202605
Capitale-Nationale,COMMERCIAL,318856047.9,2016,0.49999999999999994,0.8660254037844387,734543
Capitale-Nationale,INSTITUTIONNEL,83382694.5,2016,1.0,6.123233995736766e-17,734543
Capitale-Nationale,RÉSIDENTIEL,677762074.0,2016,1.0,6.123233995736766e-17,734543
Capitale-Nationale,AGRICOLE,6324310.0,2016,0.8660254037844387,-0.4999999999999998,734543
Capitale-Nationale,RÉSIDENTIEL,543066386.0,2016,0.8660254037844387,-0.4999999999999998,734543
Capitale-Nationale,RÉSIDENTIEL,368431685.0,2016,0.49999999999999994,-0.8660254037844387,734543
Capitale-Nationale,AGRICOLE,4883937.0,2016,-0.4999999999999997,-0.8660254037844388,734543
Capitale-Nationale,INSTITUTIONNEL,60139945.9,2016,-0.4999999999999997,-0.8660254037844388,734543
Capitale-Nationale,RÉSIDENTIEL,306609746.0,2016,-0.4999999999999997,-0.8660254037844388,734543
Capitale-Nationale,AGRICOLE,5063569.0,2016,-0.8660254037844385,-0.5000000000000004,734543
Capitale-Nationale,COMMERCIAL,249870373.0,2016,-0.8660254037844385,-0.5000000000000004,734543
Capitale-Nationale,INDUSTRIEL,514957901.0,2016,-0.8660254037844385,-0.5000000000000004,734543
Capitale-Nationale,COMMERCIAL,230458015.6,2016,-1.0,-1.8369701987210297e-16,734543
Capitale-Nationale,INDUSTRIEL,499198255.4,2016,-1.0,-1.8369701987210297e-16,734543
Capitale-Nationale,AGRICOLE,7138975.0,2016,-0.5000000000000004,0.8660254037844384,734543
Capitale-Nationale,COMMERCIAL,260270123.8,2016,-0.5000000000000004,0.8660254037844384,734543
Capitale-Nationale,INSTITUTIONNEL,75276556.9,2016,-0.5000000000000004,0.8660254037844384,734543
Capitale-Nationale,INDUSTRIEL,484679245.7,2017,0.8660254037844386,0.5000000000000001,739593
Capitale-Nationale,INSTITUTIONNEL,80581812.8,2017,0.8660254037844386,0.5000000000000001,739593
Capitale-Nationale,COMMERCIAL,312930609.7,2017,1.0,6.123233995736766e-17,739593
Capitale-Nationale,INSTITUTIONNEL,87264609.5,2017,1.0,6.123233995736766e-17,739593
Capitale-Nationale,COMMERCIAL,249700414.8,2017,0.8660254037844387,-0.4999999999999998,739593
Capitale-Nationale,INDUSTRIEL,508667070.9,2017,0.8660254037844387,-0.4999999999999998,739593
Capitale-Nationale,INSTITUTIONNEL,71695937.3,2017,0.8660254037844387,-0.4999999999999998,739593
Capitale-Nationale,COMMERCIAL,239901753.3,2017,0.49999999999999994,-0.8660254037844387,739593
Capitale-Nationale,COMMERCIAL,236853526.5,2017,1.2246467991473532e-16,-1.0,739593
Capitale-Nationale,COMMERCIAL,230655290.5,2017,-1.0,-1.8369701987210297e-16,739593
Capitale-Nationale,RÉSIDENTIEL,291477489.0,2017,-1.0,-1.8369701987210297e-16,739593
Capitale-Nationale,INSTITUTIONNEL,68164389.0,2017,-0.8660254037844386,0.5000000000000001,739593
Capitale-Nationale,RÉSIDENTIEL,897656453.0,2017,-2.4492935982947064e-16,1.0,739593
Capitale-Nationale,COMMERCIAL,347835240.3,2018,0.49999999999999994,0.8660254037844387,745809
Capitale-Nationale,RÉSIDENTIEL,947903429.0,2018,0.49999999999999994,0.8660254037844387,745809
Capitale-Nationale,RÉSIDENTIEL,727595619.0,2018,0.8660254037844386,0.5000000000000001,745809
Capitale-Nationale,AGRICOLE,7730844.0,2018,1.0,6.123233995736766e-17,745809
Capitale-Nationale,COMMERCIAL,289874087.5,2018,1.0,6.123233995736766e-17,745809
Capitale-Nationale,RÉSIDENTIEL,666072492.0,2018,1.0,6.123233995736766e-17,745809
Capitale-Nationale,RÉSIDENTIEL,561438902.0,2018,0.8660254037844387,-0.4999999999999998,745809
Capitale-Nationale,COMMERCIAL,240366776.9,2018,0.49999999999999994,-0.8660254037844387,745809
Capitale-Nationale,INDUSTRIEL,534127341.0055914,2018,1.2246467991473532e-16,-1.0,745809
Capitale-Nationale,INSTITUTIONNEL,59187178.1,2018,1.2246467991473532e-16,-1.0,745809
Capitale-Nationale,RÉSIDENTIEL,316540582.0,2018,1.2246467991473532e-16,-1.0,745809
Capitale-Nationale,COMMERCIAL,260028352.2,2018,-0.4999999999999997,-0.8660254037844388,745809
Capitale-Nationale,RÉSIDENTIEL,320093921.0,2018,-0.4999999999999997,-0.8660254037844388,745809
Capitale-Nationale,AGRICOLE,5069823.0,2018,-0.8660254037844385,-0.5000000000000004,745809
Capitale-Nationale,INDUSTRIEL,538476861.43957,2018,-1.0,-1.8369701987210297e-16,745809
Capitale-Nationale,AGRICOLE,6089403.0,2018,-0.8660254037844386,0.5000000000000001,745809
Capitale-Nationale,COMMERCIAL,260660978.9,2018,-0.8660254037844386,0.5000000000000001,745809
Capitale-Nationale,INDUSTRIEL,551219879.3346236,2018,-0.8660254037844386,0.5000000000000001,745809
Capitale-Nationale,COMMERCIAL,295135443.6,2018,-0.5000000000000004,0.8660254037844384,745809
Capitale-Nationale,INDUSTRIEL,550554940.032043,2018,-0.5000000000000004,0.8660254037844384,745809
Capitale-Nationale,INSTITUTIONNEL,82858042.2,2018,-0.5000000000000004,0.8660254037844384,745809
Capitale-Nationale,RÉSIDENTIEL,674671715.0,2018,-0.5000000000000004,0.8660254037844384,745809
Capitale-Nationale,AGRICOLE,8935783.0,2018,-2.4492935982947064e-16,1.0,745809
Capitale-Nationale,COMMERCIAL,354394735.1,2019,0.49999999999999994,0.8660254037844387,753293
Capitale-Nationale,INSTITUTIONNEL,95500481.1,2019,0.49999999999999994,0.8660254037844387,753293
Capitale-Nationale,RÉSIDENTIEL,953362085.0,2019,0.49999999999999994,0.8660254037844387,753293
Capitale-Nationale,INSTITUTIONNEL,85390959.1,2019,0.8660254037844386,0.5000000000000001,753293
Capitale-Nationale,RÉSIDENTIEL,813487682.0,2019,0.8660254037844386,0.5000000000000001,753293
Capitale-Nationale,RÉSIDENTIEL,733970190.0,2019,1.0,6.123233995736766e-17,753293
Capitale-Nationale,COMMERCIAL,260024150.7,2019,0.8660254037844387,-0.4999999999999998,753293
Capitale-Nationale,INSTITUTIONNEL,76946888.7,2019,0.8660254037844387,-0.4999999999999998,753293
Capitale-Nationale,COMMERCIAL,241638195.6,2019,0.49999999999999994,-0.8660254037844387,753293
Capitale-Nationale,RÉSIDENTIEL,399517912.0,2019,0.49999999999999994,-0.8660254037844387,753293
Capitale-Nationale,COMMERCIAL,231020319.1,2019,1.2246467991473532e-16,-1.0,753293
Capitale-Nationale,AGRICOLE,4957922.0,2019,-0.4999999999999997,-0.8660254037844388,753293
Capitale-Nationale,RÉSIDENTIEL,315342756.0,2019,-0.8660254037844385,-0.5000000000000004,753293
Capitale-Nationale,AGRICOLE,4875940.0,2019,-1.0,-1.8369701987210297e-16,753293
Capitale-Nationale,RÉSIDENTIEL,310210651.0,2019,-1.0,-1.8369701987210297e-16,753293
Capitale-Nationale,AGRICOLE,6613713.0,2019,-0.8660254037844386,0.5000000000000001,753293
Capitale-Nationale,COMMERCIAL,245649188.6,2019,-0.8660254037844386,0.5000000000000001,753293
Capitale-Nationale,INDUSTRIEL,521841491.0476537,2019,-0.8660254037844386,0.5000000000000001,753293
Capitale-Nationale,RÉSIDENTIEL,416726509.0,2019,-0.8660254037844386,0.5000000000000001,753293
Capitale-Nationale,AGRICOLE,7873081.0,2019,-0.5000000000000004,0.8660254037844384,753293
Capitale-Nationale,COMMERCIAL,289701768.2,2019,-0.5000000000000004,0.8660254037844384,753293
Capitale-Nationale,INSTITUTIONNEL,79945357.6,2019,-0.5000000000000004,0.8660254037844384,753293
Capitale-Nationale,AGRICOLE,8909567.0,2019,-2.4492935982947064e-16,1.0,753293
Capitale-Nationale,INSTITUTIONNEL,88345463.0,2019,-2.4492935982947064e-16,1.0,753293
Capitale-Nationale,AGRICOLE,9051866.0,2020,0.49999999999999994,0.8660254037844387,759259
Capitale-Nationale,INSTITUTIONNEL,85213299.7,2020,0.8660254037844386,0.5000000000000001,759259
Capitale-Nationale,RÉSIDENTIEL,785716801.0,2020,0.8660254037844386,0.5000000000000001,759259
Capitale-Nationale,INSTITUTIONNEL,81888475.5,2020,1.0,6.123233995736766e-17,759259
Capitale-Nationale,RÉSIDENTIEL,703974091.0,2020,1.0,6.123233995736766e-17,759259
Capitale-Nationale,AGRICOLE,6983323.0,2020,0.8660254037844387,-0.4999999999999998,759259
Capitale-Nationale,RÉSIDENTIEL,419491556.0,2020,0.49999999999999994,-0.8660254037844387,759259
Capitale-Nationale,AGRICOLE,4588278.0,2020,1.2246467991473532e-16,-1.0,759259
Capitale-Nationale,COMMERCIAL,217208230.7,2020,1.2246467991473532e-16,-1.0,759259
Capitale-Nationale,RÉSIDENTIEL,338474190.0,2020,1.2246467991473532e-16,-1.0,759259
Capitale-Nationale,AGRICOLE,5181507.0,2020,-0.4999999999999997,-0.8660254037844388,759259
Capitale-Nationale,COMMERCIAL,244341127.5,2020,-0.4999999999999997,-0.8660254037844388,759259
Capitale-Nationale,INDUSTRIEL,525801127.5505376,2020,-0.4999999999999997,-0.8660254037844388,759259
Capitale-Nationale,INSTITUTIONNEL,57321589.1,2020,-0.4999999999999997,-0.8660254037844388,759259
Capitale-Nationale,AGRICOLE,5006213.0,2020,-0.8660254037844385,-0.5000000000000004,759259
Capitale-Nationale,RÉSIDENTIEL,327518725.0,2020,-1.0,-1.8369701987210297e-16,759259
Capitale-Nationale,AGRICOLE,7071178.0,2020,-0.8660254037844386,0.5000000000000001,759259
Capitale-Nationale,COMMERCIAL,236525196.5,2020,-0.8660254037844386,0.5000000000000001,759259
Capitale-Nationale,AGRICOLE,7512745.0,2020,-0.5000000000000004,0.8660254037844384,759259
Capitale-Nationale,COMMERCIAL,258644277.4,2020,-0.5000000000000004,0.8660254037844384,759259
Capitale-Nationale,INDUSTRIEL,532081583.59569895,2020,-0.5000000000000004,0.8660254037844384,759259
Capitale-Nationale,INSTITUTIONNEL,75261951.0,2020,-0.5000000000000004,0.8660254037844384,759259
Capitale-Nationale,RÉSIDENTIEL,593281386.0,2020,-0.5000000000000004,0.8660254037844384,759259
Capitale-Nationale,INDUSTRIEL,529551848.56559134,2020,-2.4492935982947064e-16,1.0,759259
Capitale-Nationale,RÉSIDENTIEL,785001834.0,2020,-2.4492935982947064e-16,1.0,759259
Capitale-Nationale,AGRICOLE,8025348.0,2021,0.49999999999999994,0.8660254037844387,762707
Capitale-Nationale,INDUSTRIEL,547557334.2322581,2021,0.49999999999999994,0.8660254037844387,762707
Capitale-Nationale,RÉSIDENTIEL,848493698.0,2021,0.49999999999999994,0.8660254037844387,762707
Capitale-Nationale,COMMERCIAL,286509452.20000005,2021,0.8660254037844386,0.5000000000000001,762707
Capitale-Nationale,INDUSTRIEL,504357184.5854839,2021,0.8660254037844386,0.5000000000000001,762707
Capitale-Nationale,COMMERCIAL,292100250.2,2021,1.0,6.123233995736766e-17,762707
Capitale-Nationale,INSTITUTIONNEL,66784579.7,2021,0.8660254037844387,-0.4999999999999998,762707
Capitale-Nationale,RÉSIDENTIEL,479738402.0,2021,0.8660254037844387,-0.4999999999999998,762707
Capitale-Nationale,INSTITUTIONNEL,61528782.9,2021,0.49999999999999994,-0.8660254037844387,762707
Capitale-Nationale,INDUSTRIEL,530100331.6668817,2021,1.2246467991473532e-16,-1.0,762707
Capitale-Nationale,AGRICOLE,5039367.0,2021,-0.4999999999999997,-0.8660254037844388,762707
Capitale-Nationale,INSTITUTIONNEL,58842434.1,2021,-0.4999999999999997,-0.8660254037844388,762707
Capitale-Nationale,COMMERCIAL,256852971.53157896,2021,-0.8660254037844385,-0.5000000000000004,762707
Capitale-Nationale,INSTITUTIONNEL,62155790.1,2021,-0.8660254037844385,-0.5000000000000004,762707
Capitale-Nationale,RÉSIDENTIEL,351398607.0,2021,-0.8660254037844385,-0.5000000000000004,762707
Capitale-Nationale,COMMERCIAL,228971501.56842107,2021,-1.0,-1.8369701987210297e-16,762707
Capitale-Nationale,RÉSIDENTIEL,310247326.0,2021,-1.0,-1.8369701987210297e-16,762707
Capitale-Nationale,AGRICOLE,6327618.0,2021,-0.8660254037844386,0.5000000000000001,762707
Capitale-Nationale,INSTITUTIONNEL,65451476.00000001,2021,-0.8660254037844386,0.5000000000000001,762707
Capitale-Nationale,COMMERCIAL,270735132.3,2021,-0.5000000000000004,0.8660254037844384,762707
Capitale-Nationale,AGRICOLE,8648656.0,2021,-2.4492935982947064e-16,1.0,762707
Capitale-Nationale,RÉSIDENTIEL,852290119.0,2021,-2.4492935982947064e-16,1.0,762707
Capitale-Nationale,COMMERCIAL,358722254.9714286,2022,0.49999999999999994,0.8660254037844387,774804
Capitale-Nationale,INSTITUTIONNEL,93602185.2,2022,0.49999999999999994,0.8660254037844387,774804
Capitale-Nationale,RÉSIDENTIEL,1046640607.0,2022,0.49999999999999994,0.8660254037844387,774804
Capitale-Nationale,COMMERCIAL,312397642.8,2022,0.8660254037844386,0.5000000000000001,774804
Capitale-Nationale,COMMERCIAL,254249501.0,2022,0.8660254037844387,-0.4999999999999998,774804
Capitale-Nationale,INSTITUTIONNEL,72061139.19999999,2022,0.8660254037844387,-0.4999999999999998,774804
Capitale-Nationale,RÉSIDENTIEL,540960840.0,2022,0.8660254037844387,-0.4999999999999998,774804
Capitale-Nationale,COMMERCIAL,239321514.9,2022,0.49999999999999994,-0.8660254037844387,774804
Capitale-Nationale,INSTITUTIONNEL,62859243.10000001,2022,0.49999999999999994,-0.8660254037844387,774804
Capitale-Nationale,AGRICOLE,5011820.0,2022,1.2246467991473532e-16,-1.0,774804
Capitale-Nationale,AGRICOLE,5481094.0,2022,-0.8660254037844385,-0.5000000000000004,774804
Capitale-Nationale,COMMERCIAL,233760285.5,2022,-1.0,-1.8369701987210297e-16,774804
Capitale-Nationale,RÉSIDENTIEL,328273893.0,2022,-1.0,-1.8369701987210297e-16,774804
Capitale-Nationale,RÉSIDENTIEL,396636201.0,2022,-0.8660254037844386,0.5000000000000001,774804
Capitale-Nationale,INDUSTRIEL,548382189.8956989,2022,-0.5000000000000004,0.8660254037844384,774804
Capitale-Nationale,AGRICOLE,8133578.0,2022,-2.4492935982947064e-16,1.0,774804
Capitale-Nationale,INSTITUTIONNEL,84461356.4,2022,-2.4492935982947064e-16,1.0,774804
Capitale-Nationale,INSTITUTIONNEL,88534053.7,2023,0.49999999999999994,0.8660254037844387,793001
Capitale-Nationale,RÉSIDENTIEL,854269145.0,2023,0.49999999999999994,0.8660254037844387,793001
Capitale-Nationale,AGRICOLE,8157233.0,2023,0.8660254037844386,0.5000000000000001,793001
Capitale-Nationale,INSTITUTIONNEL,84286699.8,2023,0.8660254037844386,0.5000000000000001,793001
Capitale-Nationale,RÉSIDENTIEL,833045297.0,2023,0.8660254037844386,0.5000000000000001,793001
Capitale-Nationale,INDUSTRIEL,561323552.8387096,2023,1.0,6.123233995736766e-17,793001
Capitale-Nationale,RÉSIDENTIEL,693107537.0,2023,1.0,6.123233995736766e-17,793001
Capitale-Nationale,INDUSTRIEL,503662484.3079569,2023,0.8660254037844387,-0.4999999999999998,793001
Capitale-Nationale,COMMERCIAL,243309172.2,2023,0.49999999999999994,-0.8660254037844387,793001
Capitale-Nationale,INDUSTRIEL,538638037.7952688,2023,0.49999999999999994,-0.8660254037844387,793001
Capitale-Nationale,INSTITUTIONNEL,57852409.5,2023,1.2246467991473532e-16,-1.0,793001
Capitale-Nationale,RÉSIDENTIEL,344530986.0,2023,1.2246467991473532e-16,-1.0,793001
Capitale-Nationale,INDUSTRIEL,523922152.62903225,2023,-0.4999999999999997,-0.8660254037844388,793001
Capitale-Nationale,AGRICOLE,5418682.0,2023,-0.8660254037844385,-0.5000000000000004,793001
Capitale-Nationale,INDUSTRIEL,530048526.3129033,2023,-0.8660254037844385,-0.5000000000000004,793001
Capitale-Nationale,COMMERCIAL,242665028.5,2023,-1.0,-1.8369701987210297e-16,793001
Capitale-Nationale,AGRICOLE,6394689.0,2023,-0.8660254037844386,0.5000000000000001,793001
Capitale-Nationale,INDUSTRIEL,532950552.3328602,2023,-0.8660254037844386,0.5000000000000001,793001
Capitale-Nationale,INDUSTRIEL,527111255.3471398,2023,-0.5000000000000004,0.8660254037844384,793001
Capitale-Nationale,INSTITUTIONNEL,83958051.60000001,2023,-2.4492935982947064e-16,1.0,793001
Centre-du-Québec,INDUSTRIEL,726814056.7602948,2016,0.49999999999999994,0.8660254037844387,242995
Centre-du-Québec,INSTITUTIONNEL,22079103.165072303,2016,0.8660254037844386,0.5000000000000001,242995
Centre-du-Québec,RÉSIDENTIEL,227974949.0,2016,0.8660254037844386,0.5000000000000001,242995
Centre-du-Québec,AGRICOLE,25214743.0,2016,1.0,6.123233995736766e-17,242995
Centre-du-Québec,COMMERCIAL,68299010.4275862,2016,1.0,6.123233995736766e-17,242995
Centre-du-Québec,INSTITUTIONNEL,22044447.24137931,2016,1.0,6.123233995736766e-17,242995
Centre-du-Québec,AGRICOLE,21818342.0,2016,0.8660254037844387,-0.4999999999999998,242995
Centre-du-Québec,INDUSTRIEL,697079464.8349999,2016,0.8660254037844387,-0.4999999999999998,242995
Centre-du-Québec,AGRICOLE,19938735.0,2016,0.49999999999999994,-0.8660254037844387,242995
Centre-du-Québec,INDUSTRIEL,679746267.320983,2016,1.2246467991473532e-16,-1.0,242995
Centre-du-Québec,COMMERCIAL,58355050.57333334,2016,-0.4999999999999997,-0.8660254037844388,242995
Centre-du-Québec,INDUSTRIEL,708499320.026298,2016,-0.4999999999999997,-0.8660254037844388,242995
Centre-du-Québec,RÉSIDENTIEL,103293983.0,2016,-0.4999999999999997,-0.8660254037844388,242995
Centre-du-Québec,AGRICOLE,21343895.0,2016,-0.8660254037844385,-0.5000000000000004,242995
Centre-du-Québec,INDUSTRIEL,708207301.8763133,2016,-0.8660254037844385,-0.5000000000000004,242995
Centre-du-Québec,INDUSTRIEL,710290558.4610447,2016,-0.8660254037844386,0.5000000000000001,242995
Centre-du-Québec,RÉSIDENTIEL,129761065.0,2016,-0.8660254037844386,0.5000000000000001,242995
Centre-du-Québec,AGRICOLE,23294677.0,2016,-0.5000000000000004,0.8660254037844384,242995
Centre-du-Québec,INDUSTRIEL,692667467.1941935,2016,-0.5000000000000004,0.8660254037844384,242995
Centre-du-Québec,RÉSIDENTIEL,162629096.0,2016,-0.5000000000000004,0.8660254037844384,242995
Centre-du-Québec,AGRICOLE,26784035.0,2016,-2.4492935982947064e-16,1.0,242995
Centre-du-Québec,INSTITUTIONNEL,23612750.193548385,2016,-2.4492935982947064e-16,1.0,242995
Centre-du-Québec,RÉSIDENTIEL,244026422.0,2016,-2.4492935982947064e-16,1.0,242995
Centre-du-Québec,AGRICOLE,27104729.0,2017,0.49999999999999994,0.8660254037844387,244625
Centre-du-Québec,INSTITUTIONNEL,24060270.34516129,2017,0.49999999999999994,0.8660254037844387,244625
Centre-du-Québec,RÉSIDENTIEL,247205427.0,2017,0.49999999999999994,0.8660254037844387,244625
Centre-du-Québec,AGRICOLE,24559871.0,2017,0.8660254037844386,0.5000000000000001,244625
Centre-du-Québec,INSTITUTIONNEL,21908235.625576034,2017,0.8660254037844386,0.5000000000000001,244625
Centre-du-Québec,RÉSIDENTIEL,216476065.0,2017,0.8660254037844386,0.5000000000000001,244625
Centre-du-Québec,COMMERCIAL,75255919.5,2017,1.0,6.123233995736766e-17,244625
Centre-du-Québec,INDUSTRIEL,701416855.6151419,2017,0.8660254037844387,-0.4999999999999998,244625
Centre-du-Québec,INDUSTRIEL,697406465.2635331,2017,1.2246467991473532e-16,-1.0,244625
Centre-du-Québec,INSTITUTIONNEL,15438570.40967742,2017,1.2246467991473532e-16,-1.0,244625
Centre-du-Québec,AGRICOLE,20929097.0,2017,-0.4999999999999997,-0.8660254037844388,244625
Centre-du-Québec,COMMERCIAL,59573066.9,2017,-0.4999999999999997,-0.8660254037844388,244625
Centre-du-Québec,INDUSTRIEL,723566566.8414438,2017,-0.4999999999999997,-0.8660254037844388,244625
Centre-du-Québec,INSTITUTIONNEL,15288037.238709675,2017,-0.4999999999999997,-0.8660254037844388,244625
Centre-du-Québec,AGRICOLE,20929056.0,2017,-0.8660254037844385,-0.5000000000000004,244625
Centre-du-Québec,RÉSIDENTIEL,103768926.0,2017,-0.8660254037844385,-0.5000000000000004,244625
Centre-du-Québec,AGRICOLE,20002302.0,2017,-1.0,-1.8369701987210297e-16,244625
Centre-du-Québec,INDUSTRIEL,696851912.0087864,2017,-1.0,-1.8369701987210297e-16,244625
Centre-du-Québec,RÉSIDENTIEL,98207515.0,2017,-1.0,-1.8369701987210297e-16,244625
Centre-du-Québec,INDUSTRIEL,696315277.7137021,2017,-0.8660254037844386,0.5000000000000001,244625
Centre-du-Québec,INDUSTRIEL,670772347.3537229,2017,-0.5000000000000004,0.8660254037844384,244625
Centre-du-Québec,COMMERCIAL,82701285.5,2017,-2.4492935982947064e-16,1.0,244625
Centre-du-Québec,INDUSTRIEL,489800158.46718895,2018,0.49999999999999994,0.8660254037844387,246007
Centre-du-Québec,INSTITUTIONNEL,21962503.973041475,2018,0.8660254037844386,0.5000000000000001,246007
Centre-du-Québec,AGRICOLE,26053654.0,2018,1.0,6.123233995736766e-17,246007
Centre-du-Québec,COMMERCIAL,74450607.1,2018,1.0,6.123233995736766e-17,246007
Centre-du-Québec,INSTITUTIONNEL,22425701.37857143,2018,1.0,6.123233995736766e-17,246007
Centre-du-Québec,INSTITUTIONNEL,19892169.116666667,2018,0.8660254037844387,-0.4999999999999998,246007
Centre-du-Québec,RÉSIDENTIEL,179342889.0,2018,0.8660254037844387,-0.4999999999999998,246007
Centre-du-Québec,AGRICOLE,20471421.0,2018,0.49999999999999994,-0.8660254037844387,246007
Centre-du-Québec,INDUSTRIEL,355252366.3371109,2018,0.49999999999999994,-0.8660254037844387,246007
Centre-du-Québec,INSTITUTIONNEL,17112159.425268818,2018,0.49999999999999994,-0.8660254037844387,246007
Centre-du-Québec,INDUSTRIEL,341944872.34088707,2018,1.2246467991473532e-16,-1.0,246007
Centre-du-Québec,INSTITUTIONNEL,15760935.508064516,2018,1.2246467991473532e-16,-1.0,246007
Centre-du-Québec,RÉSIDENTIEL,111489751.0,2018,-0.4999999999999997,-0.8660254037844388,246007
Centre-du-Québec,COMMERCIAL,68177640.1,2018,-0.8660254037844385,-0.5000000000000004,246007
Centre-du-Québec,RÉSIDENTIEL,110268964.0,2018,-0.8660254037844385,-0.5000000000000004,246007
Centre-du-Québec,COMMERCIAL,61885738.0,2018,-1.0,-1.8369701987210297e-16,246007
Centre-du-Québec,INSTITUTIONNEL,16978673.65483871,2018,-1.0,-1.8369701987210297e-16,246007
Centre-du-Québec,RÉSIDENTIEL,101844238.0,2018,-1.0,-1.8369701987210297e-16,246007
Centre-du-Québec,INSTITUTIONNEL,20079674.667741936,2018,-0.8660254037844386,0.5000000000000001,246007
Centre-du-Québec,INSTITUTIONNEL,21902133.132258065,2018,-0.5000000000000004,0.8660254037844384,246007
Centre-du-Québec,COMMERCIAL,82987599.7,2018,-2.4492935982947064e-16,1.0,246007
Centre-du-Québec,INDUSTRIEL,323574196.7020055,2018,-2.4492935982947064e-16,1.0,246007
Centre-du-Québec,INSTITUTIONNEL,23813678.112903222,2018,-2.4492935982947064e-16,1.0,246007
Centre-du-Québec,RÉSIDENTIEL,258603998.0,2018,-2.4492935982947064e-16,1.0,246007
Centre-du-Québec,AGRICOLE,28539348.0,2019,0.49999999999999994,0.8660254037844387,247413
Centre-du-Québec,RÉSIDENTIEL,295919123.0,2019,0.49999999999999994,0.8660254037844387,247413
Centre-du-Québec,AGRICOLE,25499011.0,2019,0.8660254037844386,0.5000000000000001,247413
Centre-du-Québec,COMMERCIAL,80433612.7,2019,0.8660254037844386,0.5000000000000001,247413
Centre-du-Québec,RÉSIDENTIEL,253895040.0,2019,0.8660254037844386,0.5000000000000001,247413
Centre-du-Québec,INSTITUTIONNEL,23267426.25,2019,1.0,6.123233995736766e-17,247413
Centre-du-Québec,COMMERCIAL,68495898.0,2019,0.8660254037844387,-0.4999999999999998,247413
Centre-du-Québec,INDUSTRIEL,268337535.6908121,2019,0.8660254037844387,-0.4999999999999998,247413
Centre-du-Québec,COMMERCIAL,64553358.5,2019,0.49999999999999994,-0.8660254037844387,247413
Centre-du-Québec,INDUSTRIEL,270497209.7027117,2019,0.49999999999999994,-0.8660254037844387,247413
Centre-du-Québec,INSTITUTIONNEL,17629953.46666667,2019,0.49999999999999994,-0.8660254037844387,247413
Centre-du-Québec,RÉSIDENTIEL,105980629.0,2019,1.2246467991473532e-16,-1.0,247413
Centre-du-Québec,COMMERCIAL,67587873.5,2019,-0.4999999999999997,-0.8660254037844388,247413
Centre-du-Québec,AGRICOLE,22061936.0,2019,-0.8660254037844385,-0.5000000000000004,247413
Centre-du-Québec,INDUSTRIEL,241496432.35930103,2019,-1.0,-1.8369701987210297e-16,247413
Centre-du-Québec,INSTITUTIONNEL,18962964.482258063,2019,-0.8660254037844386,0.5000000000000001,247413
Centre-du-Québec,RÉSIDENTIEL,129936440.0,2019,-0.8660254037844386,0.5000000000000001,247413
Centre-du-Québec,INSTITUTIONNEL,21504318.767741937,2019,-0.5000000000000004,0.8660254037844384,247413
Centre-du-Québec,AGRICOLE,27981869.0,2019,-2.4492935982947064e-16,1.0,247413
Centre-du-Québec,INSTITUTIONNEL,24006007.42580645,2019,-2.4492935982947064e-16,1.0,247413
Centre-du-Québec,RÉSIDENTIEL,263348962.0,2020,0.49999999999999994,0.8660254037844387,249083
Centre-du-Québec,AGRICOLE,25892755.0,2020,0.8660254037844386,0.5000000000000001,249083
Centre-du-Québec,COMMERCIAL,80432222.0,2020,0.8660254037844386,0.5000000000000001,249083
Centre-du-Québec,INDUSTRIEL,612889202.8874713,2020,1.0,6.123233995736766e-17,249083
Centre-du-Québec,INSTITUTIONNEL,21847835.275862068,2020,1.0,6.123233995736766e-17,249083
Centre-du-Québec,COMMERCIAL,59919836.7,2020,0.8660254037844387,-0.4999999999999998,249083
Centre-du-Québec,RÉSIDENTIEL,178750648.0,2020,0.8660254037844387,-0.4999999999999998,249083
Centre-du-Québec,COMMERCIAL,66561817.400000006,2020,-0.4999999999999997,-0.8660254037844388,249083
Centre-du-Québec,INDUSTRIEL,673166449.6239631,2020,-0.4999999999999997,-0.8660254037844388,249083
Centre-du-Québec,RÉSIDENTIEL,120935367.0,2020,-0.4999999999999997,-0.8660254037844388,249083
Centre-du-Québec,COMMERCIAL,65226376.9,2020,-0.8660254037844385,-0.5000000000000004,249083
Centre-du-Québec,INDUSTRIEL,672263719.0337328,2020,-0.8660254037844385,-0.5000000000000004,249083
Centre-du-Québec,INSTITUTIONNEL,16217596.580645164,2020,-0.8660254037844385,-0.5000000000000004,249083
Centre-du-Québec,AGRICOLE,23167792.0,2020,-0.8660254037844386,0.5000000000000001,249083
Centre-du-Québec,COMMERCIAL,68392669.4,2020,-0.8660254037844386,0.5000000000000001,249083
Centre-du-Québec,RÉSIDENTIEL,242134617.0,2020,-2.4492935982947064e-16,1.0,249083
Centre-du-Québec,COMMERCIAL,84373804.2,2021,0.49999999999999994,0.8660254037844387,252084
Centre-du-Québec,INSTITUTIONNEL,23562147.864516128,2021,0.49999999999999994,0.8660254037844387,252084
Centre-du-Québec,RÉSIDENTIEL,266555724.0,2021,0.49999999999999994,0.8660254037844387,252084
Centre-du-Québec,COMMERCIAL,78722541.7,2021,0.8660254037844386,0.5000000000000001,252084
Centre-du-Québec,INSTITUTIONNEL,21890938.07834101,2021,0.8660254037844386,0.5000000000000001,252084
Centre-du-Québec,INSTITUTIONNEL,22389055.257142857,2021,1.0,6.123233995736766e-17,252084
Centre-du-Québec,AGRICOLE,22689971.0,2021,0.8660254037844387,-0.4999999999999998,252084
Centre-du-Québec,INDUSTRIEL,745285371.7980081,2021,0.49999999999999994,-0.8660254037844387,252084
Centre-du-Québec,RÉSIDENTIEL,114588777.0,2021,1.2246467991473532e-16,-1.0,252084
Centre-du-Québec,COMMERCIAL,65372518.6,2021,-0.4999999999999997,-0.8660254037844388,252084
Centre-du-Québec,INDUSTRIEL,745192709.594442,2021,-0.4999999999999997,-0.8660254037844388,252084
Centre-du-Québec,INSTITUTIONNEL,15426111.422580644,2021,-0.4999999999999997,-0.8660254037844388,252084
Centre-du-Québec,COMMERCIAL,73392271.9,2021,-0.8660254037844385,-0.5000000000000004,252084
Centre-du-Québec,INDUSTRIEL,755216053.9882643,2021,-0.8660254037844385,-0.5000000000000004,252084
Centre-du-Québec,INSTITUTIONNEL,16942518.003225807,2021,-0.8660254037844385,-0.5000000000000004,252084
Centre-du-Québec,AGRICOLE,21426726.0,2021,-1.0,-1.8369701987210297e-16,252084
Centre-du-Québec,INDUSTRIEL,737258655.2311034,2021,-1.0,-1.8369701987210297e-16,252084
Centre-du-Québec,RÉSIDENTIEL,103037123.0,2021,-1.0,-1.8369701987210297e-16,252084
Centre-du-Québec,INDUSTRIEL,741307165.0332898,2021,-0.8660254037844386,0.5000000000000001,252084
Centre-du-Québec,AGRICOLE,24882660.0,2021,-0.5000000000000004,0.8660254037844384,252084
Centre-du-Québec,RÉSIDENTIEL,185786357.0,2021,-0.5000000000000004,0.8660254037844384,252084
Centre-du-Québec,AGRICOLE,28243414.0,2021,-2.4492935982947064e-16,1.0,252084
Centre-du-Québec,COMMERCIAL,97540808.3,2022,0.49999999999999994,0.8660254037844387,255692
Centre-du-Québec,INDUSTRIEL,748153062.5050308,2022,0.49999999999999994,0.8660254037844387,255692
Centre-du-Québec,RÉSIDENTIEL,329974223.0,2022,0.49999999999999994,0.8660254037844387,255692
Centre-du-Québec,AGRICOLE,29419114.0,2022,1.0,6.123233995736766e-17,255692
Centre-du-Québec,RÉSIDENTIEL,236371053.0,2022,1.0,6.123233995736766e-17,255692
Centre-du-Québec,INSTITUTIONNEL,19958034.98333333,2022,0.8660254037844387,-0.4999999999999998,255692
Centre-du-Québec,AGRICOLE,22486589.0,2022,0.49999999999999994,-0.8660254037844387,255692
Centre-du-Québec,AGRICOLE,21913533.0,2022,1.2246467991473532e-16,-1.0,255692
Centre-du-Québec,AGRICOLE,24357969.0,2022,-0.4999999999999997,-0.8660254037844388,255692
Centre-du-Québec,COMMERCIAL,68823448.0,2022,-0.4999999999999997,-0.8660254037844388,255692
Centre-du-Québec,RÉSIDENTIEL,120179499.0,2022,-0.4999999999999997,-0.8660254037844388,255692
Centre-du-Québec,AGRICOLE,24558125.0,2022,-0.8660254037844385,-0.5000000000000004,255692
Centre-du-Québec,COMMERCIAL,70371520.6,2022,-0.8660254037844385,-0.5000000000000004,255692
Centre-du-Québec,INSTITUTIONNEL,17362892.461290322,2022,-0.8660254037844385,-0.5000000000000004,255692
Centre-du-Québec,AGRICOLE,21781474.0,2022,-1.0,-1.8369701987210297e-16,255692
Centre-du-Québec,INDUSTRIEL,722670056.6859703,2022,-1.0,-1.8369701987210297e-16,255692
Centre-du-Québec,RÉSIDENTIEL,110668513.0,2022,-1.0,-1.8369701987210297e-16,255692
Centre-du-Québec,INSTITUTIONNEL,18848216.730107527,2022,-0.8660254037844386,0.5000000000000001,255692
Centre-du-Québec,RÉSIDENTIEL,128977905.0,2022,-0.8660254037844386,0.5000000000000001,255692
Centre-du-Québec,INDUSTRIEL,752813776.0340016,2022,-2.4492935982947064e-16,1.0,255692
Centre-du-Québec,RÉSIDENTIEL,246682147.0,2022,-2.4492935982947064e-16,1.0,255692
Centre-du-Québec,AGRICOLE,28546114.0,2023,0.49999999999999994,0.8660254037844387,259846
Centre-du-Québec,AGRICOLE,27493544.0,2023,0.8660254037844386,0.5000000000000001,259846
Centre-du-Québec,INDUSTRIEL,686817014.9730493,2023,0.8660254037844386,0.5000000000000001,259846
Centre-du-Québec,AGRICOLE,29251010.0,2023,1.0,6.123233995736766e-17,259846
Centre-du-Québec,INSTITUTIONNEL,23346091.15714286,2023,1.0,6.123233995736766e-17,259846
Centre-du-Québec,AGRICOLE,25182114.0,2023,0.8660254037844387,-0.4999999999999998,259846
Centre-du-Québec,COMMERCIAL,69005152.9,2023,0.8660254037844387,-0.4999999999999998,259846
Centre-du-Québec,RÉSIDENTIEL,162756297.0,2023,0.8660254037844387,-0.4999999999999998,259846
Centre-du-Québec,AGRICOLE,22591825.0,2023,0.49999999999999994,-0.8660254037844387,259846
Centre-du-Québec,INDUSTRIEL,739180492.8112466,2023,0.49999999999999994,-0.8660254037844387,259846
Centre-du-Québec,INDUSTRIEL,744353503.4027393,2023,-0.4999999999999997,-0.8660254037844388,259846
Centre-du-Québec,AGRICOLE,24160419.0,2023,-0.8660254037844385,-0.5000000000000004,259846
Centre-du-Québec,COMMERCIAL,68154912.2,2023,-1.0,-1.8369701987210297e-16,259846
Centre-du-Québec,INDUSTRIEL,723909583.2812442,2023,-1.0,-1.8369701987210297e-16,259846
Centre-du-Québec,RÉSIDENTIEL,110727467.0,2023,-1.0,-1.8369701987210297e-16,259846
Centre-du-Québec,AGRICOLE,24880081.0,2023,-0.8660254037844386,0.5000000000000001,259846
Centre-du-Québec,INSTITUTIONNEL,18502345.929569893,2023,-0.8660254037844386,0.5000000000000001,259846
Centre-du-Québec,AGRICOLE,27378692.0,2023,-0.5000000000000004,0.8660254037844384,259846
Centre-du-Québec,INDUSTRIEL,711267543.7493318,2023,-0.5000000000000004,0.8660254037844384,259846
Centre-du-Québec,INSTITUTIONNEL,21436077.18709677,2023,-0.5000000000000004,0.8660254037844384,259846
Centre-du-Québec,INDUSTRIEL,774071394.5850078,2023,-2.4492935982947064e-16,1.0,259846
Centre-du-Québec,INSTITUTIONNEL,23401800.777419355,2023,-2.4492935982947064e-16,1.0,259846
Chaudière-Appalaches,COMMERCIAL,132703404.6,2016,0.49999999999999994,0.8660254037844387,422145
Chaudière-Appalaches,INSTITUTIONNEL,34435317.0,2016,0.8660254037844386,0.5000000000000001,422145
Chaudière-Appalaches,AGRICOLE,37250334.0,2016,1.0,6.123233995736766e-17,422145
Chaudière-Appalaches,INSTITUTIONNEL,33995651.0,2016,1.0,6.123233995736766e-17,422145
Chaudière-Appalaches,COMMERCIAL,105353197.6,2016,0.8660254037844387,-0.4999999999999998,422145
Chaudière-Appalaches,INDUSTRIEL,165626879.09883755,2016,0.8660254037844387,-0.4999999999999998,422145
Chaudière-Appalaches,RÉSIDENTIEL,299998793.0,2016,0.8660254037844387,-0.4999999999999998,422145
Chaudière-Appalaches,AGRICOLE,29826140.0,2016,0.49999999999999994,-0.8660254037844387,422145
Chaudière-Appalaches,COMMERCIAL,,2016,1.2246467991473532e-16,-1.0,422145
Chaudière-Appalaches,RÉSIDENTIEL,,2016,1.2246467991473532e-16,-1.0,422145
Chaudière-Appalaches,AGRICOLE,,2016,-0.4999999999999997,-0.8660254037844388,422145
Chaudière-Appalaches,COMMERCIAL,,2016,-0.4999999999999997,-0.8660254037844388,422145
Chaudière-Appalaches,RÉSIDENTIEL,,2016,-0.4999999999999997,-0.8660254037844388,422145
Chaudière-Appalaches,COMMERCIAL,,2016,-0.8660254037844385,-0.5000000000000004,422145
Chaudière-Appalaches,INDUSTRIEL,,2016,-0.8660254037844385,-0.5000000000000004,422145
Chaudière-Appalaches,AGRICOLE,,2016,-1.0,-1.8369701987210297e-16,422145
Chaudière-Appalaches,INSTITUTIONNEL,,2016,-1.0,-1.8369701987210297e-16,422145
Chaudière-Appalaches,INSTITUTIONNEL,27338209.0,2016,-0.8660254037844386,0.5000000000000001,422145
Chaudière-Appalaches,RÉSIDENTIEL,286934782.0,2016,-0.5000000000000004,0.8660254037844384,422145
Chaudière-Appalaches,AGRICOLE,33329538.0,2016,-2.4492935982947064e-16,1.0,422145
Chaudière-Appalaches,COMMERCIAL,128234308.0,2016,-2.4492935982947064e-16,1.0,422145
Chaudière-Appalaches,INSTITUTIONNEL,36291509.0,2016,-2.4492935982947064e-16,1.0,422145
Chaudière-Appalaches,COMMERCIAL,129460202.8,2017,0.49999999999999994,0.8660254037844387,423913
Chaudière-Appalaches,RÉSIDENTIEL,434727301.0,2017,0.49999999999999994,0.8660254037844387,423913
Chaudière-Appalaches,AGRICOLE,33111846.0,2017,0.8660254037844386,0.5000000000000001,423913
Chaudière-Appalaches,INDUSTRIEL,168088412.9906816,2017,0.8660254037844386,0.5000000000000001,423913
Chaudière-Appalaches,INSTITUTIONNEL,33782088.0,2017,0.8660254037844386,0.5000000000000001,423913
Chaudière-Appalaches,COMMERCIAL,127662782.8,2017,1.0,6.123233995736766e-17,423913
Chaudière-Appalaches,COMMERCIAL,99066272.2,2017,0.8660254037844387,-0.4999999999999998,423913
Chaudière-Appalaches,INDUSTRIEL,166875193.94095236,2017,0.8660254037844387,-0.4999999999999998,423913
Chaudière-Appalaches,COMMERCIAL,91020041.4,2017,1.2246467991473532e-16,-1.0,423913
Chaudière-Appalaches,RÉSIDENTIEL,179650724.0,2017,1.2246467991473532e-16,-1.0,423913
Chaudière-Appalaches,INDUSTRIEL,158354631.75352946,2017,-0.4999999999999997,-0.8660254037844388,423913
Chaudière-Appalaches,COMMERCIAL,95574436.0,2017,-0.8660254037844385,-0.5000000000000004,423913
Chaudière-Appalaches,RÉSIDENTIEL,179978800.0,2017,-0.8660254037844385,-0.5000000000000004,423913
Chaudière-Appalaches,AGRICOLE,27036699.0,2017,-0.8660254037844386,0.5000000000000001,423913
Chaudière-Appalaches,RÉSIDENTIEL,332827374.0,2017,-0.5000000000000004,0.8660254037844384,423913
Chaudière-Appalaches,INSTITUTIONNEL,38019829.0,2017,-2.4492935982947064e-16,1.0,423913
Chaudière-Appalaches,AGRICOLE,38736731.0,2018,0.49999999999999994,0.8660254037844387,425913
Chaudière-Appalaches,RÉSIDENTIEL,385638712.0,2018,0.8660254037844386,0.5000000000000001,425913
Chaudière-Appalaches,AGRICOLE,38753347.0,2018,1.0,6.123233995736766e-17,425913
Chaudière-Appalaches,COMMERCIAL,120808822.8,2018,1.0,6.123233995736766e-17,425913
Chaudière-Appalaches,INDUSTRIEL,180572710.99857143,2018,1.0,6.123233995736766e-17,425913
Chaudière-Appalaches,AGRICOLE,39157409.0,2018,0.8660254037844387,-0.4999999999999998,425913
Chaudière-Appalaches,INDUSTRIEL,139810599.9459664,2018,0.8660254037844387,-0.4999999999999998,425913
Chaudière-Appalaches,COMMERCIAL,96055942.2,2018,0.49999999999999994,-0.8660254037844387,425913
Chaudière-Appalaches,AGRICOLE,27446774.0,2018,1.2246467991473532e-16,-1.0,425913
Chaudière-Appalaches,INSTITUTIONNEL,21695726.0,2018,1.2246467991473532e-16,-1.0,425913
Chaudière-Appalaches,INDUSTRIEL,156618113.7092857,2018,-0.4999999999999997,-0.8660254037844388,425913
Chaudière-Appalaches,INSTITUTIONNEL,21314580.0,2018,-0.4999999999999997,-0.8660254037844388,425913
Chaudière-Appalaches,INSTITUTIONNEL,22861862.0,2018,-0.8660254037844385,-0.5000000000000004,425913
Chaudière-Appalaches,AGRICOLE,27153111.0,2018,-1.0,-1.8369701987210297e-16,425913
Chaudière-Appalaches,COMMERCIAL,91907596.2,2018,-1.0,-1.8369701987210297e-16,425913
Chaudière-Appalaches,INSTITUTIONNEL,33780331.0,2018,-0.5000000000000004,0.8660254037844384,425913
Chaudière-Appalaches,RÉSIDENTIEL,364804110.0,2018,-0.5000000000000004,0.8660254037844384,425913
Chaudière-Appalaches,RÉSIDENTIEL,450495651.0,2018,-2.4492935982947064e-16,1.0,425913
Chaudière-Appalaches,AGRICOLE,34549740.0,2019,0.8660254037844386,0.5000000000000001,427961
Chaudière-Appalaches,COMMERCIAL,128435587.0,2019,1.0,6.123233995736766e-17,427961
Chaudière-Appalaches,INSTITUTIONNEL,35741024.0,2019,1.0,6.123233995736766e-17,427961
Chaudière-Appalaches,COMMERCIAL,108436184.4,2019,0.8660254037844387,-0.4999999999999998,427961
Chaudière-Appalaches,INDUSTRIEL,170507298.11194038,2019,0.49999999999999994,-0.8660254037844387,427961
Chaudière-Appalaches,INSTITUTIONNEL,26014399.0,2019,0.49999999999999994,-0.8660254037844387,427961
Chaudière-Appalaches,COMMERCIAL,91470958.8,2019,1.2246467991473532e-16,-1.0,427961
Chaudière-Appalaches,COMMERCIAL,98098713.2,2019,-0.8660254037844385,-0.5000000000000004,427961
Chaudière-Appalaches,INDUSTRIEL,164130197.41,2019,-0.8660254037844385,-0.5000000000000004,427961
Chaudière-Appalaches,AGRICOLE,26641753.0,2019,-1.0,-1.8369701987210297e-16,427961
Chaudière-Appalaches,COMMERCIAL,91387504.2,2019,-1.0,-1.8369701987210297e-16,427961
Chaudière-Appalaches,INSTITUTIONNEL,24270888.0,2019,-1.0,-1.8369701987210297e-16,427961
Chaudière-Appalaches,RÉSIDENTIEL,180688849.0,2019,-1.0,-1.8369701987210297e-16,427961
Chaudière-Appalaches,COMMERCIAL,100104275.6,2019,-0.8660254037844386,0.5000000000000001,427961
Chaudière-Appalaches,AGRICOLE,31171563.0,2019,-0.5000000000000004,0.8660254037844384,427961
Chaudière-Appalaches,COMMERCIAL,133364285.2,2019,-2.4492935982947064e-16,1.0,427961
Chaudière-Appalaches,INSTITUTIONNEL,36247309.0,2019,-2.4492935982947064e-16,1.0,427961
Chaudière-Appalaches,AGRICOLE,36179245.0,2020,0.49999999999999994,0.8660254037844387,431474
Chaudière-Appalaches,INDUSTRIEL,182037953.2992857,2020,0.49999999999999994,0.8660254037844387,431474
Chaudière-Appalaches,INDUSTRIEL,175481602.45857143,2020,0.8660254037844386,0.5000000000000001,431474
Chaudière-Appalaches,INSTITUTIONNEL,34821696.0,2020,0.8660254037844386,0.5000000000000001,431474
Chaudière-Appalaches,INDUSTRIEL,175848876.65000004,2020,1.0,6.123233995736766e-17,431474
Chaudière-Appalaches,AGRICOLE,41473729.0,2020,0.8660254037844387,-0.4999999999999998,431474
Chaudière-Appalaches,COMMERCIAL,93502180.4,2020,0.8660254037844387,-0.4999999999999998,431474
Chaudière-Appalaches,INDUSTRIEL,138905159.40089285,2020,0.8660254037844387,-0.4999999999999998,431474
Chaudière-Appalaches,AGRICOLE,30531884.0,2020,0.49999999999999994,-0.8660254037844387,431474
Chaudière-Appalaches,RÉSIDENTIEL,244692787.0,2020,0.49999999999999994,-0.8660254037844387,431474
Chaudière-Appalaches,RÉSIDENTIEL,198277700.0,2020,-0.4999999999999997,-0.8660254037844388,431474
Chaudière-Appalaches,COMMERCIAL,95177913.8,2020,-0.8660254037844385,-0.5000000000000004,431474
Chaudière-Appalaches,INSTITUTIONNEL,21901554.0,2020,-0.8660254037844385,-0.5000000000000004,431474
Chaudière-Appalaches,COMMERCIAL,108099524.4,2020,-0.5000000000000004,0.8660254037844384,431474
Chaudière-Appalaches,AGRICOLE,34441115.0,2020,-2.4492935982947064e-16,1.0,431474
Chaudière-Appalaches,COMMERCIAL,124844433.2,2020,-2.4492935982947064e-16,1.0,431474
Chaudière-Appalaches,INDUSTRIEL,171526143.3150275,2020,-2.4492935982947064e-16,1.0,431474
Chaudière-Appalaches,RÉSIDENTIEL,424520458.0,2020,-2.4492935982947064e-16,1.0,431474
Chaudière-Appalaches,RÉSIDENTIEL,461219829.0,2021,0.49999999999999994,0.8660254037844387,436397
Chaudière-Appalaches,INDUSTRIEL,168759319.1864502,2021,0.8660254037844386,0.5000000000000001,436397
Chaudière-Appalaches,RÉSIDENTIEL,421936217.0,2021,0.8660254037844386,0.5000000000000001,436397
Chaudière-Appalaches,COMMERCIAL,124227322.3,2021,1.0,6.123233995736766e-17,436397
Chaudière-Appalaches,INSTITUTIONNEL,33279147.0,2021,1.0,6.123233995736766e-17,436397
Chaudière-Appalaches,RÉSIDENTIEL,396950280.0,2021,1.0,6.123233995736766e-17,436397
Chaudière-Appalaches,AGRICOLE,35498274.0,2021,0.8660254037844387,-0.4999999999999998,436397
Chaudière-Appalaches,INDUSTRIEL,154441522.68464288,2021,0.8660254037844387,-0.4999999999999998,436397
Chaudière-Appalaches,RÉSIDENTIEL,282074016.0,2021,0.8660254037844387,-0.4999999999999998,436397
Chaudière-Appalaches,COMMERCIAL,93281695.9,2021,1.2246467991473532e-16,-1.0,436397
Chaudière-Appalaches,RÉSIDENTIEL,197753696.0,2021,1.2246467991473532e-16,-1.0,436397
Chaudière-Appalaches,AGRICOLE,31349262.0,2021,-0.4999999999999997,-0.8660254037844388,436397
Chaudière-Appalaches,INSTITUTIONNEL,20677463.0,2021,-0.4999999999999997,-0.8660254037844388,436397
Chaudière-Appalaches,RÉSIDENTIEL,200222235.0,2021,-0.4999999999999997,-0.8660254037844388,436397
Chaudière-Appalaches,INSTITUTIONNEL,22725935.0,2021,-0.8660254037844385,-0.5000000000000004,436397
Chaudière-Appalaches,RÉSIDENTIEL,205722595.0,2021,-0.8660254037844385,-0.5000000000000004,436397
Chaudière-Appalaches,COMMERCIAL,92505468.11794873,2021,-1.0,-1.8369701987210297e-16,436397
Chaudière-Appalaches,RÉSIDENTIEL,182154835.0,2021,-1.0,-1.8369701987210297e-16,436397
Chaudière-Appalaches,RÉSIDENTIEL,461488834.0,2021,-2.4492935982947064e-16,1.0,436397
Chaudière-Appalaches,COMMERCIAL,153519323.5,2022,0.49999999999999994,0.8660254037844387,442370
Chaudière-Appalaches,INDUSTRIEL,188826824.12422776,2022,0.49999999999999994,0.8660254037844387,442370
Chaudière-Appalaches,AGRICOLE,36788714.0,2022,0.8660254037844386,0.5000000000000001,442370
Chaudière-Appalaches,INSTITUTIONNEL,35151007.0,2022,0.8660254037844386,0.5000000000000001,442370
Chaudière-Appalaches,COMMERCIAL,131128422.8,2022,1.0,6.123233995736766e-17,442370
Chaudière-Appalaches,COMMERCIAL,106092010.5,2022,0.8660254037844387,-0.4999999999999998,442370
Chaudière-Appalaches,RÉSIDENTIEL,320483204.0,2022,0.8660254037844387,-0.4999999999999998,442370
Chaudière-Appalaches,COMMERCIAL,97046380.0,2022,0.49999999999999994,-0.8660254037844387,442370
Chaudière-Appalaches,INDUSTRIEL,166366548.2414286,2022,0.49999999999999994,-0.8660254037844387,442370
Chaudière-Appalaches,INSTITUTIONNEL,24126550.0,2022,0.49999999999999994,-0.8660254037844387,442370
Chaudière-Appalaches,RÉSIDENTIEL,223821546.0,2022,0.49999999999999994,-0.8660254037844387,442370
Chaudière-Appalaches,RÉSIDENTIEL,198464140.0,2022,1.2246467991473532e-16,-1.0,442370
Chaudière-Appalaches,COMMERCIAL,98118145.6,2022,-0.4999999999999997,-0.8660254037844388,442370
Chaudière-Appalaches,INDUSTRIEL,159080952.3757143,2022,-0.4999999999999997,-0.8660254037844388,442370
Chaudière-Appalaches,INSTITUTIONNEL,22319516.0,2022,-0.8660254037844385,-0.5000000000000004,442370
Chaudière-Appalaches,AGRICOLE,28209496.0,2022,-1.0,-1.8369701987210297e-16,442370
Chaudière-Appalaches,INDUSTRIEL,162843316.66142857,2022,-1.0,-1.8369701987210297e-16,442370
Chaudière-Appalaches,INSTITUTIONNEL,23940875.0,2022,-1.0,-1.8369701987210297e-16,442370
Chaudière-Appalaches,RÉSIDENTIEL,195017546.0,2022,-1.0,-1.8369701987210297e-16,442370
Chaudière-Appalaches,AGRICOLE,28554859.0,2022,-0.8660254037844386,0.5000000000000001,442370
Chaudière-Appalaches,INSTITUTIONNEL,26614991.0,2022,-0.8660254037844386,0.5000000000000001,442370
Chaudière-Appalaches,AGRICOLE,31199514.0,2022,-0.5000000000000004,0.8660254037844384,442370
Chaudière-Appalaches,COMMERCIAL,115805421.9,2022,-0.5000000000000004,0.8660254037844384,442370
Chaudière-Appalaches,INDUSTRIEL,175138697.74285713,2022,-0.5000000000000004,0.8660254037844384,442370
Chaudière-Appalaches,INSTITUTIONNEL,31123549.0,2022,-0.5000000000000004,0.8660254037844384,442370
Chaudière-Appalaches,INSTITUTIONNEL,37525656.0,2023,0.49999999999999994,0.8660254037844387,449028
Chaudière-Appalaches,AGRICOLE,41605254.0,2023,1.0,6.123233995736766e-17,449028
Chaudière-Appalaches,AGRICOLE,40286695.0,2023,0.8660254037844387,-0.4999999999999998,449028
Chaudière-Appalaches,COMMERCIAL,105214772.8,2023,0.8660254037844387,-0.4999999999999998,449028
Chaudière-Appalaches,INDUSTRIEL,166816535.0650433,2023,0.8660254037844387,-0.4999999999999998,449028
Chaudière-Appalaches,INDUSTRIEL,169312023.43709958,2023,0.49999999999999994,-0.8660254037844387,449028
Chaudière-Appalaches,INSTITUTIONNEL,24904551.0,2023,0.49999999999999994,-0.8660254037844387,449028
Chaudière-Appalaches,COMMERCIAL,94769049.5,2023,1.2246467991473532e-16,-1.0,449028
Chaudière-Appalaches,INDUSTRIEL,155134004.5742857,2023,1.2246467991473532e-16,-1.0,449028
Chaudière-Appalaches,INSTITUTIONNEL,21724583.0,2023,1.2246467991473532e-16,-1.0,449028
Chaudière-Appalaches,AGRICOLE,33363597.0,2023,-0.4999999999999997,-0.8660254037844388,449028
Chaudière-Appalaches,RÉSIDENTIEL,211953278.0,2023,-0.4999999999999997,-0.8660254037844388,449028
Chaudière-Appalaches,AGRICOLE,29588087.0,2023,-1.0,-1.8369701987210297e-16,449028
Chaudière-Appalaches,COMMERCIAL,92807702.5,2023,-1.0,-1.8369701987210297e-16,449028
Chaudière-Appalaches,INSTITUTIONNEL,26161228.0,2023,-1.0,-1.8369701987210297e-16,449028
Chaudière-Appalaches,COMMERCIAL,97542140.0,2023,-0.8660254037844386,0.5000000000000001,449028
Chaudière-Appalaches,INDUSTRIEL,164645041.6052101,2023,-0.8660254037844386,0.5000000000000001,449028
Chaudière-Appalaches,COMMERCIAL,120661647.9,2023,-0.5000000000000004,0.8660254037844384,449028
Chaudière-Appalaches,INSTITUTIONNEL,35058205.2,2023,-0.5000000000000004,0.8660254037844384,449028
Chaudière-Appalaches,COMMERCIAL,130465222.3,2023,-2.4492935982947064e-16,1.0,449028
Côte-Nord,INSTITUTIONNEL,47346108.20645161,2016,0.49999999999999994,0.8660254037844387,92418
Côte-Nord,INSTITUTIONNEL,44401217.00878754,2016,0.8660254037844386,0.5000000000000001,92418
Côte-Nord,AGRICOLE,393788.0,2016,1.0,6.123233995736766e-17,92418
Côte-Nord,INSTITUTIONNEL,43396460.4137931,2016,1.0,6.123233995736766e-17,92418
Côte-Nord,RÉSIDENTIEL,75100477.0,2016,0.8660254037844387,-0.4999999999999998,92418
Côte-Nord,AGRICOLE,307462.0,2016,0.49999999999999994,-0.8660254037844387,92418
Côte-Nord,COMMERCIAL,32906426.19,2016,0.49999999999999994,-0.8660254037844387,92418
Côte-Nord,AGRICOLE,269402.0,2016,1.2246467991473532e-16,-1.0,92418
Côte-Nord,INDUSTRIEL,1131079201.6285713,2016,1.2246467991473532e-16,-1.0,92418
Côte-Nord,INSTITUTIONNEL,20692120.04516129,2016,1.2246467991473532e-16,-1.0,92418
Côte-Nord,COMMERCIAL,29880457.2,2016,-0.4999999999999997,-0.8660254037844388,92418
Côte-Nord,INDUSTRIEL,1179951838.3571427,2016,-0.8660254037844385,-0.5000000000000004,92418
Côte-Nord,INSTITUTIONNEL,19295031.325806454,2016,-0.8660254037844385,-0.5000000000000004,92418
Côte-Nord,INDUSTRIEL,1153639016.0,2016,-1.0,-1.8369701987210297e-16,92418
Côte-Nord,INSTITUTIONNEL,21343522.77110917,2016,-1.0,-1.8369701987210297e-16,92418
Côte-Nord,COMMERCIAL,35877943.8,2016,-0.8660254037844386,0.5000000000000001,92418
Côte-Nord,COMMERCIAL,47452850.6,2016,-2.4492935982947064e-16,1.0,92418
Côte-Nord,RÉSIDENTIEL,105512088.0,2016,-2.4492935982947064e-16,1.0,92418
Côte-Nord,AGRICOLE,416847.0,2017,0.49999999999999994,0.8660254037844387,91491
Côte-Nord,COMMERCIAL,49061412.3,2017,0.49999999999999994,0.8660254037844387,91491
Côte-Nord,AGRICOLE,368462.0,2017,0.8660254037844386,0.5000000000000001,91491
Côte-Nord,COMMERCIAL,46419517.5,2017,0.8660254037844386,0.5000000000000001,91491
Côte-Nord,INDUSTRIEL,1119409978.4,2017,0.8660254037844386,0.5000000000000001,91491
Côte-Nord,INSTITUTIONNEL,42104328.129032254,2017,0.8660254037844386,0.5000000000000001,91491
Côte-Nord,RÉSIDENTIEL,101995018.0,2017,1.0,6.123233995736766e-17,91491
Côte-Nord,AGRICOLE,315936.0,2017,0.8660254037844387,-0.4999999999999998,91491
Côte-Nord,RÉSIDENTIEL,68942169.0,2017,0.8660254037844387,-0.4999999999999998,91491
Côte-Nord,COMMERCIAL,29565134.3,2017,0.49999999999999994,-0.8660254037844387,91491
Côte-Nord,COMMERCIAL,26026230.0,2017,1.2246467991473532e-16,-1.0,91491
Côte-Nord,RÉSIDENTIEL,38017319.0,2017,1.2246467991473532e-16,-1.0,91491
Côte-Nord,INDUSTRIEL,1154362822.7,2017,-1.0,-1.8369701987210297e-16,91491
Côte-Nord,RÉSIDENTIEL,48860810.0,2017,-0.8660254037844386,0.5000000000000001,91491
Côte-Nord,COMMERCIAL,41188288.9,2017,-0.5000000000000004,0.8660254037844384,91491
Côte-Nord,INSTITUTIONNEL,36180715.53225806,2017,-0.5000000000000004,0.8660254037844384,91491
Côte-Nord,RÉSIDENTIEL,78305009.0,2017,-0.5000000000000004,0.8660254037844384,91491
Côte-Nord,INDUSTRIEL,1245381492.4285717,2017,-2.4492935982947064e-16,1.0,91491
Côte-Nord,COMMERCIAL,51750362.5,2018,0.49999999999999994,0.8660254037844387,90760
Côte-Nord,INDUSTRIEL,1266648231.2741935,2018,0.49999999999999994,0.8660254037844387,90760
Côte-Nord,RÉSIDENTIEL,117772496.0,2018,0.49999999999999994,0.8660254037844387,90760
Côte-Nord,COMMERCIAL,45371960.0,2018,0.8660254037844386,0.5000000000000001,90760
Côte-Nord,RÉSIDENTIEL,94301688.0,2018,0.8660254037844386,0.5000000000000001,90760
Côte-Nord,AGRICOLE,381063.0,2018,1.0,6.123233995736766e-17,90760
Côte-Nord,INSTITUTIONNEL,39457672.55,2018,1.0,6.123233995736766e-17,90760
Côte-Nord,RÉSIDENTIEL,86713421.0,2018,1.0,6.123233995736766e-17,90760
Côte-Nord,AGRICOLE,339884.0,2018,0.8660254037844387,-0.4999999999999998,90760
Côte-Nord,INSTITUTIONNEL,33696436.71333333,2018,0.8660254037844387,-0.4999999999999998,90760
Côte-Nord,INDUSTRIEL,1187351036.0605838,2018,1.2246467991473532e-16,-1.0,90760
Côte-Nord,INSTITUTIONNEL,20748111.67425209,2018,1.2246467991473532e-16,-1.0,90760
Côte-Nord,RÉSIDENTIEL,40768545.0,2018,1.2246467991473532e-16,-1.0,90760
Côte-Nord,AGRICOLE,258885.0,2018,-0.4999999999999997,-0.8660254037844388,90760
Côte-Nord,INDUSTRIEL,1221287657.4725962,2018,-0.4999999999999997,-0.8660254037844388,90760
Côte-Nord,INSTITUTIONNEL,18496122.493489847,2018,-0.4999999999999997,-0.8660254037844388,90760
Côte-Nord,RÉSIDENTIEL,33291759.0,2018,-0.4999999999999997,-0.8660254037844388,90760
Côte-Nord,COMMERCIAL,27352673.5,2018,-0.8660254037844385,-0.5000000000000004,90760
Côte-Nord,INDUSTRIEL,1221462327.5018437,2018,-0.8660254037844385,-0.5000000000000004,90760
Côte-Nord,INSTITUTIONNEL,18901262.85483871,2018,-0.8660254037844385,-0.5000000000000004,90760
Côte-Nord,COMMERCIAL,27313227.7,2018,-1.0,-1.8369701987210297e-16,90760
Côte-Nord,AGRICOLE,313189.0,2018,-0.8660254037844386,0.5000000000000001,90760
Côte-Nord,INDUSTRIEL,1249175418.830854,2018,-0.8660254037844386,0.5000000000000001,90760
Côte-Nord,RÉSIDENTIEL,65724868.0,2018,-0.8660254037844386,0.5000000000000001,90760
Côte-Nord,AGRICOLE,358673.0,2018,-0.5000000000000004,0.8660254037844384,90760
Côte-Nord,INDUSTRIEL,1210835911.5558128,2018,-0.5000000000000004,0.8660254037844384,90760
Côte-Nord,INSTITUTIONNEL,46245961.90967742,2018,-2.4492935982947064e-16,1.0,90760
Côte-Nord,AGRICOLE,473434.0,2019,0.49999999999999994,0.8660254037844387,90289
Côte-Nord,INSTITUTIONNEL,49826605.42258064,2019,0.49999999999999994,0.8660254037844387,90289
Côte-Nord,RÉSIDENTIEL,102290300.0,2019,0.8660254037844386,0.5000000000000001,90289
Côte-Nord,AGRICOLE,414729.0,2019,1.0,6.123233995736766e-17,90289
Côte-Nord,COMMERCIAL,44843611.3,2019,1.0,6.123233995736766e-17,90289
Côte-Nord,INDUSTRIEL,1211197638.2574809,2019,0.8660254037844387,-0.4999999999999998,90289
Côte-Nord,INDUSTRIEL,1241837610.702427,2019,0.49999999999999994,-0.8660254037844387,90289
Côte-Nord,INSTITUTIONNEL,24725111.137634408,2019,1.2246467991473532e-16,-1.0,90289
Côte-Nord,RÉSIDENTIEL,39921771.0,2019,1.2246467991473532e-16,-1.0,90289
Côte-Nord,AGRICOLE,256162.0,2019,-0.4999999999999997,-0.8660254037844388,90289
Côte-Nord,RÉSIDENTIEL,32533412.0,2019,-0.4999999999999997,-0.8660254037844388,90289
Côte-Nord,INDUSTRIEL,1233558217.897572,2019,-0.8660254037844385,-0.5000000000000004,90289
Côte-Nord,INSTITUTIONNEL,24585645.36774193,2019,-0.8660254037844385,-0.5000000000000004,90289
Côte-Nord,AGRICOLE,237739.0,2019,-1.0,-1.8369701987210297e-16,90289
Côte-Nord,INDUSTRIEL,1187076230.086697,2019,-1.0,-1.8369701987210297e-16,90289
Côte-Nord,COMMERCIAL,32214667.5,2019,-0.8660254037844386,0.5000000000000001,90289
Côte-Nord,AGRICOLE,422266.0,2019,-2.4492935982947064e-16,1.0,90289
Côte-Nord,INDUSTRIEL,1291202709.2923195,2019,-2.4492935982947064e-16,1.0,90289
Côte-Nord,AGRICOLE,435753.0,2020,0.8660254037844386,0.5000000000000001,90121
Côte-Nord,INDUSTRIEL,1237171258.1646273,2020,0.8660254037844386,0.5000000000000001,90121
Côte-Nord,INSTITUTIONNEL,51530821.1,2020,0.8660254037844386,0.5000000000000001,90121
Côte-Nord,AGRICOLE,416912.0,2020,1.0,6.123233995736766e-17,90121
Côte-Nord,AGRICOLE,344177.0,2020,0.8660254037844387,-0.4999999999999998,90121
Côte-Nord,COMMERCIAL,34505240.5,2020,0.8660254037844387,-0.4999999999999998,90121
Côte-Nord,INDUSTRIEL,1135793575.742581,2020,0.8660254037844387,-0.4999999999999998,90121
Côte-Nord,RÉSIDENTIEL,70859272.0,2020,0.8660254037844387,-0.4999999999999998,90121
Côte-Nord,AGRICOLE,271374.0,2020,1.2246467991473532e-16,-1.0,90121
Côte-Nord,COMMERCIAL,23272513.4,2020,1.2246467991473532e-16,-1.0,90121
Côte-Nord,INSTITUTIONNEL,26815331.224731185,2020,1.2246467991473532e-16,-1.0,90121
Côte-Nord,RÉSIDENTIEL,38272009.0,2020,1.2246467991473532e-16,-1.0,90121
Côte-Nord,RÉSIDENTIEL,33659785.0,2020,-0.8660254037844385,-0.5000000000000004,90121
Côte-Nord,INDUSTRIEL,1139588008.3564978,2020,-1.0,-1.8369701987210297e-16,90121
Côte-Nord,RÉSIDENTIEL,40192975.0,2020,-1.0,-1.8369701987210297e-16,90121
Côte-Nord,AGRICOLE,302088.0,2020,-0.8660254037844386,0.5000000000000001,90121
Côte-Nord,AGRICOLE,340302.0,2020,-0.5000000000000004,0.8660254037844384,90121
Côte-Nord,RÉSIDENTIEL,78068378.0,2020,-0.5000000000000004,0.8660254037844384,90121
Côte-Nord,INDUSTRIEL,1260005240.1647618,2020,-2.4492935982947064e-16,1.0,90121
Côte-Nord,INSTITUTIONNEL,49905892.158064514,2020,-2.4492935982947064e-16,1.0,90121
Côte-Nord,INDUSTRIEL,1261504542.0543778,2021,0.49999999999999994,0.8660254037844387,90171
Côte-Nord,RÉSIDENTIEL,92673826.0,2021,0.8660254037844386,0.5000000000000001,90171
Côte-Nord,COMMERCIAL,30227192.7,2021,0.8660254037844387,-0.4999999999999998,90171
Côte-Nord,INDUSTRIEL,1173735051.7950535,2021,0.49999999999999994,-0.8660254037844387,90171
Côte-Nord,INSTITUTIONNEL,32095820.204946235,2021,0.49999999999999994,-0.8660254037844387,90171
Côte-Nord,RÉSIDENTIEL,54105832.0,2021,0.49999999999999994,-0.8660254037844387,90171
Côte-Nord,INDUSTRIEL,1127717952.0849462,2021,1.2246467991473532e-16,-1.0,90171
Côte-Nord,AGRICOLE,265350.0,2021,-0.4999999999999997,-0.8660254037844388,90171
Côte-Nord,COMMERCIAL,23769390.9,2021,-0.4999999999999997,-0.8660254037844388,90171
Côte-Nord,RÉSIDENTIEL,34367380.0,2021,-0.4999999999999997,-0.8660254037844388,90171
Côte-Nord,COMMERCIAL,26108549.0,2021,-0.8660254037844385,-0.5000000000000004,90171
Côte-Nord,INDUSTRIEL,1190622980.829954,2021,-0.8660254037844385,-0.5000000000000004,90171
Côte-Nord,RÉSIDENTIEL,32490626.0,2021,-0.8660254037844385,-0.5000000000000004,90171
Côte-Nord,INSTITUTIONNEL,26662460.37247312,2021,-1.0,-1.8369701987210297e-16,90171
Côte-Nord,RÉSIDENTIEL,35911653.0,2021,-1.0,-1.8369701987210297e-16,90171
Côte-Nord,COMMERCIAL,31354828.9,2021,-0.8660254037844386,0.5000000000000001,90171
Côte-Nord,INDUSTRIEL,1207118198.9774194,2021,-0.8660254037844386,0.5000000000000001,90171
Côte-Nord,RÉSIDENTIEL,48212295.0,2021,-0.8660254037844386,0.5000000000000001,90171
Côte-Nord,RÉSIDENTIEL,71231308.0,2021,-0.5000000000000004,0.8660254037844384,90171
Côte-Nord,RÉSIDENTIEL,102637743.0,2021,-2.4492935982947064e-16,1.0,90171
Côte-Nord,COMMERCIAL,50194826.3,2022,0.8660254037844386,0.5000000000000001,89987
Côte-Nord,INSTITUTIONNEL,48906032.94390805,2022,0.8660254037844386,0.5000000000000001,89987
Côte-Nord,RÉSIDENTIEL,70018783.0,2022,0.8660254037844387,-0.4999999999999998,89987
Côte-Nord,COMMERCIAL,40121351.6,2022,0.49999999999999994,-0.8660254037844387,89987
Côte-Nord,INDUSTRIEL,1238033470.6834717,2022,0.49999999999999994,-0.8660254037844387,89987
Côte-Nord,INSTITUTIONNEL,30798310.805268817,2022,0.49999999999999994,-0.8660254037844387,89987
Côte-Nord,INDUSTRIEL,1178934632.2689097,2022,1.2246467991473532e-16,-1.0,89987
Côte-Nord,INSTITUTIONNEL,25632574.50806452,2022,1.2246467991473532e-16,-1.0,89987
Côte-Nord,RÉSIDENTIEL,38073209.0,2022,1.2246467991473532e-16,-1.0,89987
Côte-Nord,INSTITUTIONNEL,24036890.05483871,2022,-0.8660254037844385,-0.5000000000000004,89987
Côte-Nord,INDUSTRIEL,1189396854.817665,2022,-1.0,-1.8369701987210297e-16,89987
Côte-Nord,RÉSIDENTIEL,36280246.0,2022,-1.0,-1.8369701987210297e-16,89987
Côte-Nord,AGRICOLE,311895.0,2022,-0.8660254037844386,0.5000000000000001,89987
Côte-Nord,INDUSTRIEL,1252665832.3003073,2022,-0.8660254037844386,0.5000000000000001,89987
Côte-Nord,COMMERCIAL,51409456.3,2022,-0.5000000000000004,0.8660254037844384,89987
Côte-Nord,INDUSTRIEL,1229022408.3920736,2022,-0.5000000000000004,0.8660254037844384,89987
Côte-Nord,INSTITUTIONNEL,38452439.8967742,2022,-0.5000000000000004,0.8660254037844384,89987
Côte-Nord,AGRICOLE,472550.0,2022,-2.4492935982947064e-16,1.0,89987
Côte-Nord,COMMERCIAL,61665133.1,2023,0.49999999999999994,0.8660254037844387,89914
Côte-Nord,INSTITUTIONNEL,48774434.53337041,2023,0.49999999999999994,0.8660254037844387,89914
Côte-Nord,RÉSIDENTIEL,108578735.0,2023,0.49999999999999994,0.8660254037844387,89914
Côte-Nord,COMMERCIAL,56848593.400000006,2023,0.8660254037844386,0.5000000000000001,89914
Côte-Nord,INDUSTRIEL,1273042955.8120494,2023,1.0,6.123233995736766e-17,89914
Côte-Nord,COMMERCIAL,46894262.7,2023,0.8660254037844387,-0.4999999999999998,89914
Côte-Nord,INSTITUTIONNEL,34185150.19,2023,0.8660254037844387,-0.4999999999999998,89914
Côte-Nord,RÉSIDENTIEL,51538942.0,2023,0.49999999999999994,-0.8660254037844387,89914
Côte-Nord,AGRICOLE,286434.0,2023,1.2246467991473532e-16,-1.0,89914
Côte-Nord,COMMERCIAL,34201660.6,2023,-0.4999999999999997,-0.8660254037844388,89914
Côte-Nord,INDUSTRIEL,1235770011.597742,2023,-0.4999999999999997,-0.8660254037844388,89914
Côte-Nord,INSTITUTIONNEL,23027220.30989248,2023,-0.4999999999999997,-0.8660254037844388,89914
Côte-Nord,RÉSIDENTIEL,33488712.0,2023,-0.4999999999999997,-0.8660254037844388,89914
Côte-Nord,INDUSTRIEL,1228510754.3347926,2023,-0.8660254037844385,-0.5000000000000004,89914
Côte-Nord,INSTITUTIONNEL,26736553.16129032,2023,-0.8660254037844385,-0.5000000000000004,89914
Côte-Nord,COMMERCIAL,33256674.3,2023,-1.0,-1.8369701987210297e-16,89914
Côte-Nord,AGRICOLE,295879.0,2023,-0.8660254037844386,0.5000000000000001,89914
Côte-Nord,INDUSTRIEL,1249883299.674908,2023,-0.8660254037844386,0.5000000000000001,89914
Côte-Nord,INSTITUTIONNEL,36142327.56397849,2023,-0.8660254037844386,0.5000000000000001,89914
Côte-Nord,RÉSIDENTIEL,48161383.0,2023,-0.8660254037844386,0.5000000000000001,89914
Côte-Nord,INDUSTRIEL,1235264656.565092,2023,-0.5000000000000004,0.8660254037844384,89914
Côte-Nord,COMMERCIAL,58579762.3,2023,-2.4492935982947064e-16,1.0,89914
Côte-Nord,RÉSIDENTIEL,95807020.0,2023,-2.4492935982947064e-16,1.0,89914
Estrie,COMMERCIAL,,2016,0.49999999999999994,0.8660254037844387,466629
Estrie,INDUSTRIEL,,2016,0.49999999999999994,0.8660254037844387,466629
Estrie,INSTITUTIONNEL,,2016,0.49999999999999994,0.8660254037844387,466629
Estrie,RÉSIDENTIEL,,2016,0.49999999999999994,0.8660254037844387,466629
Estrie,INDUSTRIEL,,2016,0.8660254037844386,0.5000000000000001,466629
Estrie,INDUSTRIEL,,2016,0.8660254037844387,-0.4999999999999998,466629
Estrie,INSTITUTIONNEL,,2016,0.8660254037844387,-0.4999999999999998,466629
Estrie,INSTITUTIONNEL,,2016,0.49999999999999994,-0.8660254037844387,466629
Estrie,RÉSIDENTIEL,,2016,-0.4999999999999997,-0.8660254037844388,466629
Estrie,INSTITUTIONNEL,,2016,-0.8660254037844385,-0.5000000000000004,466629
Estrie,AGRICOLE,,2016,-1.0,-1.8369701987210297e-16,466629
Estrie,COMMERCIAL,,2016,-1.0,-1.8369701987210297e-16,466629
Estrie,INDUSTRIEL,,2016,-1.0,-1.8369701987210297e-16,466629
Estrie,INSTITUTIONNEL,,2016,-1.0,-1.8369701987210297e-16,466629
Estrie,RÉSIDENTIEL,,2016,-1.0,-1.8369701987210297e-16,466629
Estrie,AGRICOLE,,2016,-0.8660254037844386,0.5000000000000001,466629
Estrie,RÉSIDENTIEL,,2016,-0.8660254037844386,0.5000000000000001,466629
Estrie,AGRICOLE,,2016,-0.5000000000000004,0.8660254037844384,466629
Estrie,INDUSTRIEL,,2016,-0.5000000000000004,0.8660254037844384,466629
Estrie,AGRICOLE,,2016,-2.4492935982947064e-16,1.0,466629
Estrie,COMMERCIAL,,2017,0.49999999999999994,0.8660254037844387,470571
Estrie,INSTITUTIONNEL,,2017,0.8660254037844386,0.5000000000000001,470571
Estrie,COMMERCIAL,,2017,0.8660254037844387,-0.4999999999999998,470571
Estrie,AGRICOLE,,2017,0.49999999999999994,-0.8660254037844387,470571
Estrie,INSTITUTIONNEL,,2017,0.49999999999999994,-0.8660254037844387,470571
Estrie,INSTITUTIONNEL,,2017,-0.4999999999999997,-0.8660254037844388,470571
Estrie,INDUSTRIEL,,2017,-0.8660254037844385,-0.5000000000000004,470571
Estrie,RÉSIDENTIEL,,2017,-0.8660254037844385,-0.5000000000000004,470571
Estrie,INDUSTRIEL,,2017,-1.0,-1.8369701987210297e-16,470571
Estrie,RÉSIDENTIEL,,2017,-1.0,-1.8369701987210297e-16,470571
Estrie,COMMERCIAL,,2017,-0.8660254037844386,0.5000000000000001,470571
Estrie,INSTITUTIONNEL,,2017,-0.8660254037844386,0.5000000000000001,470571
Estrie,INSTITUTIONNEL,,2018,0.49999999999999994,0.8660254037844387,475678
Estrie,RÉSIDENTIEL,,2018,0.49999999999999994,0.8660254037844387,475678
Estrie,AGRICOLE,,2018,0.8660254037844386,0.5000000000000001,475678
Estrie,COMMERCIAL,,2018,1.0,6.123233995736766e-17,475678
Estrie,INDUSTRIEL,,2018,1.0,6.123233995736766e-17,475678
Estrie,INSTITUTIONNEL,,2018,1.0,6.123233995736766e-17,475678
Estrie,RÉSIDENTIEL,,2018,1.0,6.123233995736766e-17,475678
Estrie,INDUSTRIEL,,2018,0.8660254037844387,-0.4999999999999998,475678
Estrie,RÉSIDENTIEL,,2018,0.8660254037844387,-0.4999999999999998,475678
Estrie,AGRICOLE,,2018,0.49999999999999994,-0.8660254037844387,475678
Estrie,INDUSTRIEL,,2018,0.49999999999999994,-0.8660254037844387,475678
Estrie,INSTITUTIONNEL,,2018,0.49999999999999994,-0.8660254037844387,475678
Estrie,RÉSIDENTIEL,,2018,0.49999999999999994,-0.8660254037844387,475678
Estrie,INSTITUTIONNEL,,2018,-0.4999999999999997,-0.8660254037844388,475678
Estrie,INSTITUTIONNEL,,2018,-1.0,-1.8369701987210297e-16,475678
Estrie,INSTITUTIONNEL,,2018,-0.8660254037844386,0.5000000000000001,475678
Estrie,RÉSIDENTIEL,,2018,-0.8660254037844386,0.5000000000000001,475678
Estrie,AGRICOLE,,2018,-0.5000000000000004,0.8660254037844384,475678
Estrie,COMMERCIAL,,2018,-0.5000000000000004,0.8660254037844384,475678
Estrie,RÉSIDENTIEL,,2018,-0.5000000000000004,0.8660254037844384,475678
Estrie,RÉSIDENTIEL,,2018,-2.4492935982947064e-16,1.0,475678
Estrie,INDUSTRIEL,,2019,0.49999999999999994,0.8660254037844387,481616
Estrie,COMMERCIAL,,2019,0.8660254037844386,0.5000000000000001,481616
Estrie,INSTITUTIONNEL,,2019,0.8660254037844386,0.5000000000000001,481616
Estrie,INSTITUTIONNEL,,2019,1.0,6.123233995736766e-17,481616
Estrie,AGRICOLE,,2019,0.8660254037844387,-0.4999999999999998,481616
Estrie,COMMERCIAL,,2019,0.8660254037844387,-0.4999999999999998,481616
Estrie,INDUSTRIEL,,2019,0.8660254037844387,-0.4999999999999998,481616
Estrie,RÉSIDENTIEL,,2019,0.8660254037844387,-0.4999999999999998,481616
Estrie,AGRICOLE,,2019,0.49999999999999994,-0.8660254037844387,481616
Estrie,COMMERCIAL,,2019,0.49999999999999994,-0.8660254037844387,481616
Estrie,AGRICOLE,,2019,1.2246467991473532e-16,-1.0,481616
Estrie,RÉSIDENTIEL,,2019,1.2246467991473532e-16,-1.0,481616
Estrie,INDUSTRIEL,,2019,-0.4999999999999997,-0.8660254037844388,481616
Estrie,RÉSIDENTIEL,,2019,-0.4999999999999997,-0.8660254037844388,481616
Estrie,AGRICOLE,,2019,-0.8660254037844385,-0.5000000000000004,481616
Estrie,INSTITUTIONNEL,,2019,-0.8660254037844385,-0.5000000000000004,481616
Estrie,RÉSIDENTIEL,,2019,-0.8660254037844385,-0.5000000000000004,481616
Estrie,INSTITUTIONNEL,,2019,-1.0,-1.8369701987210297e-16,481616
Estrie,RÉSIDENTIEL,,2019,-1.0,-1.8369701987210297e-16,481616
Estrie,AGRICOLE,,2019,-0.5000000000000004,0.8660254037844384,481616
Estrie,COMMERCIAL,,2019,-0.5000000000000004,0.8660254037844384,481616
Estrie,COMMERCIAL,,2019,-2.4492935982947064e-16,1.0,481616
Estrie,RÉSIDENTIEL,,2019,-2.4492935982947064e-16,1.0,481616
Estrie,AGRICOLE,,2020,0.49999999999999994,0.8660254037844387,489022
Estrie,AGRICOLE,,2020,0.8660254037844387,-0.4999999999999998,489022
Estrie,AGRICOLE,,2020,0.49999999999999994,-0.8660254037844387,489022
Estrie,RÉSIDENTIEL,,2020,0.49999999999999994,-0.8660254037844387,489022
Estrie,COMMERCIAL,,2020,1.2246467991473532e-16,-1.0,489022
Estrie,AGRICOLE,,2020,-0.4999999999999997,-0.8660254037844388,489022
Estrie,RÉSIDENTIEL,,2020,-0.4999999999999997,-0.8660254037844388,489022
Estrie,INDUSTRIEL,,2020,-0.8660254037844385,-0.5000000000000004,489022
Estrie,AGRICOLE,,2020,-1.0,-1.8369701987210297e-16,489022
Estrie,COMMERCIAL,,2020,-1.0,-1.8369701987210297e-16,489022
Estrie,INSTITUTIONNEL,,2020,-1.0,-1.8369701987210297e-16,489022
Estrie,INSTITUTIONNEL,,2020,-0.5000000000000004,0.8660254037844384,489022
Estrie,COMMERCIAL,,2020,-2.4492935982947064e-16,1.0,489022
Estrie,INDUSTRIEL,,2020,-2.4492935982947064e-16,1.0,489022
Estrie,INSTITUTIONNEL,,2020,-2.4492935982947064e-16,1.0,489022
Estrie,RÉSIDENTIEL,,2020,-2.4492935982947064e-16,1.0,489022
Estrie,INDUSTRIEL,,2021,0.49999999999999994,0.8660254037844387,498038
Estrie,RÉSIDENTIEL,,2021,0.49999999999999994,0.8660254037844387,498038
Estrie,AGRICOLE,,2021,0.8660254037844386,0.5000000000000001,498038
Estrie,COMMERCIAL,,2021,0.8660254037844386,0.5000000000000001,498038
Estrie,INSTITUTIONNEL,,2021,0.8660254037844386,0.5000000000000001,498038
Estrie,INDUSTRIEL,,2021,1.0,6.123233995736766e-17,498038
Estrie,RÉSIDENTIEL,,2021,1.0,6.123233995736766e-17,498038
Estrie,COMMERCIAL,,2021,0.49999999999999994,-0.8660254037844387,498038
Estrie,RÉSIDENTIEL,,2021,1.2246467991473532e-16,-1.0,498038
Estrie,COMMERCIAL,,2021,-0.4999999999999997,-0.8660254037844388,498038
Estrie,INDUSTRIEL,,2021,-0.4999999999999997,-0.8660254037844388,498038
Estrie,RÉSIDENTIEL,,2021,-0.4999999999999997,-0.8660254037844388,498038
Estrie,AGRICOLE,,2021,-0.8660254037844385,-0.5000000000000004,498038
Estrie,INSTITUTIONNEL,,2021,-0.8660254037844385,-0.5000000000000004,498038
Estrie,INDUSTRIEL,,2021,-0.5000000000000004,0.8660254037844384,498038
Estrie,RÉSIDENTIEL,,2021,-0.5000000000000004,0.8660254037844384,498038
Estrie,COMMERCIAL,,2021,-2.4492935982947064e-16,1.0,498038
Estrie,RÉSIDENTIEL,,2021,-2.4492935982947064e-16,1.0,498038
Estrie,INDUSTRIEL,,2022,0.49999999999999994,0.8660254037844387,506527
Estrie,RÉSIDENTIEL,,2022,0.49999999999999994,0.8660254037844387,506527
Estrie,RÉSIDENTIEL,,2022,0.8660254037844386,0.5000000000000001,506527
Estrie,AGRICOLE,,2022,1.0,6.123233995736766e-17,506527
Estrie,INSTITUTIONNEL,,2022,1.0,6.123233995736766e-17,506527
Estrie,AGRICOLE,,2022,0.8660254037844387,-0.4999999999999998,506527
Estrie,INDUSTRIEL,,2022,0.8660254037844387,-0.4999999999999998,506527
Estrie,INSTITUTIONNEL,,2022,0.8660254037844387,-0.4999999999999998,506527
Estrie,AGRICOLE,,2022,0.49999999999999994,-0.8660254037844387,506527
Estrie,INDUSTRIEL,,2022,0.49999999999999994,-0.8660254037844387,506527
Estrie,AGRICOLE,,2022,1.2246467991473532e-16,-1.0,506527
Estrie,INSTITUTIONNEL,,2022,1.2246467991473532e-16,-1.0,506527
Estrie,RÉSIDENTIEL,,2022,1.2246467991473532e-16,-1.0,506527
Estrie,INSTITUTIONNEL,,2022,-0.4999999999999997,-0.8660254037844388,506527
Estrie,INSTITUTIONNEL,,2022,-0.8660254037844385,-0.5000000000000004,506527
Estrie,AGRICOLE,,2022,-1.0,-1.8369701987210297e-16,506527
Estrie,INDUSTRIEL,,2022,-1.0,-1.8369701987210297e-16,506527
Estrie,RÉSIDENTIEL,,2022,-1.0,-1.8369701987210297e-16,506527
Estrie,AGRICOLE,,2022,-0.8660254037844386,0.5000000000000001,506527
Estrie,AGRICOLE,,2022,-0.5000000000000004,0.8660254037844384,506527
Estrie,AGRICOLE,,2022,-2.4492935982947064e-16,1.0,506527
Estrie,COMMERCIAL,,2022,-2.4492935982947064e-16,1.0,506527
Estrie,INDUSTRIEL,,2023,0.49999999999999994,0.8660254037844387,515271
Estrie,RÉSIDENTIEL,,2023,0.49999999999999994,0.8660254037844387,515271
Estrie,INDUSTRIEL,,2023,1.0,6.123233995736766e-17,515271
Estrie,INDUSTRIEL,,2023,0.49999999999999994,-0.8660254037844387,515271
Estrie,INSTITUTIONNEL,,2023,0.49999999999999994,-0.8660254037844387,515271
Estrie,AGRICOLE,,2023,1.2246467991473532e-16,-1.0,515271
Estrie,RÉSIDENTIEL,,2023,1.2246467991473532e-16,-1.0,515271
Estrie,AGRICOLE,,2023,-0.8660254037844385,-0.5000000000000004,515271
Estrie,INDUSTRIEL,,2023,-1.0,-1.8369701987210297e-16,515271
Estrie,INSTITUTIONNEL,,2023,-1.0,-1.8369701987210297e-16,515271
Estrie,AGRICOLE,,2023,-0.8660254037844386,0.5000000000000001,515271
Estrie,COMMERCIAL,,2023,-0.8660254037844386,0.5000000000000001,515271
Estrie,INSTITUTIONNEL,,2023,-0.8660254037844386,0.5000000000000001,515271
Estrie,RÉSIDENTIEL,,2023,-0.8660254037844386,0.5000000000000001,515271
Estrie,AGRICOLE,,2023,-0.5000000000000004,0.8660254037844384,515271
Estrie,COMMERCIAL,,2023,-2.4492935982947064e-16,1.0,515271
Estrie,INDUSTRIEL,,2023,-2.4492935982947064e-16,1.0,515271
Gaspésie--Îles-de-la-Madeleine,COMMERCIAL,36515432.0,2016,0.49999999999999994,0.8660254037844387,90207
Gaspésie--Îles-de-la-Madeleine,INSTITUTIONNEL,15493855.0,2016,0.49999999999999994,0.8660254037844387,90207
Gaspésie--Îles-de-la-Madeleine,COMMERCIAL,33432080.0,2016,0.8660254037844386,0.5000000000000001,90207
Gaspésie--Îles-de-la-Madeleine,INSTITUTIONNEL,14322249.0,2016,0.8660254037844386,0.5000000000000001,90207
Gaspésie--Îles-de-la-Madeleine,AGRICOLE,1153037.0,2016,1.0,6.123233995736766e-17,90207
Gaspésie--Îles-de-la-Madeleine,INDUSTRIEL,7689397.0,2016,1.0,6.123233995736766e-17,90207
Gaspésie--Îles-de-la-Madeleine,INDUSTRIEL,8314424.0,2016,0.8660254037844387,-0.4999999999999998,90207
Gaspésie--Îles-de-la-Madeleine,INSTITUTIONNEL,11468631.0,2016,0.8660254037844387,-0.4999999999999998,90207
Gaspésie--Îles-de-la-Madeleine,COMMERCIAL,25171460.0,2016,0.49999999999999994,-0.8660254037844387,90207
Gaspésie--Îles-de-la-Madeleine,INSTITUTIONNEL,9270470.0,2016,0.49999999999999994,-0.8660254037844387,90207
Gaspésie--Îles-de-la-Madeleine,AGRICOLE,711604.0,2016,1.2246467991473532e-16,-1.0,90207
Gaspésie--Îles-de-la-Madeleine,COMMERCIAL,23525975.0,2016,1.2246467991473532e-16,-1.0,90207
Gaspésie--Îles-de-la-Madeleine,RÉSIDENTIEL,43438920.0,2016,1.2246467991473532e-16,-1.0,90207
Gaspésie--Îles-de-la-Madeleine,AGRICOLE,689724.0,2016,-0.4999999999999997,-0.8660254037844388,90207
Gaspésie--Îles-de-la-Madeleine,COMMERCIAL,24822067.0,2016,-0.8660254037844385,-0.5000000000000004,90207
Gaspésie--Îles-de-la-Madeleine,INDUSTRIEL,7737446.0,2016,-0.8660254037844385,-0.5000000000000004,90207
Gaspésie--Îles-de-la-Madeleine,COMMERCIAL,22917683.0,2016,-1.0,-1.8369701987210297e-16,90207
Gaspésie--Îles-de-la-Madeleine,INSTITUTIONNEL,7793875.0,2016,-1.0,-1.8369701987210297e-16,90207
Gaspésie--Îles-de-la-Madeleine,RÉSIDENTIEL,38222895.0,2016,-1.0,-1.8369701987210297e-16,90207
Gaspésie--Îles-de-la-Madeleine,RÉSIDENTIEL,54846925.0,2016,-0.8660254037844386,0.5000000000000001,90207
Gaspésie--Îles-de-la-Madeleine,INDUSTRIEL,8462566.600000001,2016,-0.5000000000000004,0.8660254037844384,90207
Gaspésie--Îles-de-la-Madeleine,INDUSTRIEL,9060765.6,2016,-2.4492935982947064e-16,1.0,90207
Gaspésie--Îles-de-la-Madeleine,COMMERCIAL,36860609.0,2017,0.49999999999999994,0.8660254037844387,89927
Gaspésie--Îles-de-la-Madeleine,INDUSTRIEL,9058356.1,2017,0.49999999999999994,0.8660254037844387,89927
Gaspésie--Îles-de-la-Madeleine,INSTITUTIONNEL,14950659.0,2017,0.49999999999999994,0.8660254037844387,89927
Gaspésie--Îles-de-la-Madeleine,AGRICOLE,1084852.0,2017,0.8660254037844386,0.5000000000000001,89927
Gaspésie--Îles-de-la-Madeleine,AGRICOLE,1221505.0,2017,1.0,6.123233995736766e-17,89927
Gaspésie--Îles-de-la-Madeleine,INSTITUTIONNEL,14217806.0,2017,1.0,6.123233995736766e-17,89927
Gaspésie--Îles-de-la-Madeleine,AGRICOLE,1147676.0,2017,0.8660254037844387,-0.4999999999999998,89927
Gaspésie--Îles-de-la-Madeleine,AGRICOLE,903384.0,2017,0.49999999999999994,-0.8660254037844387,89927
Gaspésie--Îles-de-la-Madeleine,INDUSTRIEL,13150983.9,2017,0.49999999999999994,-0.8660254037844387,89927
Gaspésie--Îles-de-la-Madeleine,INSTITUTIONNEL,9406832.0,2017,0.49999999999999994,-0.8660254037844387,89927
Gaspésie--Îles-de-la-Madeleine,INDUSTRIEL,15310246.8,2017,1.2246467991473532e-16,-1.0,89927
Gaspésie--Îles-de-la-Madeleine,INSTITUTIONNEL,7267761.0,2017,1.2246467991473532e-16,-1.0,89927
Gaspésie--Îles-de-la-Madeleine,COMMERCIAL,23422816.0,2017,-0.4999999999999997,-0.8660254037844388,89927
Gaspésie--Îles-de-la-Madeleine,AGRICOLE,735254.0,2017,-0.8660254037844385,-0.5000000000000004,89927
Gaspésie--Îles-de-la-Madeleine,COMMERCIAL,23587773.0,2017,-0.8660254037844385,-0.5000000000000004,89927
Gaspésie--Îles-de-la-Madeleine,INDUSTRIEL,19255476.8,2017,-0.8660254037844385,-0.5000000000000004,89927
Gaspésie--Îles-de-la-Madeleine,INSTITUTIONNEL,6762794.0,2017,-0.8660254037844385,-0.5000000000000004,89927
Gaspésie--Îles-de-la-Madeleine,RÉSIDENTIEL,38465888.0,2017,-0.8660254037844385,-0.5000000000000004,89927
Gaspésie--Îles-de-la-Madeleine,INDUSTRIEL,18183062.2,2017,-1.0,-1.8369701987210297e-16,89927
Gaspésie--Îles-de-la-Madeleine,COMMERCIAL,28431431.0,2017,-0.5000000000000004,0.8660254037844384,89927
Gaspésie--Îles-de-la-Madeleine,INDUSTRIEL,17367891.4,2017,-0.5000000000000004,0.8660254037844384,89927
Gaspésie--Îles-de-la-Madeleine,COMMERCIAL,34998720.0,2017,-2.4492935982947064e-16,1.0,89927
Gaspésie--Îles-de-la-Madeleine,INDUSTRIEL,15557909.2,2018,0.49999999999999994,0.8660254037844387,89886
Gaspésie--Îles-de-la-Madeleine,INSTITUTIONNEL,15740901.0,2018,0.49999999999999994,0.8660254037844387,89886
Gaspésie--Îles-de-la-Madeleine,RÉSIDENTIEL,113241306.0,2018,0.49999999999999994,0.8660254037844387,89886
Gaspésie--Îles-de-la-Madeleine,COMMERCIAL,31323783.0,2018,0.8660254037844386,0.5000000000000001,89886
Gaspésie--Îles-de-la-Madeleine,RÉSIDENTIEL,94665011.0,2018,0.8660254037844386,0.5000000000000001,89886
Gaspésie--Îles-de-la-Madeleine,INDUSTRIEL,19126571.700000003,2018,1.0,6.123233995736766e-17,89886
Gaspésie--Îles-de-la-Madeleine,INSTITUTIONNEL,13191429.0,2018,1.0,6.123233995736766e-17,89886
Gaspésie--Îles-de-la-Madeleine,INDUSTRIEL,25349396.3,2018,0.8660254037844387,-0.4999999999999998,89886
Gaspésie--Îles-de-la-Madeleine,INSTITUTIONNEL,11412201.0,2018,0.8660254037844387,-0.4999999999999998,89886
Gaspésie--Îles-de-la-Madeleine,INDUSTRIEL,24945077.3,2018,0.49999999999999994,-0.8660254037844387,89886
Gaspésie--Îles-de-la-Madeleine,INSTITUTIONNEL,9335558.0,2018,0.49999999999999994,-0.8660254037844387,89886
Gaspésie--Îles-de-la-Madeleine,RÉSIDENTIEL,57093475.0,2018,0.49999999999999994,-0.8660254037844387,89886
Gaspésie--Îles-de-la-Madeleine,COMMERCIAL,23340155.0,2018,1.2246467991473532e-16,-1.0,89886
Gaspésie--Îles-de-la-Madeleine,INSTITUTIONNEL,6467820.0,2018,-0.4999999999999997,-0.8660254037844388,89886
Gaspésie--Îles-de-la-Madeleine,RÉSIDENTIEL,40763351.0,2018,-1.0,-1.8369701987210297e-16,89886
Gaspésie--Îles-de-la-Madeleine,COMMERCIAL,25918665.0,2018,-0.8660254037844386,0.5000000000000001,89886
Gaspésie--Îles-de-la-Madeleine,INSTITUTIONNEL,12746876.0,2018,-0.5000000000000004,0.8660254037844384,89886
Gaspésie--Îles-de-la-Madeleine,INSTITUTIONNEL,14613835.0,2018,-2.4492935982947064e-16,1.0,89886
Gaspésie--Îles-de-la-Madeleine,AGRICOLE,1281583.0,2019,0.49999999999999994,0.8660254037844387,89638
Gaspésie--Îles-de-la-Madeleine,INDUSTRIEL,12506800.5,2019,0.49999999999999994,0.8660254037844387,89638
Gaspésie--Îles-de-la-Madeleine,RÉSIDENTIEL,114676470.0,2019,0.49999999999999994,0.8660254037844387,89638
Gaspésie--Îles-de-la-Madeleine,INSTITUTIONNEL,14383809.0,2019,0.8660254037844386,0.5000000000000001,89638
Gaspésie--Îles-de-la-Madeleine,INDUSTRIEL,24278027.3,2019,1.0,6.123233995736766e-17,89638
Gaspésie--Îles-de-la-Madeleine,AGRICOLE,1202803.0,2019,0.8660254037844387,-0.4999999999999998,89638
Gaspésie--Îles-de-la-Madeleine,AGRICOLE,694469.0,2019,1.2246467991473532e-16,-1.0,89638
Gaspésie--Îles-de-la-Madeleine,COMMERCIAL,24191795.0,2019,-0.4999999999999997,-0.8660254037844388,89638
Gaspésie--Îles-de-la-Madeleine,INDUSTRIEL,21216765.8,2019,-0.4999999999999997,-0.8660254037844388,89638
Gaspésie--Îles-de-la-Madeleine,INSTITUTIONNEL,6429335.0,2019,-0.4999999999999997,-0.8660254037844388,89638
Gaspésie--Îles-de-la-Madeleine,INDUSTRIEL,25598756.4,2019,-0.8660254037844385,-0.5000000000000004,89638
Gaspésie--Îles-de-la-Madeleine,INSTITUTIONNEL,6598834.0,2019,-0.8660254037844385,-0.5000000000000004,89638
Gaspésie--Îles-de-la-Madeleine,RÉSIDENTIEL,38551527.0,2019,-0.8660254037844385,-0.5000000000000004,89638
Gaspésie--Îles-de-la-Madeleine,AGRICOLE,721837.0,2019,-1.0,-1.8369701987210297e-16,89638
Gaspésie--Îles-de-la-Madeleine,INDUSTRIEL,27057444.5,2019,-1.0,-1.8369701987210297e-16,89638
Gaspésie--Îles-de-la-Madeleine,COMMERCIAL,23811872.0,2019,-0.8660254037844386,0.5000000000000001,89638
Gaspésie--Îles-de-la-Madeleine,INDUSTRIEL,25133320.4,2019,-0.8660254037844386,0.5000000000000001,89638
Gaspésie--Îles-de-la-Madeleine,INSTITUTIONNEL,10001027.0,2019,-0.8660254037844386,0.5000000000000001,89638
Gaspésie--Îles-de-la-Madeleine,AGRICOLE,947237.0,2019,-0.5000000000000004,0.8660254037844384,89638
Gaspésie--Îles-de-la-Madeleine,INDUSTRIEL,26655330.200000003,2019,-0.5000000000000004,0.8660254037844384,89638
Gaspésie--Îles-de-la-Madeleine,INSTITUTIONNEL,12411214.0,2019,-0.5000000000000004,0.8660254037844384,89638
Gaspésie--Îles-de-la-Madeleine,AGRICOLE,1152229.0,2020,0.49999999999999994,0.8660254037844387,89865
Gaspésie--Îles-de-la-Madeleine,INDUSTRIEL,26564771.7,2020,0.49999999999999994,0.8660254037844387,89865
Gaspésie--Îles-de-la-Madeleine,AGRICOLE,1088775.0,2020,0.8660254037844386,0.5000000000000001,89865
Gaspésie--Îles-de-la-Madeleine,COMMERCIAL,33280787.0,2020,0.8660254037844386,0.5000000000000001,89865
Gaspésie--Îles-de-la-Madeleine,INSTITUTIONNEL,13672097.0,2020,0.8660254037844386,0.5000000000000001,89865
Gaspésie--Îles-de-la-Madeleine,RÉSIDENTIEL,98510802.0,2020,0.8660254037844386,0.5000000000000001,89865
Gaspésie--Îles-de-la-Madeleine,AGRICOLE,1151499.0,2020,1.0,6.123233995736766e-17,89865
Gaspésie--Îles-de-la-Madeleine,COMMERCIAL,31941247.0,2020,1.0,6.123233995736766e-17,89865
Gaspésie--Îles-de-la-Madeleine,RÉSIDENTIEL,76638060.0,2020,0.8660254037844387,-0.4999999999999998,89865
Gaspésie--Îles-de-la-Madeleine,AGRICOLE,841192.0,2020,0.49999999999999994,-0.8660254037844387,89865
Gaspésie--Îles-de-la-Madeleine,INDUSTRIEL,15050994.6,2020,0.49999999999999994,-0.8660254037844387,89865
Gaspésie--Îles-de-la-Madeleine,INSTITUTIONNEL,8035575.0,2020,0.49999999999999994,-0.8660254037844387,89865
Gaspésie--Îles-de-la-Madeleine,AGRICOLE,637622.0,2020,1.2246467991473532e-16,-1.0,89865
Gaspésie--Îles-de-la-Madeleine,COMMERCIAL,22014487.0,2020,1.2246467991473532e-16,-1.0,89865
Gaspésie--Îles-de-la-Madeleine,INSTITUTIONNEL,6024556.0,2020,1.2246467991473532e-16,-1.0,89865
Gaspésie--Îles-de-la-Madeleine,AGRICOLE,666607.0,2020,-0.4999999999999997,-0.8660254037844388,89865
Gaspésie--Îles-de-la-Madeleine,INDUSTRIEL,25518518.700000003,2020,-0.4999999999999997,-0.8660254037844388,89865
Gaspésie--Îles-de-la-Madeleine,RÉSIDENTIEL,40712845.0,2020,-0.4999999999999997,-0.8660254037844388,89865
Gaspésie--Îles-de-la-Madeleine,AGRICOLE,703583.0,2020,-0.8660254037844385,-0.5000000000000004,89865
Gaspésie--Îles-de-la-Madeleine,INDUSTRIEL,29049579.3,2020,-0.8660254037844385,-0.5000000000000004,89865
Gaspésie--Îles-de-la-Madeleine,INSTITUTIONNEL,6250378.0,2020,-0.8660254037844385,-0.5000000000000004,89865
Gaspésie--Îles-de-la-Madeleine,RÉSIDENTIEL,40625010.0,2020,-0.8660254037844385,-0.5000000000000004,89865
Gaspésie--Îles-de-la-Madeleine,INDUSTRIEL,29548535.7,2020,-0.8660254037844386,0.5000000000000001,89865
Gaspésie--Îles-de-la-Madeleine,RÉSIDENTIEL,61103955.0,2020,-0.8660254037844386,0.5000000000000001,89865
Gaspésie--Îles-de-la-Madeleine,COMMERCIAL,28630023.0,2020,-0.5000000000000004,0.8660254037844384,89865
Gaspésie--Îles-de-la-Madeleine,INSTITUTIONNEL,11652852.0,2020,-0.5000000000000004,0.8660254037844384,89865
Gaspésie--Îles-de-la-Madeleine,AGRICOLE,1049487.0,2020,-2.4492935982947064e-16,1.0,89865
Gaspésie--Îles-de-la-Madeleine,COMMERCIAL,33963158.0,2020,-2.4492935982947064e-16,1.0,89865
Gaspésie--Îles-de-la-Madeleine,AGRICOLE,1110716.0,2021,0.49999999999999994,0.8660254037844387,91324
Gaspésie--Îles-de-la-Madeleine,INDUSTRIEL,22278583.3,2021,0.49999999999999994,0.8660254037844387,91324
Gaspésie--Îles-de-la-Madeleine,RÉSIDENTIEL,103132891.0,2021,0.49999999999999994,0.8660254037844387,91324
Gaspésie--Îles-de-la-Madeleine,COMMERCIAL,32508507.0,2021,1.0,6.123233995736766e-17,91324
Gaspésie--Îles-de-la-Madeleine,AGRICOLE,1052592.0,2021,0.8660254037844387,-0.4999999999999998,91324
Gaspésie--Îles-de-la-Madeleine,INDUSTRIEL,29511666.4,2021,0.49999999999999994,-0.8660254037844387,91324
Gaspésie--Îles-de-la-Madeleine,INSTITUTIONNEL,9456292.0,2021,0.49999999999999994,-0.8660254037844387,91324
Gaspésie--Îles-de-la-Madeleine,COMMERCIAL,22478630.0,2021,1.2246467991473532e-16,-1.0,91324
Gaspésie--Îles-de-la-Madeleine,INDUSTRIEL,28966336.3,2021,1.2246467991473532e-16,-1.0,91324
Gaspésie--Îles-de-la-Madeleine,INSTITUTIONNEL,7278096.0,2021,-0.4999999999999997,-0.8660254037844388,91324
Gaspésie--Îles-de-la-Madeleine,AGRICOLE,714244.0,2021,-0.8660254037844385,-0.5000000000000004,91324
Gaspésie--Îles-de-la-Madeleine,AGRICOLE,717898.0,2021,-1.0,-1.8369701987210297e-16,91324
Gaspésie--Îles-de-la-Madeleine,INSTITUTIONNEL,8587300.0,2021,-1.0,-1.8369701987210297e-16,91324
Gaspésie--Îles-de-la-Madeleine,RÉSIDENTIEL,41433276.0,2021,-1.0,-1.8369701987210297e-16,91324
Gaspésie--Îles-de-la-Madeleine,INDUSTRIEL,29954979.3,2021,-0.8660254037844386,0.5000000000000001,91324
Gaspésie--Îles-de-la-Madeleine,INSTITUTIONNEL,10347959.0,2021,-0.8660254037844386,0.5000000000000001,91324
Gaspésie--Îles-de-la-Madeleine,AGRICOLE,876945.0,2021,-0.5000000000000004,0.8660254037844384,91324
Gaspésie--Îles-de-la-Madeleine,COMMERCIAL,26377528.0,2021,-0.5000000000000004,0.8660254037844384,91324
Gaspésie--Îles-de-la-Madeleine,INSTITUTIONNEL,12614650.0,2021,-0.5000000000000004,0.8660254037844384,91324
Gaspésie--Îles-de-la-Madeleine,RÉSIDENTIEL,75131111.0,2021,-0.5000000000000004,0.8660254037844384,91324
Gaspésie--Îles-de-la-Madeleine,INDUSTRIEL,30491039.7,2021,-2.4492935982947064e-16,1.0,91324
Gaspésie--Îles-de-la-Madeleine,RÉSIDENTIEL,127148238.0,2022,0.49999999999999994,0.8660254037844387,91804
Gaspésie--Îles-de-la-Madeleine,RÉSIDENTIEL,106675282.0,2022,0.8660254037844386,0.5000000000000001,91804
Gaspésie--Îles-de-la-Madeleine,COMMERCIAL,33782351.0,2022,1.0,6.123233995736766e-17,91804
Gaspésie--Îles-de-la-Madeleine,INDUSTRIEL,22385181.1,2022,1.0,6.123233995736766e-17,91804
Gaspésie--Îles-de-la-Madeleine,INSTITUTIONNEL,14981481.0,2022,1.0,6.123233995736766e-17,91804
Gaspésie--Îles-de-la-Madeleine,AGRICOLE,1233820.0,2022,0.8660254037844387,-0.4999999999999998,91804
Gaspésie--Îles-de-la-Madeleine,COMMERCIAL,26863239.0,2022,0.8660254037844387,-0.4999999999999998,91804
Gaspésie--Îles-de-la-Madeleine,INDUSTRIEL,29241028.5,2022,0.8660254037844387,-0.4999999999999998,91804
Gaspésie--Îles-de-la-Madeleine,RÉSIDENTIEL,78499575.0,2022,0.8660254037844387,-0.4999999999999998,91804
Gaspésie--Îles-de-la-Madeleine,AGRICOLE,910175.0,2022,0.49999999999999994,-0.8660254037844387,91804
Gaspésie--Îles-de-la-Madeleine,COMMERCIAL,24195038.0,2022,0.49999999999999994,-0.8660254037844387,91804
Gaspésie--Îles-de-la-Madeleine,INSTITUTIONNEL,9942515.0,2022,0.49999999999999994,-0.8660254037844387,91804
Gaspésie--Îles-de-la-Madeleine,RÉSIDENTIEL,59438139.0,2022,0.49999999999999994,-0.8660254037844387,91804
Gaspésie--Îles-de-la-Madeleine,COMMERCIAL,23242213.0,2022,1.2246467991473532e-16,-1.0,91804
Gaspésie--Îles-de-la-Madeleine,INDUSTRIEL,29931920.5,2022,1.2246467991473532e-16,-1.0,91804
Gaspésie--Îles-de-la-Madeleine,INSTITUTIONNEL,7898451.0,2022,1.2246467991473532e-16,-1.0,91804
Gaspésie--Îles-de-la-Madeleine,RÉSIDENTIEL,44658060.0,2022,1.2246467991473532e-16,-1.0,91804
Gaspésie--Îles-de-la-Madeleine,COMMERCIAL,23834974.0,2022,-0.4999999999999997,-0.8660254037844388,91804
Gaspésie--Îles-de-la-Madeleine,INSTITUTIONNEL,7120550.0,2022,-0.4999999999999997,-0.8660254037844388,91804
Gaspésie--Îles-de-la-Madeleine,RÉSIDENTIEL,42288296.0,2022,-0.4999999999999997,-0.8660254037844388,91804
Gaspésie--Îles-de-la-Madeleine,AGRICOLE,726102.0,2022,-0.8660254037844385,-0.5000000000000004,91804
Gaspésie--Îles-de-la-Madeleine,RÉSIDENTIEL,41054853.0,2022,-0.8660254037844385,-0.5000000000000004,91804
Gaspésie--Îles-de-la-Madeleine,INSTITUTIONNEL,8197539.0,2022,-1.0,-1.8369701987210297e-16,91804
Gaspésie--Îles-de-la-Madeleine,AGRICOLE,749116.0,2022,-0.8660254037844386,0.5000000000000001,91804
Gaspésie--Îles-de-la-Madeleine,COMMERCIAL,22373316.0,2022,-0.8660254037844386,0.5000000000000001,91804
Gaspésie--Îles-de-la-Madeleine,INDUSTRIEL,29970196.7,2022,-0.8660254037844386,0.5000000000000001,91804
Gaspésie--Îles-de-la-Madeleine,AGRICOLE,879224.0,2022,-0.5000000000000004,0.8660254037844384,91804
Gaspésie--Îles-de-la-Madeleine,AGRICOLE,1091387.0,2022,-2.4492935982947064e-16,1.0,91804
Gaspésie--Îles-de-la-Madeleine,COMMERCIAL,38042380.0,2023,0.49999999999999994,0.8660254037844387,92059
Gaspésie--Îles-de-la-Madeleine,RÉSIDENTIEL,111742927.0,2023,0.49999999999999994,0.8660254037844387,92059
Gaspésie--Îles-de-la-Madeleine,COMMERCIAL,36644165.0,2023,0.8660254037844386,0.5000000000000001,92059
Gaspésie--Îles-de-la-Madeleine,INDUSTRIEL,19550813.2,2023,0.8660254037844386,0.5000000000000001,92059
Gaspésie--Îles-de-la-Madeleine,RÉSIDENTIEL,110867699.0,2023,0.8660254037844386,0.5000000000000001,92059
Gaspésie--Îles-de-la-Madeleine,INSTITUTIONNEL,14207744.0,2023,1.0,6.123233995736766e-17,92059
Gaspésie--Îles-de-la-Madeleine,INDUSTRIEL,31369576.5,2023,0.8660254037844387,-0.4999999999999998,92059
Gaspésie--Îles-de-la-Madeleine,INSTITUTIONNEL,11730346.0,2023,0.8660254037844387,-0.4999999999999998,92059
Gaspésie--Îles-de-la-Madeleine,RÉSIDENTIEL,76716840.0,2023,0.8660254037844387,-0.4999999999999998,92059
Gaspésie--Îles-de-la-Madeleine,AGRICOLE,878585.0,2023,0.49999999999999994,-0.8660254037844387,92059
Gaspésie--Îles-de-la-Madeleine,INDUSTRIEL,28452180.3,2023,0.49999999999999994,-0.8660254037844387,92059
Gaspésie--Îles-de-la-Madeleine,INSTITUTIONNEL,10001484.0,2023,0.49999999999999994,-0.8660254037844387,92059
Gaspésie--Îles-de-la-Madeleine,RÉSIDENTIEL,61899435.0,2023,0.49999999999999994,-0.8660254037844387,92059
Gaspésie--Îles-de-la-Madeleine,AGRICOLE,697783.0,2023,1.2246467991473532e-16,-1.0,92059
Gaspésie--Îles-de-la-Madeleine,COMMERCIAL,24905787.0,2023,1.2246467991473532e-16,-1.0,92059
Gaspésie--Îles-de-la-Madeleine,INDUSTRIEL,31668531.9,2023,1.2246467991473532e-16,-1.0,92059
Gaspésie--Îles-de-la-Madeleine,INSTITUTIONNEL,8210039.0,2023,1.2246467991473532e-16,-1.0,92059
Gaspésie--Îles-de-la-Madeleine,COMMERCIAL,25990219.0,2023,-0.4999999999999997,-0.8660254037844388,92059
Gaspésie--Îles-de-la-Madeleine,INDUSTRIEL,31979018.0,2023,-0.4999999999999997,-0.8660254037844388,92059
Gaspésie--Îles-de-la-Madeleine,COMMERCIAL,23084833.0,2023,-1.0,-1.8369701987210297e-16,92059
Gaspésie--Îles-de-la-Madeleine,AGRICOLE,741220.0,2023,-0.8660254037844386,0.5000000000000001,92059
Gaspésie--Îles-de-la-Madeleine,COMMERCIAL,23967084.0,2023,-0.8660254037844386,0.5000000000000001,92059
Gaspésie--Îles-de-la-Madeleine,RÉSIDENTIEL,53435972.0,2023,-0.8660254037844386,0.5000000000000001,92059
Gaspésie--Îles-de-la-Madeleine,COMMERCIAL,30716749.0,2023,-0.5000000000000004,0.8660254037844384,92059
Gaspésie--Îles-de-la-Madeleine,INSTITUTIONNEL,13411490.0,2023,-0.5000000000000004,0.8660254037844384,92059
Gaspésie--Îles-de-la-Madeleine,INDUSTRIEL,30495692.6,2023,-2.4492935982947064e-16,1.0,92059
Gaspésie--Îles-de-la-Madeleine,INSTITUTIONNEL,14654564.0,2023,-2.4492935982947064e-16,1.0,92059
Gaspésie--Îles-de-la-Madeleine,RÉSIDENTIEL,102157911.0,2023,-2.4492935982947064e-16,1.0,92059
Lanaudière,RÉSIDENTIEL,606612171.0,2016,0.49999999999999994,0.8660254037844387,497341
Lanaudière,INDUSTRIEL,64626096.78571428,2016,0.8660254037844386,0.5000000000000001,497341
Lanaudière,INSTITUTIONNEL,61863824.04019204,2016,0.8660254037844386,0.5000000000000001,497341
Lanaudière,RÉSIDENTIEL,470379751.0,2016,1.0,6.123233995736766e-17,497341
Lanaudière,INDUSTRIEL,71005501.9020154,2016,0.49999999999999994,-0.8660254037844387,497341
Lanaudière,AGRICOLE,9293309.0,2016,-0.4999999999999997,-0.8660254037844388,497341
Lanaudière,INSTITUTIONNEL,39560318.17354839,2016,-0.4999999999999997,-0.8660254037844388,497341
Lanaudière,AGRICOLE,10165259.0,2016,-0.8660254037844385,-0.5000000000000004,497341
Lanaudière,INSTITUTIONNEL,40944443.20967742,2016,-0.8660254037844385,-0.5000000000000004,497341
Lanaudière,RÉSIDENTIEL,240621751.0,2016,-0.8660254037844385,-0.5000000000000004,497341
Lanaudière,RÉSIDENTIEL,210544536.0,2016,-1.0,-1.8369701987210297e-16,497341
Lanaudière,COMMERCIAL,83443271.0,2016,-0.8660254037844386,0.5000000000000001,497341
Lanaudière,RÉSIDENTIEL,273973637.0,2016,-0.8660254037844386,0.5000000000000001,497341
Lanaudière,COMMERCIAL,109207753.6,2016,-2.4492935982947064e-16,1.0,497341
Lanaudière,INDUSTRIEL,65589611.6,2016,-2.4492935982947064e-16,1.0,497341
Lanaudière,RÉSIDENTIEL,560107281.0,2016,-2.4492935982947064e-16,1.0,497341
Lanaudière,AGRICOLE,12864767.0,2017,0.49999999999999994,0.8660254037844387,502541
Lanaudière,COMMERCIAL,100464907.0,2017,0.8660254037844386,0.5000000000000001,502541
Lanaudière,INDUSTRIEL,62125128.67142858,2017,0.8660254037844386,0.5000000000000001,502541
Lanaudière,INSTITUTIONNEL,58128011.08640553,2017,0.8660254037844386,0.5000000000000001,502541
Lanaudière,AGRICOLE,12444347.0,2017,1.0,6.123233995736766e-17,502541
Lanaudière,COMMERCIAL,109098995.0,2017,1.0,6.123233995736766e-17,502541
Lanaudière,INDUSTRIEL,63993593.3,2017,0.8660254037844387,-0.4999999999999998,502541
Lanaudière,AGRICOLE,8707950.0,2017,1.2246467991473532e-16,-1.0,502541
Lanaudière,INSTITUTIONNEL,38807937.47580645,2017,1.2246467991473532e-16,-1.0,502541
Lanaudière,AGRICOLE,9177666.0,2017,-0.4999999999999997,-0.8660254037844388,502541
Lanaudière,COMMERCIAL,85705075.0,2017,-0.4999999999999997,-0.8660254037844388,502541
Lanaudière,RÉSIDENTIEL,234262956.0,2017,-0.4999999999999997,-0.8660254037844388,502541
Lanaudière,RÉSIDENTIEL,231900436.0,2017,-0.8660254037844385,-0.5000000000000004,502541
Lanaudière,AGRICOLE,9578737.0,2017,-1.0,-1.8369701987210297e-16,502541
Lanaudière,RÉSIDENTIEL,218285677.0,2017,-1.0,-1.8369701987210297e-16,502541
Lanaudière,AGRICOLE,10386638.0,2017,-0.8660254037844386,0.5000000000000001,502541
Lanaudière,INSTITUTIONNEL,54127552.51935484,2017,-0.5000000000000004,0.8660254037844384,502541
Lanaudière,RÉSIDENTIEL,420059847.0,2017,-0.5000000000000004,0.8660254037844384,502541
Lanaudière,AGRICOLE,14070698.0,2017,-2.4492935982947064e-16,1.0,502541
Lanaudière,INDUSTRIEL,68530149.0,2017,-2.4492935982947064e-16,1.0,502541
Lanaudière,INSTITUTIONNEL,69788688.13548388,2017,-2.4492935982947064e-16,1.0,502541
Lanaudière,RÉSIDENTIEL,645325138.0,2017,-2.4492935982947064e-16,1.0,502541
Lanaudière,AGRICOLE,14599746.0,2018,0.49999999999999994,0.8660254037844387,508038
Lanaudière,INSTITUTIONNEL,72661590.83225808,2018,0.49999999999999994,0.8660254037844387,508038
Lanaudière,AGRICOLE,11988386.0,2018,0.8660254037844386,0.5000000000000001,508038
Lanaudière,INSTITUTIONNEL,59220630.31082949,2018,0.8660254037844386,0.5000000000000001,508038
Lanaudière,RÉSIDENTIEL,522794628.0,2018,0.8660254037844386,0.5000000000000001,508038
Lanaudière,INSTITUTIONNEL,58989642.12142857,2018,1.0,6.123233995736766e-17,508038
Lanaudière,RÉSIDENTIEL,468639501.0,2018,1.0,6.123233995736766e-17,508038
Lanaudière,INSTITUTIONNEL,51507856.4,2018,0.8660254037844387,-0.4999999999999998,508038
Lanaudière,COMMERCIAL,86083237.8,2018,1.2246467991473532e-16,-1.0,508038
Lanaudière,INDUSTRIEL,67779527.1,2018,1.2246467991473532e-16,-1.0,508038
Lanaudière,INSTITUTIONNEL,43701290.41290323,2018,-0.4999999999999997,-0.8660254037844388,508038
Lanaudière,AGRICOLE,,2018,-0.8660254037844385,-0.5000000000000004,508038
Lanaudière,COMMERCIAL,,2018,-0.8660254037844385,-0.5000000000000004,508038
Lanaudière,INDUSTRIEL,,2018,-0.8660254037844385,-0.5000000000000004,508038
Lanaudière,COMMERCIAL,85457553.8,2018,-1.0,-1.8369701987210297e-16,508038
Lanaudière,INDUSTRIEL,68290724.2,2018,-1.0,-1.8369701987210297e-16,508038
Lanaudière,AGRICOLE,11665199.0,2018,-0.8660254037844386,0.5000000000000001,508038
Lanaudière,INDUSTRIEL,72618604.14285713,2018,-0.8660254037844386,0.5000000000000001,508038
Lanaudière,INDUSTRIEL,68455439.5,2018,-2.4492935982947064e-16,1.0,508038
Lanaudière,INSTITUTIONNEL,68838292.94516128,2018,-2.4492935982947064e-16,1.0,508038
Lanaudière,RÉSIDENTIEL,601566610.0,2018,-2.4492935982947064e-16,1.0,508038
Lanaudière,INSTITUTIONNEL,75042338.55161291,2019,0.49999999999999994,0.8660254037844387,514445
Lanaudière,INSTITUTIONNEL,66104081.69608295,2019,0.8660254037844386,0.5000000000000001,514445
Lanaudière,AGRICOLE,12948273.0,2019,1.0,6.123233995736766e-17,514445
Lanaudière,AGRICOLE,11058243.0,2019,0.8660254037844387,-0.4999999999999998,514445
Lanaudière,COMMERCIAL,91228432.6,2019,0.8660254037844387,-0.4999999999999998,514445
Lanaudière,INDUSTRIEL,69070100.0,2019,0.8660254037844387,-0.4999999999999998,514445
Lanaudière,INSTITUTIONNEL,52609743.99,2019,0.8660254037844387,-0.4999999999999998,514445
Lanaudière,RÉSIDENTIEL,379519965.0,2019,0.8660254037844387,-0.4999999999999998,514445
Lanaudière,INDUSTRIEL,72711241.1,2019,0.49999999999999994,-0.8660254037844387,514445
Lanaudière,RÉSIDENTIEL,276121018.0,2019,0.49999999999999994,-0.8660254037844387,514445
Lanaudière,AGRICOLE,9075762.0,2019,1.2246467991473532e-16,-1.0,514445
Lanaudière,AGRICOLE,10460215.0,2019,-0.4999999999999997,-0.8660254037844388,514445
Lanaudière,INDUSTRIEL,69302382.0,2019,-0.4999999999999997,-0.8660254037844388,514445
Lanaudière,INSTITUTIONNEL,44942626.83516129,2019,-0.4999999999999997,-0.8660254037844388,514445
Lanaudière,RÉSIDENTIEL,256223310.0,2019,-0.4999999999999997,-0.8660254037844388,514445
Lanaudière,COMMERCIAL,90735980.4,2019,-0.8660254037844385,-0.5000000000000004,514445
Lanaudière,INDUSTRIEL,72350671.1,2019,-0.8660254037844385,-0.5000000000000004,514445
Lanaudière,RÉSIDENTIEL,242051063.0,2019,-0.8660254037844385,-0.5000000000000004,514445
Lanaudière,INDUSTRIEL,68016715.1,2019,-1.0,-1.8369701987210297e-16,514445
Lanaudière,COMMERCIAL,106233467.8,2019,-0.5000000000000004,0.8660254037844384,514445
Lanaudière,INDUSTRIEL,72179928.4,2019,-0.5000000000000004,0.8660254037844384,514445
Lanaudière,AGRICOLE,14166166.0,2019,-2.4492935982947064e-16,1.0,514445
Lanaudière,COMMERCIAL,118804696.0,2019,-2.4492935982947064e-16,1.0,514445
Lanaudière,RÉSIDENTIEL,587602075.0,2019,-2.4492935982947064e-16,1.0,514445
Lanaudière,AGRICOLE,13960481.0,2020,0.49999999999999994,0.8660254037844387,522824
Lanaudière,INDUSTRIEL,72852938.0,2020,0.49999999999999994,0.8660254037844387,522824
Lanaudière,INSTITUTIONNEL,71762538.54516129,2020,0.49999999999999994,0.8660254037844387,522824
Lanaudière,AGRICOLE,13109082.0,2020,0.8660254037844386,0.5000000000000001,522824
Lanaudière,INSTITUTIONNEL,62001349.2,2020,1.0,6.123233995736766e-17,522824
Lanaudière,AGRICOLE,11258402.0,2020,0.8660254037844387,-0.4999999999999998,522824
Lanaudière,COMMERCIAL,80289199.4,2020,0.8660254037844387,-0.4999999999999998,522824
Lanaudière,INDUSTRIEL,49578255.8,2020,0.8660254037844387,-0.4999999999999998,522824
Lanaudière,RÉSIDENTIEL,390760883.0,2020,0.8660254037844387,-0.4999999999999998,522824
Lanaudière,COMMERCIAL,78213818.2,2020,0.49999999999999994,-0.8660254037844387,522824
Lanaudière,INSTITUTIONNEL,45346340.90709677,2020,0.49999999999999994,-0.8660254037844387,522824
Lanaudière,AGRICOLE,11305180.0,2020,-0.4999999999999997,-0.8660254037844388,522824
Lanaudière,RÉSIDENTIEL,277695585.0,2020,-0.4999999999999997,-0.8660254037844388,522824
Lanaudière,INSTITUTIONNEL,44171515.51290323,2020,-0.8660254037844385,-0.5000000000000004,522824
Lanaudière,COMMERCIAL,80078222.8,2020,-1.0,-1.8369701987210297e-16,522824
Lanaudière,RÉSIDENTIEL,310060125.0,2020,-0.8660254037844386,0.5000000000000001,522824
Lanaudière,AGRICOLE,13253668.0,2020,-0.5000000000000004,0.8660254037844384,522824
Lanaudière,INSTITUTIONNEL,56128719.658064514,2020,-0.5000000000000004,0.8660254037844384,522824
Lanaudière,RÉSIDENTIEL,402756457.0,2020,-0.5000000000000004,0.8660254037844384,522824
Lanaudière,INDUSTRIEL,70020583.8,2020,-2.4492935982947064e-16,1.0,522824
Lanaudière,AGRICOLE,14488082.0,2021,0.49999999999999994,0.8660254037844387,532680
Lanaudière,COMMERCIAL,117340958.3,2021,0.49999999999999994,0.8660254037844387,532680
Lanaudière,INSTITUTIONNEL,65554734.6093318,2021,0.8660254037844386,0.5000000000000001,532680
Lanaudière,INSTITUTIONNEL,50584494.06,2021,0.8660254037844387,-0.4999999999999998,532680
Lanaudière,AGRICOLE,10833653.0,2021,0.49999999999999994,-0.8660254037844387,532680
Lanaudière,COMMERCIAL,,2021,1.2246467991473532e-16,-1.0,532680
Lanaudière,INDUSTRIEL,,2021,1.2246467991473532e-16,-1.0,532680
Lanaudière,INSTITUTIONNEL,,2021,1.2246467991473532e-16,-1.0,532680
Lanaudière,COMMERCIAL,,2021,-0.8660254037844385,-0.5000000000000004,532680
Lanaudière,INSTITUTIONNEL,,2021,-0.8660254037844385,-0.5000000000000004,532680
Lanaudière,INDUSTRIEL,55988061.8,2021,-1.0,-1.8369701987210297e-16,532680
Lanaudière,INSTITUTIONNEL,49239254.51838709,2021,-1.0,-1.8369701987210297e-16,532680
Lanaudière,AGRICOLE,13257230.0,2021,-0.8660254037844386,0.5000000000000001,532680
Lanaudière,INDUSTRIEL,63592925.400000006,2021,-0.5000000000000004,0.8660254037844384,532680
Lanaudière,INSTITUTIONNEL,62632663.77419355,2021,-0.5000000000000004,0.8660254037844384,532680
Lanaudière,INDUSTRIEL,60437265.43076924,2021,-2.4492935982947064e-16,1.0,532680
Lanaudière,INSTITUTIONNEL,75757575.8967742,2021,-2.4492935982947064e-16,1.0,532680
Lanaudière,RÉSIDENTIEL,602568636.0,2021,-2.4492935982947064e-16,1.0,532680
Lanaudière,INDUSTRIEL,64927343.26923077,2022,0.49999999999999994,0.8660254037844387,541728
Lanaudière,RÉSIDENTIEL,794666766.0,2022,0.49999999999999994,0.8660254037844387,541728
Lanaudière,COMMERCIAL,119338034.7,2022,0.8660254037844386,0.5000000000000001,541728
Lanaudière,INDUSTRIEL,59663556.7,2022,0.8660254037844386,0.5000000000000001,541728
Lanaudière,INSTITUTIONNEL,75488752.07407834,2022,0.8660254037844386,0.5000000000000001,541728
Lanaudière,INSTITUTIONNEL,74222181.46785715,2022,1.0,6.123233995736766e-17,541728
Lanaudière,COMMERCIAL,93944925.0,2022,0.8660254037844387,-0.4999999999999998,541728
Lanaudière,INDUSTRIEL,60256951.400000006,2022,0.8660254037844387,-0.4999999999999998,541728
Lanaudière,INSTITUTIONNEL,59327509.0,2022,0.8660254037844387,-0.4999999999999998,541728
Lanaudière,INDUSTRIEL,,2022,0.49999999999999994,-0.8660254037844387,541728
Lanaudière,COMMERCIAL,86512058.6,2022,1.2246467991473532e-16,-1.0,541728
Lanaudière,AGRICOLE,11683856.0,2022,-0.4999999999999997,-0.8660254037844388,541728
Lanaudière,COMMERCIAL,93196843.3,2022,-0.4999999999999997,-0.8660254037844388,541728
Lanaudière,INDUSTRIEL,,2022,-0.8660254037844385,-0.5000000000000004,541728
Lanaudière,AGRICOLE,13049788.0,2022,-0.8660254037844386,0.5000000000000001,541728
Lanaudière,COMMERCIAL,89139974.6,2022,-0.8660254037844386,0.5000000000000001,541728
Lanaudière,COMMERCIAL,101526753.3,2022,-0.5000000000000004,0.8660254037844384,541728
Lanaudière,INSTITUTIONNEL,70814945.84838709,2022,-0.5000000000000004,0.8660254037844384,541728
Lanaudière,RÉSIDENTIEL,400030299.0,2022,-0.5000000000000004,0.8660254037844384,541728
Lanaudière,INDUSTRIEL,64022249.0,2022,-2.4492935982947064e-16,1.0,541728
Lanaudière,INSTITUTIONNEL,80953661.31612903,2022,-2.4492935982947064e-16,1.0,541728
Lanaudière,RÉSIDENTIEL,561793006.0,2022,-2.4492935982947064e-16,1.0,541728
Lanaudière,COMMERCIAL,125707590.0,2023,0.49999999999999994,0.8660254037844387,551592
Lanaudière,AGRICOLE,14075454.0,2023,1.0,6.123233995736766e-17,551592
Lanaudière,INSTITUTIONNEL,79285211.88214286,2023,1.0,6.123233995736766e-17,551592
Lanaudière,AGRICOLE,12073366.0,2023,0.8660254037844387,-0.4999999999999998,551592
Lanaudière,COMMERCIAL,93469222.2,2023,0.8660254037844387,-0.4999999999999998,551592
Lanaudière,INSTITUTIONNEL,62253333.22387096,2023,0.49999999999999994,-0.8660254037844387,551592
Lanaudière,RÉSIDENTIEL,285508858.0,2023,0.49999999999999994,-0.8660254037844387,551592
Lanaudière,AGRICOLE,11121276.0,2023,-0.8660254037844385,-0.5000000000000004,551592
Lanaudière,COMMERCIAL,93316071.5,2023,-0.8660254037844385,-0.5000000000000004,551592
Lanaudière,INDUSTRIEL,70302050.0,2023,-0.8660254037844385,-0.5000000000000004,551592
Lanaudière,RÉSIDENTIEL,247164767.0,2023,-1.0,-1.8369701987210297e-16,551592
Lanaudière,RÉSIDENTIEL,269030539.0,2023,-0.8660254037844386,0.5000000000000001,551592
Laurentides,AGRICOLE,10107375.0,2016,0.49999999999999994,0.8660254037844387,594554
Laurentides,INSTITUTIONNEL,49394291.4,2016,0.49999999999999994,0.8660254037844387,594554
Laurentides,AGRICOLE,9435360.0,2016,0.8660254037844386,0.5000000000000001,594554
Laurentides,COMMERCIAL,158192416.9,2016,0.8660254037844386,0.5000000000000001,594554
Laurentides,INDUSTRIEL,64333396.88440202,2016,0.8660254037844386,0.5000000000000001,594554
Laurentides,INSTITUTIONNEL,46154443.8,2016,0.8660254037844386,0.5000000000000001,594554
Laurentides,RÉSIDENTIEL,738546668.0,2016,0.8660254037844386,0.5000000000000001,594554
Laurentides,AGRICOLE,9598317.0,2016,1.0,6.123233995736766e-17,594554
Laurentides,AGRICOLE,8042309.0,2016,0.8660254037844387,-0.4999999999999998,594554
Laurentides,COMMERCIAL,125801884.2,2016,0.49999999999999994,-0.8660254037844387,594554
Laurentides,RÉSIDENTIEL,343026297.0,2016,0.49999999999999994,-0.8660254037844387,594554
Laurentides,RÉSIDENTIEL,296269590.0,2016,1.2246467991473532e-16,-1.0,594554
Laurentides,COMMERCIAL,131662105.0,2016,-0.4999999999999997,-0.8660254037844388,594554
Laurentides,AGRICOLE,6415786.0,2016,-0.8660254037844385,-0.5000000000000004,594554
Laurentides,COMMERCIAL,138180987.6,2016,-0.8660254037844385,-0.5000000000000004,594554
Laurentides,INDUSTRIEL,65185357.21428572,2016,-0.8660254037844385,-0.5000000000000004,594554
Laurentides,INSTITUTIONNEL,32885326.3,2016,-0.8660254037844385,-0.5000000000000004,594554
Laurentides,RÉSIDENTIEL,312644613.0,2016,-0.8660254037844385,-0.5000000000000004,594554
Laurentides,AGRICOLE,6227998.0,2016,-1.0,-1.8369701987210297e-16,594554
Laurentides,INDUSTRIEL,62805312.891428575,2016,-1.0,-1.8369701987210297e-16,594554
Laurentides,COMMERCIAL,126782163.1,2016,-0.8660254037844386,0.5000000000000001,594554
Laurentides,INDUSTRIEL,64565173.35142857,2016,-0.8660254037844386,0.5000000000000001,594554
Laurentides,COMMERCIAL,138378472.2,2016,-0.5000000000000004,0.8660254037844384,594554
Laurentides,INDUSTRIEL,65666720.88571429,2016,-0.5000000000000004,0.8660254037844384,594554
Laurentides,INSTITUTIONNEL,40378641.8,2016,-0.5000000000000004,0.8660254037844384,594554
Laurentides,AGRICOLE,9966099.0,2017,0.49999999999999994,0.8660254037844387,602110
Laurentides,COMMERCIAL,170070168.5,2017,0.49999999999999994,0.8660254037844387,602110
Laurentides,INSTITUTIONNEL,48104358.9,2017,0.49999999999999994,0.8660254037844387,602110
Laurentides,INSTITUTIONNEL,47400897.0,2017,1.0,6.123233995736766e-17,602110
Laurentides,RÉSIDENTIEL,453789342.0,2017,0.8660254037844387,-0.4999999999999998,602110
Laurentides,AGRICOLE,6582573.0,2017,0.49999999999999994,-0.8660254037844387,602110
Laurentides,COMMERCIAL,124010636.0,2017,0.49999999999999994,-0.8660254037844387,602110
Laurentides,INSTITUTIONNEL,34871717.1,2017,0.49999999999999994,-0.8660254037844387,602110
Laurentides,INDUSTRIEL,65917092.11428571,2017,1.2246467991473532e-16,-1.0,602110
Laurentides,RÉSIDENTIEL,300330033.0,2017,1.2246467991473532e-16,-1.0,602110
Laurentides,INDUSTRIEL,62770850.9,2017,-0.4999999999999997,-0.8660254037844388,602110
Laurentides,INSTITUTIONNEL,29939560.5,2017,-0.4999999999999997,-0.8660254037844388,602110
Laurentides,RÉSIDENTIEL,306108121.0,2017,-0.4999999999999997,-0.8660254037844388,602110
Laurentides,AGRICOLE,6847636.0,2017,-0.8660254037844386,0.5000000000000001,602110
Laurentides,INSTITUTIONNEL,34662115.1,2017,-0.8660254037844386,0.5000000000000001,602110
Laurentides,RÉSIDENTIEL,319017179.0,2017,-0.8660254037844386,0.5000000000000001,602110
Laurentides,COMMERCIAL,151616846.2,2017,-0.5000000000000004,0.8660254037844384,602110
Laurentides,INSTITUTIONNEL,43024083.7,2017,-0.5000000000000004,0.8660254037844384,602110
Laurentides,RÉSIDENTIEL,582656537.0,2017,-0.5000000000000004,0.8660254037844384,602110
Laurentides,INDUSTRIEL,67749233.66363636,2017,-2.4492935982947064e-16,1.0,602110
Laurentides,RÉSIDENTIEL,891283591.0,2017,-2.4492935982947064e-16,1.0,602110
Laurentides,AGRICOLE,11684106.0,2018,0.49999999999999994,0.8660254037844387,610176
Laurentides,INDUSTRIEL,70693444.07272728,2018,0.49999999999999994,0.8660254037844387,610176
Laurentides,INSTITUTIONNEL,52685564.8,2018,0.49999999999999994,0.8660254037844387,610176
Laurentides,AGRICOLE,9628297.0,2018,0.8660254037844386,0.5000000000000001,610176
Laurentides,INDUSTRIEL,64633642.86363636,2018,0.8660254037844386,0.5000000000000001,610176
Laurentides,COMMERCIAL,156846913.3,2018,1.0,6.123233995736766e-17,610176
Laurentides,INDUSTRIEL,65652291.5,2018,0.49999999999999994,-0.8660254037844387,610176
Laurentides,COMMERCIAL,136923049.5,2018,1.2246467991473532e-16,-1.0,610176
Laurentides,COMMERCIAL,158454294.7,2018,-0.4999999999999997,-0.8660254037844388,610176
Laurentides,INSTITUTIONNEL,31719453.0,2018,-0.4999999999999997,-0.8660254037844388,610176
Laurentides,COMMERCIAL,162593051.9,2018,-0.8660254037844385,-0.5000000000000004,610176
Laurentides,INSTITUTIONNEL,32946932.0,2018,-0.8660254037844385,-0.5000000000000004,610176
Laurentides,AGRICOLE,6864722.0,2018,-1.0,-1.8369701987210297e-16,610176
Laurentides,COMMERCIAL,147586208.4,2018,-1.0,-1.8369701987210297e-16,610176
Laurentides,AGRICOLE,9951350.0,2018,-0.5000000000000004,0.8660254037844384,610176
Laurentides,INDUSTRIEL,66091706.7,2018,-0.5000000000000004,0.8660254037844384,610176
Laurentides,INSTITUTIONNEL,49116008.8,2018,-2.4492935982947064e-16,1.0,610176
Laurentides,RÉSIDENTIEL,825388264.0,2018,-2.4492935982947064e-16,1.0,610176
Laurentides,INSTITUTIONNEL,53326250.9,2019,0.49999999999999994,0.8660254037844387,618316
Laurentides,AGRICOLE,10917449.0,2019,0.8660254037844386,0.5000000000000001,618316
Laurentides,INDUSTRIEL,60743045.7,2019,0.8660254037844386,0.5000000000000001,618316
Laurentides,INSTITUTIONNEL,46397320.4,2019,0.8660254037844386,0.5000000000000001,618316
Laurentides,RÉSIDENTIEL,811252998.0,2019,0.8660254037844386,0.5000000000000001,618316
Laurentides,INSTITUTIONNEL,46739528.7,2019,1.0,6.123233995736766e-17,618316
Laurentides,AGRICOLE,9882465.0,2019,0.8660254037844387,-0.4999999999999998,618316
Laurentides,INDUSTRIEL,62429689.8,2019,0.8660254037844387,-0.4999999999999998,618316
Laurentides,COMMERCIAL,150794868.3,2019,1.2246467991473532e-16,-1.0,618316
Laurentides,INDUSTRIEL,60789581.7,2019,1.2246467991473532e-16,-1.0,618316
Laurentides,INSTITUTIONNEL,30705301.5,2019,1.2246467991473532e-16,-1.0,618316
Laurentides,COMMERCIAL,168297559.5,2019,-0.4999999999999997,-0.8660254037844388,618316
Laurentides,AGRICOLE,6881295.0,2019,-0.8660254037844385,-0.5000000000000004,618316
Laurentides,COMMERCIAL,162090098.18387097,2019,-0.8660254037844385,-0.5000000000000004,618316
Laurentides,INSTITUTIONNEL,32037021.7,2019,-0.8660254037844385,-0.5000000000000004,618316
Laurentides,COMMERCIAL,147739530.01612902,2019,-1.0,-1.8369701987210297e-16,618316
Laurentides,INDUSTRIEL,60225187.5,2019,-1.0,-1.8369701987210297e-16,618316
Laurentides,RÉSIDENTIEL,287992258.0,2019,-1.0,-1.8369701987210297e-16,618316
Laurentides,COMMERCIAL,155450491.0,2019,-0.8660254037844386,0.5000000000000001,618316
Laurentides,INSTITUTIONNEL,37077378.8,2019,-0.8660254037844386,0.5000000000000001,618316
Laurentides,RÉSIDENTIEL,651736365.0,2019,-0.5000000000000004,0.8660254037844384,618316
Laurentides,INSTITUTIONNEL,50019402.2,2020,0.49999999999999994,0.8660254037844387,628998
Laurentides,RÉSIDENTIEL,838166225.0,2020,0.49999999999999994,0.8660254037844387,628998
Laurentides,COMMERCIAL,192474481.9,2020,0.8660254037844386,0.5000000000000001,628998
Laurentides,INSTITUTIONNEL,46416583.4,2020,0.8660254037844386,0.5000000000000001,628998
Laurentides,AGRICOLE,11256295.0,2020,1.0,6.123233995736766e-17,628998
Laurentides,COMMERCIAL,172416178.7,2020,1.0,6.123233995736766e-17,628998
Laurentides,INSTITUTIONNEL,43272225.1,2020,1.0,6.123233995736766e-17,628998
Laurentides,INDUSTRIEL,51136271.0,2020,0.8660254037844387,-0.4999999999999998,628998
Laurentides,AGRICOLE,7917285.0,2020,0.49999999999999994,-0.8660254037844387,628998
Laurentides,COMMERCIAL,137138521.8,2020,0.49999999999999994,-0.8660254037844387,628998
Laurentides,INSTITUTIONNEL,31915160.9,2020,0.49999999999999994,-0.8660254037844387,628998
Laurentides,RÉSIDENTIEL,407913519.0,2020,0.49999999999999994,-0.8660254037844387,628998
Laurentides,INDUSTRIEL,58518928.1,2020,1.2246467991473532e-16,-1.0,628998
Laurentides,RÉSIDENTIEL,343547740.0,2020,1.2246467991473532e-16,-1.0,628998
Laurentides,COMMERCIAL,144130656.2,2020,-0.8660254037844385,-0.5000000000000004,628998
Laurentides,INSTITUTIONNEL,32079885.1,2020,-0.8660254037844385,-0.5000000000000004,628998
Laurentides,INDUSTRIEL,57598489.4,2020,-1.0,-1.8369701987210297e-16,628998
Laurentides,COMMERCIAL,147078380.79999998,2020,-0.8660254037844386,0.5000000000000001,628998
Laurentides,INSTITUTIONNEL,37880502.3,2020,-0.8660254037844386,0.5000000000000001,628998
Laurentides,RÉSIDENTIEL,432889545.0,2020,-0.8660254037844386,0.5000000000000001,628998
Laurentides,AGRICOLE,,2020,-0.5000000000000004,0.8660254037844384,628998
Laurentides,COMMERCIAL,,2020,-0.5000000000000004,0.8660254037844384,628998
Laurentides,INSTITUTIONNEL,47864949.0,2020,-2.4492935982947064e-16,1.0,628998
Laurentides,INDUSTRIEL,59744113.8,2021,0.49999999999999994,0.8660254037844387,643216
Laurentides,INSTITUTIONNEL,48453889.5,2021,0.49999999999999994,0.8660254037844387,643216
Laurentides,AGRICOLE,11461649.0,2021,0.8660254037844386,0.5000000000000001,643216
Laurentides,COMMERCIAL,181671617.6,2021,0.8660254037844386,0.5000000000000001,643216
Laurentides,AGRICOLE,12146739.0,2021,1.0,6.123233995736766e-17,643216
Laurentides,INSTITUTIONNEL,44911548.3,2021,1.0,6.123233995736766e-17,643216
Laurentides,INSTITUTIONNEL,35877232.9,2021,0.8660254037844387,-0.4999999999999998,643216
Laurentides,INDUSTRIEL,61329083.4,2021,0.49999999999999994,-0.8660254037844387,643216
Laurentides,INSTITUTIONNEL,32051453.0,2021,1.2246467991473532e-16,-1.0,643216
Laurentides,INDUSTRIEL,59907850.0,2021,-0.4999999999999997,-0.8660254037844388,643216
Laurentides,AGRICOLE,8287560.0,2021,-0.8660254037844385,-0.5000000000000004,643216
Laurentides,COMMERCIAL,167678773.7,2021,-0.8660254037844385,-0.5000000000000004,643216
Laurentides,INSTITUTIONNEL,32284148.5,2021,-1.0,-1.8369701987210297e-16,643216
Laurentides,COMMERCIAL,160204837.4,2021,-0.8660254037844386,0.5000000000000001,643216
Laurentides,RÉSIDENTIEL,366848269.0,2021,-0.8660254037844386,0.5000000000000001,643216
Laurentides,INSTITUTIONNEL,41918073.4,2021,-0.5000000000000004,0.8660254037844384,643216
Laurentides,AGRICOLE,13093520.0,2021,-2.4492935982947064e-16,1.0,643216
Laurentides,COMMERCIAL,215118859.2,2021,-2.4492935982947064e-16,1.0,643216
Laurentides,INSTITUTIONNEL,48605419.1,2021,-2.4492935982947064e-16,1.0,643216
Laurentides,AGRICOLE,14068753.0,2022,0.8660254037844386,0.5000000000000001,653655
Laurentides,COMMERCIAL,205484455.0,2022,0.8660254037844386,0.5000000000000001,653655
Laurentides,INDUSTRIEL,61224189.6,2022,0.8660254037844386,0.5000000000000001,653655
Laurentides,INSTITUTIONNEL,47229286.2,2022,0.8660254037844386,0.5000000000000001,653655
Laurentides,RÉSIDENTIEL,748416652.0,2022,1.0,6.123233995736766e-17,653655
Laurentides,COMMERCIAL,154828316.4,2022,0.49999999999999994,-0.8660254037844387,653655
Laurentides,INSTITUTIONNEL,33725790.5,2022,0.49999999999999994,-0.8660254037844387,653655
Laurentides,COMMERCIAL,154043475.20000002,2022,1.2246467991473532e-16,-1.0,653655
Laurentides,RÉSIDENTIEL,331110658.0,2022,1.2246467991473532e-16,-1.0,653655
Laurentides,INSTITUTIONNEL,32143190.7,2022,-0.4999999999999997,-0.8660254037844388,653655
Laurentides,RÉSIDENTIEL,353447019.0,2022,-0.4999999999999997,-0.8660254037844388,653655
Laurentides,INDUSTRIEL,60564900.39999999,2022,-0.8660254037844385,-0.5000000000000004,653655
Laurentides,INDUSTRIEL,55850869.2,2022,-1.0,-1.8369701987210297e-16,653655
Laurentides,INSTITUTIONNEL,33537914.6,2022,-1.0,-1.8369701987210297e-16,653655
Laurentides,INDUSTRIEL,60718163.6,2022,-0.8660254037844386,0.5000000000000001,653655
Laurentides,RÉSIDENTIEL,396438955.0,2022,-0.8660254037844386,0.5000000000000001,653655
Laurentides,RÉSIDENTIEL,551978533.0,2022,-0.5000000000000004,0.8660254037844384,653655
Laurentides,INDUSTRIEL,60711187.0,2022,-2.4492935982947064e-16,1.0,653655
Laurentides,COMMERCIAL,219681569.3,2023,0.49999999999999994,0.8660254037844387,663358
Laurentides,INDUSTRIEL,64704610.8,2023,0.49999999999999994,0.8660254037844387,663358
Laurentides,INSTITUTIONNEL,37947129.3,2023,0.8660254037844387,-0.4999999999999998,663358
Laurentides,RÉSIDENTIEL,385088587.0,2023,0.49999999999999994,-0.8660254037844387,663358
Laurentides,AGRICOLE,6876998.0,2023,1.2246467991473532e-16,-1.0,663358
Laurentides,AGRICOLE,7567445.0,2023,-0.4999999999999997,-0.8660254037844388,663358
Laurentides,INSTITUTIONNEL,31517344.4,2023,-0.4999999999999997,-0.8660254037844388,663358
Laurentides,RÉSIDENTIEL,346441378.0,2023,-0.8660254037844385,-0.5000000000000004,663358
Laurentides,INDUSTRIEL,56599804.3,2023,-1.0,-1.8369701987210297e-16,663358
Laurentides,INSTITUTIONNEL,31831018.7,2023,-1.0,-1.8369701987210297e-16,663358
Laurentides,AGRICOLE,9105234.0,2023,-0.8660254037844386,0.5000000000000001,663358
Laurentides,COMMERCIAL,174927288.8,2023,-0.8660254037844386,0.5000000000000001,663358
Laurentides,INDUSTRIEL,56887292.4,2023,-0.8660254037844386,0.5000000000000001,663358
Laurentides,COMMERCIAL,206467880.7,2023,-0.5000000000000004,0.8660254037844384,663358
Laurentides,INDUSTRIEL,57747711.6,2023,-0.5000000000000004,0.8660254037844384,663358
Laurentides,INSTITUTIONNEL,42598885.6,2023,-0.5000000000000004,0.8660254037844384,663358
Laval,AGRICOLE,894931.0,2016,0.49999999999999994,0.8660254037844387,425838
Laval,INSTITUTIONNEL,26579179.4,2016,0.49999999999999994,0.8660254037844387,425838
Laval,AGRICOLE,894526.0,2016,0.8660254037844386,0.5000000000000001,425838
Laval,COMMERCIAL,128070813.6,2016,0.8660254037844386,0.5000000000000001,425838
Laval,INDUSTRIEL,32193233.9,2016,0.8660254037844386,0.5000000000000001,425838
Laval,COMMERCIAL,122453751.8,2016,1.0,6.123233995736766e-17,425838
Laval,RÉSIDENTIEL,360026629.0,2016,1.0,6.123233995736766e-17,425838
Laval,AGRICOLE,821499.0,2016,0.8660254037844387,-0.4999999999999998,425838
Laval,INDUSTRIEL,31824580.9,2016,0.8660254037844387,-0.4999999999999998,425838
Laval,RÉSIDENTIEL,269249483.0,2016,0.8660254037844387,-0.4999999999999998,425838
Laval,AGRICOLE,704279.0,2016,0.49999999999999994,-0.8660254037844387,425838
Laval,COMMERCIAL,104156603.1,2016,0.49999999999999994,-0.8660254037844387,425838
Laval,INDUSTRIEL,32269736.509677418,2016,0.49999999999999994,-0.8660254037844387,425838
Laval,INDUSTRIEL,31725942.49032258,2016,1.2246467991473532e-16,-1.0,425838
Laval,INSTITUTIONNEL,18716711.6,2016,1.2246467991473532e-16,-1.0,425838
Laval,INSTITUTIONNEL,18557094.6,2016,-0.4999999999999997,-0.8660254037844388,425838
Laval,RÉSIDENTIEL,179839339.0,2016,-0.4999999999999997,-0.8660254037844388,425838
Laval,RÉSIDENTIEL,183333980.0,2016,-0.8660254037844385,-0.5000000000000004,425838
Laval,INSTITUTIONNEL,18663677.0,2016,-1.0,-1.8369701987210297e-16,425838
Laval,COMMERCIAL,110421904.4,2016,-0.5000000000000004,0.8660254037844384,425838
Laval,INSTITUTIONNEL,25148092.2,2016,-2.4492935982947064e-16,1.0,425838
Laval,RÉSIDENTIEL,427956822.0,2016,-2.4492935982947064e-16,1.0,425838
Laval,AGRICOLE,856065.0,2017,0.8660254037844386,0.5000000000000001,429570
Laval,INDUSTRIEL,33349895.91440092,2017,0.8660254037844386,0.5000000000000001,429570
Laval,INSTITUTIONNEL,23193695.4,2017,0.8660254037844386,0.5000000000000001,429570
Laval,INDUSTRIEL,38968105.817857146,2017,1.0,6.123233995736766e-17,429570
Laval,COMMERCIAL,101206402.9,2017,0.8660254037844387,-0.4999999999999998,429570
Laval,INDUSTRIEL,33221761.35,2017,0.8660254037844387,-0.4999999999999998,429570
Laval,COMMERCIAL,100105842.0,2017,0.49999999999999994,-0.8660254037844387,429570
Laval,AGRICOLE,630200.0,2017,1.2246467991473532e-16,-1.0,429570
Laval,INDUSTRIEL,34330571.103225805,2017,1.2246467991473532e-16,-1.0,429570
Laval,INDUSTRIEL,34219534.98387097,2017,-0.4999999999999997,-0.8660254037844388,429570
Laval,COMMERCIAL,106091193.4,2017,-0.8660254037844385,-0.5000000000000004,429570
Laval,INSTITUTIONNEL,18794440.6,2017,-0.8660254037844385,-0.5000000000000004,429570
Laval,COMMERCIAL,100482794.5,2017,-1.0,-1.8369701987210297e-16,429570
Laval,COMMERCIAL,99172181.5,2017,-0.8660254037844386,0.5000000000000001,429570
Laval,AGRICOLE,750582.0,2017,-0.5000000000000004,0.8660254037844384,429570
Laval,INSTITUTIONNEL,22722237.0,2017,-0.5000000000000004,0.8660254037844384,429570
Laval,COMMERCIAL,139272892.1,2017,-2.4492935982947064e-16,1.0,429570
Laval,INDUSTRIEL,35363219.3,2017,-2.4492935982947064e-16,1.0,429570
Laval,AGRICOLE,1053586.0,2018,0.49999999999999994,0.8660254037844387,434464
Laval,INSTITUTIONNEL,27686079.2,2018,0.49999999999999994,0.8660254037844387,434464
Laval,AGRICOLE,949054.0,2018,0.8660254037844386,0.5000000000000001,434464
Laval,INSTITUTIONNEL,23898856.8,2018,0.8660254037844386,0.5000000000000001,434464
Laval,COMMERCIAL,122109172.6,2018,1.0,6.123233995736766e-17,434464
Laval,INDUSTRIEL,37459081.28928572,2018,1.0,6.123233995736766e-17,434464
Laval,AGRICOLE,915570.0,2018,0.8660254037844387,-0.4999999999999998,434464
Laval,COMMERCIAL,110316830.8,2018,0.8660254037844387,-0.4999999999999998,434464
Laval,INDUSTRIEL,35696231.2,2018,0.8660254037844387,-0.4999999999999998,434464
Laval,AGRICOLE,723933.0,2018,0.49999999999999994,-0.8660254037844387,434464
Laval,COMMERCIAL,103579128.0,2018,0.49999999999999994,-0.8660254037844387,434464
Laval,AGRICOLE,662794.0,2018,1.2246467991473532e-16,-1.0,434464
Laval,INDUSTRIEL,34842628.15483871,2018,1.2246467991473532e-16,-1.0,434464
Laval,INSTITUTIONNEL,18609270.6,2018,1.2246467991473532e-16,-1.0,434464
Laval,AGRICOLE,968653.0,2018,-0.4999999999999997,-0.8660254037844388,434464
Laval,COMMERCIAL,114711005.1,2018,-0.8660254037844385,-0.5000000000000004,434464
Laval,INSTITUTIONNEL,19489641.4,2018,-0.8660254037844385,-0.5000000000000004,434464
Laval,AGRICOLE,743074.0,2018,-1.0,-1.8369701987210297e-16,434464
Laval,COMMERCIAL,102021682.4,2018,-1.0,-1.8369701987210297e-16,434464
Laval,AGRICOLE,837539.0,2018,-0.8660254037844386,0.5000000000000001,434464
Laval,COMMERCIAL,121913481.9,2018,-0.5000000000000004,0.8660254037844384,434464
Laval,AGRICOLE,937421.0,2018,-2.4492935982947064e-16,1.0,434464
Laval,COMMERCIAL,134229868.9,2018,-2.4492935982947064e-16,1.0,434464
Laval,INSTITUTIONNEL,25892918.6,2018,-2.4492935982947064e-16,1.0,434464
Laval,AGRICOLE,1063289.0,2019,0.49999999999999994,0.8660254037844387,438498
Laval,RÉSIDENTIEL,543648043.0,2019,0.49999999999999994,0.8660254037844387,438498
Laval,AGRICOLE,1041383.0,2019,0.8660254037844386,0.5000000000000001,438498
Laval,INSTITUTIONNEL,25263209.4,2019,1.0,6.123233995736766e-17,438498
Laval,AGRICOLE,884265.0,2019,0.8660254037844387,-0.4999999999999998,438498
Laval,AGRICOLE,746271.0,2019,0.49999999999999994,-0.8660254037844387,438498
Laval,INDUSTRIEL,34542156.66612903,2019,0.49999999999999994,-0.8660254037844387,438498
Laval,COMMERCIAL,113907782.3,2019,-0.4999999999999997,-0.8660254037844388,438498
Laval,INSTITUTIONNEL,19562734.0,2019,-0.4999999999999997,-0.8660254037844388,438498
Laval,COMMERCIAL,108923132.7,2019,-0.8660254037844385,-0.5000000000000004,438498
Laval,INDUSTRIEL,33884715.43225806,2019,-0.8660254037844385,-0.5000000000000004,438498
Laval,RÉSIDENTIEL,197625520.0,2019,-0.8660254037844386,0.5000000000000001,438498
Laval,AGRICOLE,981382.0,2019,-0.5000000000000004,0.8660254037844384,438498
Laval,COMMERCIAL,121702026.2,2019,-0.5000000000000004,0.8660254037844384,438498
Laval,INDUSTRIEL,35151222.17741936,2019,-0.5000000000000004,0.8660254037844384,438498
Laval,INSTITUTIONNEL,23420349.2,2019,-0.5000000000000004,0.8660254037844384,438498
Laval,AGRICOLE,1009885.0,2019,-2.4492935982947064e-16,1.0,438498
Laval,COMMERCIAL,134530085.7,2019,-2.4492935982947064e-16,1.0,438498
Laval,AGRICOLE,1042814.0,2020,0.8660254037844386,0.5000000000000001,441071
Laval,COMMERCIAL,127698264.0,2020,0.8660254037844386,0.5000000000000001,441071
Laval,INDUSTRIEL,33966570.78476085,2020,0.8660254037844386,0.5000000000000001,441071
Laval,RÉSIDENTIEL,426680837.0,2020,0.8660254037844386,0.5000000000000001,441071
Laval,AGRICOLE,1010399.0,2020,1.0,6.123233995736766e-17,441071
Laval,INDUSTRIEL,27534105.160108376,2020,0.8660254037844387,-0.4999999999999998,441071
Laval,INSTITUTIONNEL,20293843.6,2020,0.8660254037844387,-0.4999999999999998,441071
Laval,RÉSIDENTIEL,282059671.0,2020,0.8660254037844387,-0.4999999999999998,441071
Laval,AGRICOLE,714783.0,2020,0.49999999999999994,-0.8660254037844387,441071
Laval,INDUSTRIEL,30051556.449569043,2020,0.49999999999999994,-0.8660254037844387,441071
Laval,RÉSIDENTIEL,215453334.0,2020,0.49999999999999994,-0.8660254037844387,441071
Laval,INDUSTRIEL,33511438.258064512,2020,-0.8660254037844385,-0.5000000000000004,441071
Laval,AGRICOLE,803823.0,2020,-1.0,-1.8369701987210297e-16,441071
Laval,INSTITUTIONNEL,18763650.7,2020,-1.0,-1.8369701987210297e-16,441071
Laval,AGRICOLE,850223.0,2020,-0.8660254037844386,0.5000000000000001,441071
Laval,INSTITUTIONNEL,20724390.9,2020,-0.8660254037844386,0.5000000000000001,441071
Laval,AGRICOLE,811860.0,2020,-0.5000000000000004,0.8660254037844384,441071
Laval,COMMERCIAL,105654047.4,2020,-0.5000000000000004,0.8660254037844384,441071
Laval,RÉSIDENTIEL,287998355.0,2020,-0.5000000000000004,0.8660254037844384,441071
Laval,AGRICOLE,921050.0,2020,-2.4492935982947064e-16,1.0,441071
Laval,INDUSTRIEL,32280655.032258064,2020,-2.4492935982947064e-16,1.0,441071
Laval,INSTITUTIONNEL,24690200.3,2020,-2.4492935982947064e-16,1.0,441071
Laval,RÉSIDENTIEL,418971353.0,2020,-2.4492935982947064e-16,1.0,441071
Laval,COMMERCIAL,126996373.3,2021,0.49999999999999994,0.8660254037844387,440489
Laval,INSTITUTIONNEL,25151006.1,2021,0.49999999999999994,0.8660254037844387,440489
Laval,RÉSIDENTIEL,469785384.0,2021,0.49999999999999994,0.8660254037844387,440489
Laval,AGRICOLE,1008414.0,2021,0.8660254037844386,0.5000000000000001,440489
Laval,AGRICOLE,1013238.0,2021,1.0,6.123233995736766e-17,440489
Laval,INSTITUTIONNEL,24335520.7,2021,1.0,6.123233995736766e-17,440489
Laval,RÉSIDENTIEL,364777910.0,2021,1.0,6.123233995736766e-17,440489
Laval,COMMERCIAL,95998386.3,2021,0.8660254037844387,-0.4999999999999998,440489
Laval,AGRICOLE,775193.0,2021,0.49999999999999994,-0.8660254037844387,440489
Laval,COMMERCIAL,95340158.3,2021,0.49999999999999994,-0.8660254037844387,440489
Laval,INSTITUTIONNEL,19277738.3,2021,0.49999999999999994,-0.8660254037844387,440489
Laval,INDUSTRIEL,33087394.36129032,2021,1.2246467991473532e-16,-1.0,440489
Laval,INSTITUTIONNEL,18941382.7,2021,1.2246467991473532e-16,-1.0,440489
Laval,RÉSIDENTIEL,188438182.0,2021,1.2246467991473532e-16,-1.0,440489
Laval,RÉSIDENTIEL,193156632.0,2021,-0.4999999999999997,-0.8660254037844388,440489
Laval,INDUSTRIEL,33680673.245161295,2021,-0.8660254037844385,-0.5000000000000004,440489
Laval,AGRICOLE,847793.0,2021,-1.0,-1.8369701987210297e-16,440489
Laval,INSTITUTIONNEL,18443921.4,2021,-1.0,-1.8369701987210297e-16,440489
Laval,RÉSIDENTIEL,161770567.0,2021,-1.0,-1.8369701987210297e-16,440489
Laval,INDUSTRIEL,31924753.8,2021,-0.8660254037844386,0.5000000000000001,440489
Laval,INSTITUTIONNEL,21965249.4,2021,-0.5000000000000004,0.8660254037844384,440489
Laval,RÉSIDENTIEL,298010481.0,2021,-0.5000000000000004,0.8660254037844384,440489
Laval,COMMERCIAL,130161938.9,2021,-2.4492935982947064e-16,1.0,440489
Laval,INDUSTRIEL,30893688.974193547,2021,-2.4492935982947064e-16,1.0,440489
Laval,INDUSTRIEL,34983288.841935486,2022,0.49999999999999994,0.8660254037844387,443792
Laval,INSTITUTIONNEL,28249812.3,2022,0.49999999999999994,0.8660254037844387,443792
Laval,COMMERCIAL,129218214.0,2022,0.8660254037844386,0.5000000000000001,443792
Laval,INDUSTRIEL,32278140.04458525,2022,0.8660254037844386,0.5000000000000001,443792
Laval,INSTITUTIONNEL,25024711.0,2022,0.8660254037844386,0.5000000000000001,443792
Laval,RÉSIDENTIEL,460553513.0,2022,0.8660254037844386,0.5000000000000001,443792
Laval,COMMERCIAL,126168623.6,2022,1.0,6.123233995736766e-17,443792
Laval,COMMERCIAL,103704948.0,2022,0.8660254037844387,-0.4999999999999998,443792
Laval,AGRICOLE,622996.0,2022,0.49999999999999994,-0.8660254037844387,443792
Laval,INSTITUTIONNEL,18439926.3,2022,1.2246467991473532e-16,-1.0,443792
Laval,AGRICOLE,870685.0,2022,-0.4999999999999997,-0.8660254037844388,443792
Laval,COMMERCIAL,106093078.3,2022,-0.4999999999999997,-0.8660254037844388,443792
Laval,COMMERCIAL,106544324.6,2022,-0.8660254037844385,-0.5000000000000004,443792
Laval,RÉSIDENTIEL,190921238.0,2022,-0.8660254037844385,-0.5000000000000004,443792
Laval,AGRICOLE,810129.0,2022,-0.8660254037844386,0.5000000000000001,443792
Laval,INSTITUTIONNEL,19988951.2,2022,-0.8660254037844386,0.5000000000000001,443792
Laval,AGRICOLE,753493.0,2022,-0.5000000000000004,0.8660254037844384,443792
Laval,COMMERCIAL,110529517.8,2022,-0.5000000000000004,0.8660254037844384,443792
Laval,INSTITUTIONNEL,21478560.1,2022,-0.5000000000000004,0.8660254037844384,443792
Laval,RÉSIDENTIEL,280194087.0,2022,-0.5000000000000004,0.8660254037844384,443792
Laval,INDUSTRIEL,29451535.47419355,2022,-2.4492935982947064e-16,1.0,443792
Laval,RÉSIDENTIEL,406332121.0,2022,-2.4492935982947064e-16,1.0,443792
Laval,COMMERCIAL,133936591.7,2023,0.49999999999999994,0.8660254037844387,450710
Laval,INSTITUTIONNEL,26546678.5,2023,0.49999999999999994,0.8660254037844387,450710
Laval,AGRICOLE,967850.0,2023,0.8660254037844386,0.5000000000000001,450710
Laval,RÉSIDENTIEL,440199843.0,2023,0.8660254037844386,0.5000000000000001,450710
Laval,INDUSTRIEL,32294552.82142857,2023,1.0,6.123233995736766e-17,450710
Laval,COMMERCIAL,100741925.4,2023,0.8660254037844387,-0.4999999999999998,450710
Laval,INDUSTRIEL,27978754.65,2023,0.8660254037844387,-0.4999999999999998,450710
Laval,RÉSIDENTIEL,246692019.0,2023,0.8660254037844387,-0.4999999999999998,450710
Laval,AGRICOLE,707389.0,2023,0.49999999999999994,-0.8660254037844387,450710
Laval,RÉSIDENTIEL,191013872.0,2023,0.49999999999999994,-0.8660254037844387,450710
Laval,AGRICOLE,650372.0,2023,1.2246467991473532e-16,-1.0,450710
Laval,INSTITUTIONNEL,18106969.8,2023,1.2246467991473532e-16,-1.0,450710
Laval,RÉSIDENTIEL,180361149.0,2023,1.2246467991473532e-16,-1.0,450710
Laval,COMMERCIAL,108552495.1,2023,-0.4999999999999997,-0.8660254037844388,450710
Laval,COMMERCIAL,102957347.3,2023,-0.8660254037844385,-0.5000000000000004,450710
Laval,AGRICOLE,928048.0,2023,-0.8660254037844386,0.5000000000000001,450710
Laval,INDUSTRIEL,30234629.11935484,2023,-0.8660254037844386,0.5000000000000001,450710
Laval,INSTITUTIONNEL,20026891.1,2023,-0.8660254037844386,0.5000000000000001,450710
Laval,AGRICOLE,819459.0,2023,-0.5000000000000004,0.8660254037844384,450710
Laval,INSTITUTIONNEL,22115677.9,2023,-0.5000000000000004,0.8660254037844384,450710
Laval,RÉSIDENTIEL,401913313.0,2023,-2.4492935982947064e-16,1.0,450710
Mauricie,AGRICOLE,8811885.0,2016,0.49999999999999994,0.8660254037844387,266790
Mauricie,INDUSTRIEL,212315560.9110468,2016,1.0,6.123233995736766e-17,266790
Mauricie,INDUSTRIEL,201033942.40356627,2016,0.8660254037844387,-0.4999999999999998,266790
Mauricie,INSTITUTIONNEL,21376519.0,2016,0.8660254037844387,-0.4999999999999998,266790
Mauricie,COMMERCIAL,63396461.0,2016,0.49999999999999994,-0.8660254037844387,266790
Mauricie,INDUSTRIEL,191092832.15824404,2016,0.49999999999999994,-0.8660254037844387,266790
Mauricie,RÉSIDENTIEL,134621101.0,2016,0.49999999999999994,-0.8660254037844387,266790
Mauricie,AGRICOLE,4883647.0,2016,1.2246467991473532e-16,-1.0,266790
Mauricie,INDUSTRIEL,188126357.4566831,2016,1.2246467991473532e-16,-1.0,266790
Mauricie,INSTITUTIONNEL,17237437.0,2016,1.2246467991473532e-16,-1.0,266790
Mauricie,RÉSIDENTIEL,115199099.0,2016,-0.4999999999999997,-0.8660254037844388,266790
Mauricie,COMMERCIAL,66226766.0,2016,-0.8660254037844385,-0.5000000000000004,266790
Mauricie,RÉSIDENTIEL,119538039.0,2016,-0.8660254037844385,-0.5000000000000004,266790
Mauricie,AGRICOLE,5366405.0,2016,-1.0,-1.8369701987210297e-16,266790
Mauricie,COMMERCIAL,61331499.4,2016,-1.0,-1.8369701987210297e-16,266790
Mauricie,INDUSTRIEL,194045076.38677415,2016,-1.0,-1.8369701987210297e-16,266790
Mauricie,INSTITUTIONNEL,20315522.0,2016,-0.8660254037844386,0.5000000000000001,266790
Mauricie,RÉSIDENTIEL,151893130.0,2016,-0.8660254037844386,0.5000000000000001,266790
Mauricie,AGRICOLE,7888394.0,2016,-0.5000000000000004,0.8660254037844384,266790
Mauricie,COMMERCIAL,67708957.6,2016,-0.5000000000000004,0.8660254037844384,266790
Mauricie,INSTITUTIONNEL,21428547.0,2016,-0.5000000000000004,0.8660254037844384,266790
Mauricie,AGRICOLE,8665993.0,2017,0.49999999999999994,0.8660254037844387,267648
Mauricie,RÉSIDENTIEL,311530944.0,2017,0.49999999999999994,0.8660254037844387,267648
Mauricie,RÉSIDENTIEL,270866798.0,2017,0.8660254037844386,0.5000000000000001,267648
Mauricie,AGRICOLE,7638735.0,2017,1.0,6.123233995736766e-17,267648
Mauricie,INSTITUTIONNEL,25054857.0,2017,1.0,6.123233995736766e-17,267648
Mauricie,COMMERCIAL,64427506.0,2017,0.8660254037844387,-0.4999999999999998,267648
Mauricie,INDUSTRIEL,154981328.6346159,2017,0.8660254037844387,-0.4999999999999998,267648
Mauricie,INSTITUTIONNEL,21127867.0,2017,0.8660254037844387,-0.4999999999999998,267648
Mauricie,COMMERCIAL,62669185.8,2017,0.49999999999999994,-0.8660254037844387,267648
Mauricie,INDUSTRIEL,155096604.93371746,2017,0.49999999999999994,-0.8660254037844387,267648
Mauricie,INSTITUTIONNEL,19226081.0,2017,0.49999999999999994,-0.8660254037844387,267648
Mauricie,INDUSTRIEL,162493486.5941782,2017,1.2246467991473532e-16,-1.0,267648
Mauricie,INSTITUTIONNEL,17552379.0,2017,1.2246467991473532e-16,-1.0,267648
Mauricie,INDUSTRIEL,166149923.98691726,2017,-0.4999999999999997,-0.8660254037844388,267648
Mauricie,INSTITUTIONNEL,16854111.0,2017,-0.4999999999999997,-0.8660254037844388,267648
Mauricie,RÉSIDENTIEL,114733792.0,2017,-0.4999999999999997,-0.8660254037844388,267648
Mauricie,INSTITUTIONNEL,17861206.0,2017,-0.8660254037844385,-0.5000000000000004,267648
Mauricie,RÉSIDENTIEL,108620207.0,2017,-1.0,-1.8369701987210297e-16,267648
Mauricie,COMMERCIAL,73955308.4,2017,-0.5000000000000004,0.8660254037844384,267648
Mauricie,AGRICOLE,9655146.0,2017,-2.4492935982947064e-16,1.0,267648
Mauricie,INDUSTRIEL,175910542.1246711,2017,-2.4492935982947064e-16,1.0,267648
Mauricie,RÉSIDENTIEL,344461228.0,2017,-2.4492935982947064e-16,1.0,267648
Mauricie,COMMERCIAL,78150645.6,2018,1.0,6.123233995736766e-17,268119
Mauricie,RÉSIDENTIEL,250495462.0,2018,1.0,6.123233995736766e-17,268119
Mauricie,AGRICOLE,5902204.0,2018,0.8660254037844387,-0.4999999999999998,268119
Mauricie,INSTITUTIONNEL,21597300.0,2018,0.8660254037844387,-0.4999999999999998,268119
Mauricie,RÉSIDENTIEL,210661662.0,2018,0.8660254037844387,-0.4999999999999998,268119
Mauricie,AGRICOLE,5095972.0,2018,0.49999999999999994,-0.8660254037844387,268119
Mauricie,COMMERCIAL,63213913.8,2018,0.49999999999999994,-0.8660254037844387,268119
Mauricie,INDUSTRIEL,167610797.17136264,2018,0.49999999999999994,-0.8660254037844387,268119
Mauricie,INSTITUTIONNEL,18933925.0,2018,0.49999999999999994,-0.8660254037844387,268119
Mauricie,RÉSIDENTIEL,130137577.0,2018,0.49999999999999994,-0.8660254037844387,268119
Mauricie,COMMERCIAL,62219345.0,2018,1.2246467991473532e-16,-1.0,268119
Mauricie,COMMERCIAL,68798361.8,2018,-0.4999999999999997,-0.8660254037844388,268119
Mauricie,INDUSTRIEL,165931981.4546947,2018,-0.4999999999999997,-0.8660254037844388,268119
Mauricie,INSTITUTIONNEL,18612266.0,2018,-0.8660254037844385,-0.5000000000000004,268119
Mauricie,RÉSIDENTIEL,121832914.0,2018,-0.8660254037844385,-0.5000000000000004,268119
Mauricie,INDUSTRIEL,161595977.03217804,2018,-1.0,-1.8369701987210297e-16,268119
Mauricie,INSTITUTIONNEL,18386189.0,2018,-1.0,-1.8369701987210297e-16,268119
Mauricie,COMMERCIAL,67740161.0,2018,-0.8660254037844386,0.5000000000000001,268119
Mauricie,INSTITUTIONNEL,20984475.0,2018,-0.8660254037844386,0.5000000000000001,268119
Mauricie,AGRICOLE,8796576.0,2018,-0.5000000000000004,0.8660254037844384,268119
Mauricie,COMMERCIAL,78627249.8,2018,-0.5000000000000004,0.8660254037844384,268119
Mauricie,INDUSTRIEL,172785549.9898578,2018,-0.5000000000000004,0.8660254037844384,268119
Mauricie,RÉSIDENTIEL,252198686.0,2018,-0.5000000000000004,0.8660254037844384,268119
Mauricie,AGRICOLE,9702171.0,2018,-2.4492935982947064e-16,1.0,268119
Mauricie,INDUSTRIEL,179105297.77850527,2018,-2.4492935982947064e-16,1.0,268119
Mauricie,INSTITUTIONNEL,25401752.0,2018,-2.4492935982947064e-16,1.0,268119
Mauricie,AGRICOLE,10191208.0,2019,0.49999999999999994,0.8660254037844387,269354
Mauricie,INDUSTRIEL,183749028.2129464,2019,0.49999999999999994,0.8660254037844387,269354
Mauricie,INSTITUTIONNEL,27173052.0,2019,0.49999999999999994,0.8660254037844387,269354
Mauricie,INSTITUTIONNEL,24358535.0,2019,0.8660254037844386,0.5000000000000001,269354
Mauricie,AGRICOLE,8108384.0,2019,1.0,6.123233995736766e-17,269354
Mauricie,RÉSIDENTIEL,280441384.0,2019,1.0,6.123233995736766e-17,269354
Mauricie,COMMERCIAL,69065166.6,2019,0.8660254037844387,-0.4999999999999998,269354
Mauricie,RÉSIDENTIEL,146339757.0,2019,0.49999999999999994,-0.8660254037844387,269354
Mauricie,COMMERCIAL,61123823.4,2019,1.2246467991473532e-16,-1.0,269354
Mauricie,INDUSTRIEL,178603822.66358227,2019,1.2246467991473532e-16,-1.0,269354
Mauricie,AGRICOLE,5536784.0,2019,-0.4999999999999997,-0.8660254037844388,269354
Mauricie,COMMERCIAL,68837545.2,2019,-0.4999999999999997,-0.8660254037844388,269354
Mauricie,INDUSTRIEL,187015757.01531652,2019,-0.4999999999999997,-0.8660254037844388,269354
Mauricie,AGRICOLE,5428454.0,2019,-0.8660254037844385,-0.5000000000000004,269354
Mauricie,INSTITUTIONNEL,18842386.0,2019,-0.8660254037844385,-0.5000000000000004,269354
Mauricie,COMMERCIAL,64145346.4,2019,-0.8660254037844386,0.5000000000000001,269354
Mauricie,COMMERCIAL,76860804.2,2019,-0.5000000000000004,0.8660254037844384,269354
Mauricie,INSTITUTIONNEL,23523333.0,2019,-0.5000000000000004,0.8660254037844384,269354
Mauricie,RÉSIDENTIEL,247781845.0,2019,-0.5000000000000004,0.8660254037844384,269354
Mauricie,INDUSTRIEL,171396231.5064516,2019,-2.4492935982947064e-16,1.0,269354
Mauricie,RÉSIDENTIEL,313774934.0,2019,-2.4492935982947064e-16,1.0,269354
Mauricie,INDUSTRIEL,188884544.1213758,2020,0.49999999999999994,0.8660254037844387,271594
Mauricie,RÉSIDENTIEL,323171526.0,2020,0.49999999999999994,0.8660254037844387,271594
Mauricie,COMMERCIAL,76713920.8,2020,1.0,6.123233995736766e-17,271594
Mauricie,INDUSTRIEL,190021641.1542896,2020,1.0,6.123233995736766e-17,271594
Mauricie,INSTITUTIONNEL,23202264.0,2020,1.0,6.123233995736766e-17,271594
Mauricie,INDUSTRIEL,156264669.97031313,2020,0.8660254037844387,-0.4999999999999998,271594
Mauricie,INSTITUTIONNEL,19014881.0,2020,0.8660254037844387,-0.4999999999999998,271594
Mauricie,INDUSTRIEL,151881964.7226488,2020,1.2246467991473532e-16,-1.0,271594
Mauricie,INSTITUTIONNEL,16903451.0,2020,1.2246467991473532e-16,-1.0,271594
Mauricie,RÉSIDENTIEL,126711220.0,2020,1.2246467991473532e-16,-1.0,271594
Mauricie,AGRICOLE,5736970.0,2020,-0.4999999999999997,-0.8660254037844388,271594
Mauricie,COMMERCIAL,66649245.4,2020,-0.4999999999999997,-0.8660254037844388,271594
Mauricie,INDUSTRIEL,172633919.25835735,2020,-0.4999999999999997,-0.8660254037844388,271594
Mauricie,AGRICOLE,5332367.0,2020,-1.0,-1.8369701987210297e-16,271594
Mauricie,COMMERCIAL,59508410.6,2020,-1.0,-1.8369701987210297e-16,271594
Mauricie,INDUSTRIEL,169855684.5725,2020,-1.0,-1.8369701987210297e-16,271594
Mauricie,INDUSTRIEL,182304087.60947388,2020,-0.8660254037844386,0.5000000000000001,271594
Mauricie,INSTITUTIONNEL,20406060.0,2020,-0.8660254037844386,0.5000000000000001,271594
Mauricie,AGRICOLE,8990533.0,2020,-0.5000000000000004,0.8660254037844384,271594
Mauricie,COMMERCIAL,70301251.2,2020,-0.5000000000000004,0.8660254037844384,271594
Mauricie,INSTITUTIONNEL,21312037.0,2020,-0.5000000000000004,0.8660254037844384,271594
Mauricie,INDUSTRIEL,187602239.4191731,2020,-2.4492935982947064e-16,1.0,271594
Mauricie,INSTITUTIONNEL,24460474.0,2020,-2.4492935982947064e-16,1.0,271594
Mauricie,RÉSIDENTIEL,299673680.0,2020,-2.4492935982947064e-16,1.0,271594
Mauricie,COMMERCIAL,84583166.6,2021,0.49999999999999994,0.8660254037844387,274353
Mauricie,INDUSTRIEL,181931012.29343733,2021,0.49999999999999994,0.8660254037844387,274353
Mauricie,INDUSTRIEL,169506788.50437564,2021,0.8660254037844386,0.5000000000000001,274353
Mauricie,INSTITUTIONNEL,22619088.0,2021,0.8660254037844386,0.5000000000000001,274353
Mauricie,RÉSIDENTIEL,298907141.0,2021,0.8660254037844386,0.5000000000000001,274353
Mauricie,INSTITUTIONNEL,23726476.0,2021,1.0,6.123233995736766e-17,274353
Mauricie,COMMERCIAL,61801981.0,2021,0.49999999999999994,-0.8660254037844387,274353
Mauricie,INDUSTRIEL,162902857.77726397,2021,0.49999999999999994,-0.8660254037844387,274353
Mauricie,INSTITUTIONNEL,18352642.0,2021,0.49999999999999994,-0.8660254037844387,274353
Mauricie,RÉSIDENTIEL,139023689.0,2021,0.49999999999999994,-0.8660254037844387,274353
Mauricie,INDUSTRIEL,165785210.04704192,2021,1.2246467991473532e-16,-1.0,274353
Mauricie,AGRICOLE,5637112.0,2021,-0.4999999999999997,-0.8660254037844388,274353
Mauricie,COMMERCIAL,65534696.8,2021,-0.4999999999999997,-0.8660254037844388,274353
Mauricie,INSTITUTIONNEL,17872948.0,2021,-0.4999999999999997,-0.8660254037844388,274353
Mauricie,COMMERCIAL,70311429.8,2021,-0.8660254037844385,-0.5000000000000004,274353
Mauricie,INDUSTRIEL,174905416.20361367,2021,-0.8660254037844385,-0.5000000000000004,274353
Mauricie,INSTITUTIONNEL,19097348.0,2021,-0.8660254037844385,-0.5000000000000004,274353
Mauricie,COMMERCIAL,62211861.0,2021,-1.0,-1.8369701987210297e-16,274353
Mauricie,INSTITUTIONNEL,18403860.0,2021,-1.0,-1.8369701987210297e-16,274353
Mauricie,INSTITUTIONNEL,20017651.0,2021,-0.8660254037844386,0.5000000000000001,274353
Mauricie,RÉSIDENTIEL,137811162.0,2021,-0.8660254037844386,0.5000000000000001,274353
Mauricie,INDUSTRIEL,173123670.1677669,2021,-0.5000000000000004,0.8660254037844384,274353
Mauricie,INSTITUTIONNEL,22663939.0,2021,-0.5000000000000004,0.8660254037844384,274353
Mauricie,RÉSIDENTIEL,220138907.0,2021,-0.5000000000000004,0.8660254037844384,274353
Mauricie,AGRICOLE,9890095.0,2021,-2.4492935982947064e-16,1.0,274353
Mauricie,RÉSIDENTIEL,322174452.0,2021,-2.4492935982947064e-16,1.0,274353
Mauricie,AGRICOLE,10905344.0,2022,0.49999999999999994,0.8660254037844387,278560
Mauricie,AGRICOLE,9456419.0,2022,0.8660254037844386,0.5000000000000001,278560
Mauricie,AGRICOLE,8679743.0,2022,1.0,6.123233995736766e-17,278560
Mauricie,INSTITUTIONNEL,25591151.0,2022,1.0,6.123233995736766e-17,278560
Mauricie,RÉSIDENTIEL,284172967.0,2022,1.0,6.123233995736766e-17,278560
Mauricie,AGRICOLE,6803138.0,2022,0.8660254037844387,-0.4999999999999998,278560
Mauricie,INSTITUTIONNEL,22211208.0,2022,0.8660254037844387,-0.4999999999999998,278560
Mauricie,INSTITUTIONNEL,18791680.0,2022,0.49999999999999994,-0.8660254037844387,278560
Mauricie,AGRICOLE,5262030.0,2022,1.2246467991473532e-16,-1.0,278560
Mauricie,COMMERCIAL,62765516.0,2022,1.2246467991473532e-16,-1.0,278560
Mauricie,INSTITUTIONNEL,17487320.0,2022,1.2246467991473532e-16,-1.0,278560
Mauricie,COMMERCIAL,66849632.6,2022,-0.4999999999999997,-0.8660254037844388,278560
Mauricie,INSTITUTIONNEL,17616479.0,2022,-0.4999999999999997,-0.8660254037844388,278560
Mauricie,RÉSIDENTIEL,131841201.0,2022,-0.4999999999999997,-0.8660254037844388,278560
Mauricie,COMMERCIAL,62521363.6,2022,-1.0,-1.8369701987210297e-16,278560
Mauricie,INSTITUTIONNEL,18965901.0,2022,-1.0,-1.8369701987210297e-16,278560
Mauricie,AGRICOLE,7684250.0,2022,-0.8660254037844386,0.5000000000000001,278560
Mauricie,COMMERCIAL,63920266.0,2022,-0.8660254037844386,0.5000000000000001,278560
Mauricie,INDUSTRIEL,179479549.4955876,2022,-0.8660254037844386,0.5000000000000001,278560
Mauricie,RÉSIDENTIEL,147047756.0,2022,-0.8660254037844386,0.5000000000000001,278560
Mauricie,INSTITUTIONNEL,22990583.0,2022,-0.5000000000000004,0.8660254037844384,278560
Mauricie,RÉSIDENTIEL,216896020.0,2022,-0.5000000000000004,0.8660254037844384,278560
Mauricie,INDUSTRIEL,169832329.66176558,2022,-2.4492935982947064e-16,1.0,278560
Mauricie,INSTITUTIONNEL,25449978.0,2022,-2.4492935982947064e-16,1.0,278560
Mauricie,INDUSTRIEL,182021166.0248896,2023,0.49999999999999994,0.8660254037844387,282534
Mauricie,AGRICOLE,9216317.0,2023,0.8660254037844386,0.5000000000000001,282534
Mauricie,INSTITUTIONNEL,24789430.0,2023,0.8660254037844386,0.5000000000000001,282534
Mauricie,AGRICOLE,8635980.0,2023,1.0,6.123233995736766e-17,282534
Mauricie,INSTITUTIONNEL,24727692.0,2023,1.0,6.123233995736766e-17,282534
Mauricie,RÉSIDENTIEL,263602129.0,2023,1.0,6.123233995736766e-17,282534
Mauricie,INDUSTRIEL,165557513.050673,2023,0.8660254037844387,-0.4999999999999998,282534
Mauricie,RÉSIDENTIEL,191455795.0,2023,0.8660254037844387,-0.4999999999999998,282534
Mauricie,INDUSTRIEL,171777446.9814733,2023,0.49999999999999994,-0.8660254037844387,282534
Mauricie,INSTITUTIONNEL,19036207.0,2023,0.49999999999999994,-0.8660254037844387,282534
Mauricie,RÉSIDENTIEL,143561387.0,2023,0.49999999999999994,-0.8660254037844387,282534
Mauricie,RÉSIDENTIEL,125409457.0,2023,1.2246467991473532e-16,-1.0,282534
Mauricie,COMMERCIAL,69481495.9,2023,-0.4999999999999997,-0.8660254037844388,282534
Mauricie,RÉSIDENTIEL,137365926.0,2023,-0.4999999999999997,-0.8660254037844388,282534
Mauricie,INSTITUTIONNEL,18874200.0,2023,-0.8660254037844385,-0.5000000000000004,282534
Mauricie,COMMERCIAL,63913376.5,2023,-1.0,-1.8369701987210297e-16,282534
Mauricie,COMMERCIAL,78627465.80000001,2023,-0.5000000000000004,0.8660254037844384,282534
Mauricie,COMMERCIAL,86094901.80000001,2023,-2.4492935982947064e-16,1.0,282534
Mauricie,INDUSTRIEL,183760064.8888009,2023,-2.4492935982947064e-16,1.0,282534
Mauricie,INSTITUTIONNEL,25566443.0,2023,-2.4492935982947064e-16,1.0,282534
Montréal,AGRICOLE,903964.0,2016,0.49999999999999994,0.8660254037844387,1960740
Montréal,COMMERCIAL,983461507.0333334,2016,0.49999999999999994,0.8660254037844387,1960740
Montréal,INDUSTRIEL,344534841.67482835,2016,0.49999999999999994,0.8660254037844387,1960740
Montréal,AGRICOLE,843342.0,2016,0.8660254037844386,0.5000000000000001,1960740
Montréal,INDUSTRIEL,331774699.4841233,2016,0.8660254037844386,0.5000000000000001,1960740
Montréal,INDUSTRIEL,341669699.4356925,2016,1.0,6.123233995736766e-17,1960740
Montréal,RÉSIDENTIEL,1465704970.0,2016,1.0,6.123233995736766e-17,1960740
Montréal,AGRICOLE,647800.0,2016,0.8660254037844387,-0.4999999999999998,1960740
Montréal,AGRICOLE,547744.0,2016,0.49999999999999994,-0.8660254037844387,1960740
Montréal,INDUSTRIEL,321954143.05228245,2016,0.49999999999999994,-0.8660254037844387,1960740
Montréal,RÉSIDENTIEL,721878690.0,2016,0.49999999999999994,-0.8660254037844387,1960740
Montréal,RÉSIDENTIEL,628145510.0,2016,1.2246467991473532e-16,-1.0,1960740
Montréal,RÉSIDENTIEL,656791164.0,2016,-0.4999999999999997,-0.8660254037844388,1960740
Montréal,COMMERCIAL,847945839.9980286,2016,-0.8660254037844385,-0.5000000000000004,1960740
Montréal,RÉSIDENTIEL,584724718.0,2016,-1.0,-1.8369701987210297e-16,1960740
Montréal,INDUSTRIEL,310048916.3451224,2016,-0.8660254037844386,0.5000000000000001,1960740
Montréal,INSTITUTIONNEL,224470581.8,2016,-0.8660254037844386,0.5000000000000001,1960740
Montréal,RÉSIDENTIEL,803332162.0,2016,-0.8660254037844386,0.5000000000000001,1960740
Montréal,AGRICOLE,676760.0,2016,-0.5000000000000004,0.8660254037844384,1960740
Montréal,INSTITUTIONNEL,234425080.0,2016,-0.5000000000000004,0.8660254037844384,1960740
Montréal,AGRICOLE,833580.0,2016,-2.4492935982947064e-16,1.0,1960740
Montréal,COMMERCIAL,954031376.0225806,2016,-2.4492935982947064e-16,1.0,1960740
Montréal,RÉSIDENTIEL,1759699733.0,2016,-2.4492935982947064e-16,1.0,1960740
Montréal,INDUSTRIEL,316502707.2171986,2017,0.8660254037844386,0.5000000000000001,1983795
Montréal,INSTITUTIONNEL,247534922.0,2017,0.8660254037844386,0.5000000000000001,1983795
Montréal,COMMERCIAL,962793853.1285716,2017,1.0,6.123233995736766e-17,1983795
Montréal,INDUSTRIEL,353943922.0243547,2017,1.0,6.123233995736766e-17,1983795
Montréal,COMMERCIAL,769304710.2999997,2017,0.8660254037844387,-0.4999999999999998,1983795
Montréal,INDUSTRIEL,315097671.8248458,2017,0.8660254037844387,-0.4999999999999998,1983795
Montréal,INSTITUTIONNEL,227369618.3,2017,0.8660254037844387,-0.4999999999999998,1983795
Montréal,AGRICOLE,540019.0,2017,0.49999999999999994,-0.8660254037844387,1983795
Montréal,AGRICOLE,520823.0,2017,1.2246467991473532e-16,-1.0,1983795
Montréal,RÉSIDENTIEL,615547807.0,2017,1.2246467991473532e-16,-1.0,1983795
Montréal,AGRICOLE,543683.0,2017,-0.4999999999999997,-0.8660254037844388,1983795
Montréal,COMMERCIAL,807281519.0763443,2017,-0.4999999999999997,-0.8660254037844388,1983795
Montréal,RÉSIDENTIEL,628012515.0,2017,-0.4999999999999997,-0.8660254037844388,1983795
Montréal,AGRICOLE,564628.0,2017,-0.8660254037844385,-0.5000000000000004,1983795
Montréal,COMMERCIAL,816581093.6741936,2017,-0.8660254037844385,-0.5000000000000004,1983795
Montréal,AGRICOLE,560865.0,2017,-0.8660254037844386,0.5000000000000001,1983795
Montréal,INDUSTRIEL,317112217.60255045,2017,-0.8660254037844386,0.5000000000000001,1983795
Montréal,INSTITUTIONNEL,284127654.3,2018,0.49999999999999994,0.8660254037844387,2023837
Montréal,RÉSIDENTIEL,2185334425.0,2018,0.49999999999999994,0.8660254037844387,2023837
Montréal,INDUSTRIEL,316830269.14374185,2018,0.8660254037844387,-0.4999999999999998,2023837
Montréal,INSTITUTIONNEL,231573463.2,2018,0.8660254037844387,-0.4999999999999998,2023837
Montréal,AGRICOLE,494226.0,2018,0.49999999999999994,-0.8660254037844387,2023837
Montréal,AGRICOLE,499130.0,2018,1.2246467991473532e-16,-1.0,2023837
Montréal,COMMERCIAL,791154883.96738,2018,1.2246467991473532e-16,-1.0,2023837
Montréal,INSTITUTIONNEL,204628901.2,2018,1.2246467991473532e-16,-1.0,2023837
Montréal,INSTITUTIONNEL,222022324.7,2018,-0.4999999999999997,-0.8660254037844388,2023837
Montréal,AGRICOLE,586301.0,2018,-0.8660254037844385,-0.5000000000000004,2023837
Montréal,INSTITUTIONNEL,224104319.7,2018,-0.8660254037844385,-0.5000000000000004,2023837
Montréal,RÉSIDENTIEL,686652657.0,2018,-0.8660254037844385,-0.5000000000000004,2023837
Montréal,AGRICOLE,507822.0,2018,-1.0,-1.8369701987210297e-16,2023837
Montréal,INDUSTRIEL,327467944.63028574,2018,-0.8660254037844386,0.5000000000000001,2023837
Montréal,COMMERCIAL,912624103.9225806,2018,-0.5000000000000004,0.8660254037844384,2023837
Montréal,RÉSIDENTIEL,1470679101.0,2018,-0.5000000000000004,0.8660254037844384,2023837
Montréal,INSTITUTIONNEL,263470785.5,2018,-2.4492935982947064e-16,1.0,2023837
Montréal,COMMERCIAL,1105032794.6741934,2019,0.49999999999999994,0.8660254037844387,2059126
Montréal,INDUSTRIEL,355869173.23883265,2019,0.49999999999999994,0.8660254037844387,2059126
Montréal,INSTITUTIONNEL,284591676.5,2019,0.49999999999999994,0.8660254037844387,2059126
Montréal,RÉSIDENTIEL,2235308955.0,2019,0.49999999999999994,0.8660254037844387,2059126
Montréal,AGRICOLE,841209.0,2019,0.8660254037844386,0.5000000000000001,2059126
Montréal,COMMERCIAL,969428500.85,2019,1.0,6.123233995736766e-17,2059126
Montréal,RÉSIDENTIEL,1642606944.0,2019,1.0,6.123233995736766e-17,2059126
Montréal,AGRICOLE,607773.0,2019,0.8660254037844387,-0.4999999999999998,2059126
Montréal,INDUSTRIEL,307545538.48090583,2019,0.8660254037844387,-0.4999999999999998,2059126
Montréal,INSTITUTIONNEL,231585879.3,2019,0.8660254037844387,-0.4999999999999998,2059126
Montréal,INSTITUTIONNEL,215433616.8,2019,0.49999999999999994,-0.8660254037844387,2059126
Montréal,INSTITUTIONNEL,200473925.1,2019,1.2246467991473532e-16,-1.0,2059126
Montréal,RÉSIDENTIEL,609121134.0,2019,1.2246467991473532e-16,-1.0,2059126
Montréal,COMMERCIAL,883777702.8774196,2019,-0.4999999999999997,-0.8660254037844388,2059126
Montréal,RÉSIDENTIEL,704430636.0,2019,-0.4999999999999997,-0.8660254037844388,2059126
Montréal,INDUSTRIEL,334970990.1433105,2019,-0.8660254037844385,-0.5000000000000004,2059126
Montréal,COMMERCIAL,757401563.2602152,2019,-1.0,-1.8369701987210297e-16,2059126
Montréal,INDUSTRIEL,310293223.9393945,2019,-1.0,-1.8369701987210297e-16,2059126
Montréal,RÉSIDENTIEL,558249922.0,2019,-1.0,-1.8369701987210297e-16,2059126
Montréal,AGRICOLE,794265.0,2019,-0.8660254037844386,0.5000000000000001,2059126
Montréal,RÉSIDENTIEL,1457973973.0,2019,-0.5000000000000004,0.8660254037844384,2059126
Montréal,AGRICOLE,1086780.0,2020,0.49999999999999994,0.8660254037844387,2061967
Montréal,COMMERCIAL,1027992191.9064516,2020,0.49999999999999994,0.8660254037844387,2061967
Montréal,INSTITUTIONNEL,266656868.9,2020,0.49999999999999994,0.8660254037844387,2061967
Montréal,COMMERCIAL,964690659.6228032,2020,0.8660254037844386,0.5000000000000001,2061967
Montréal,INDUSTRIEL,326150496.23827136,2020,0.8660254037844386,0.5000000000000001,2061967
Montréal,INSTITUTIONNEL,249035601.7,2020,0.8660254037844386,0.5000000000000001,2061967
Montréal,INDUSTRIEL,324978981.55415016,2020,1.0,6.123233995736766e-17,2061967
Montréal,RÉSIDENTIEL,1128420811.0,2020,0.8660254037844387,-0.4999999999999998,2061967
Montréal,AGRICOLE,712618.0,2020,0.49999999999999994,-0.8660254037844387,2061967
Montréal,RÉSIDENTIEL,819305783.0,2020,0.49999999999999994,-0.8660254037844387,2061967
Montréal,INDUSTRIEL,302075680.60019857,2020,1.2246467991473532e-16,-1.0,2061967
Montréal,INSTITUTIONNEL,183272046.9,2020,1.2246467991473532e-16,-1.0,2061967
Montréal,RÉSIDENTIEL,694503150.0,2020,1.2246467991473532e-16,-1.0,2061967
Montréal,COMMERCIAL,828362058.2067875,2020,-0.4999999999999997,-0.8660254037844388,2061967
Montréal,AGRICOLE,764669.0,2020,-0.8660254037844385,-0.5000000000000004,2061967
Montréal,INDUSTRIEL,317032629.81915,2020,-1.0,-1.8369701987210297e-16,2061967
Montréal,INSTITUTIONNEL,188494934.00000003,2020,-1.0,-1.8369701987210297e-16,2061967
Montréal,INDUSTRIEL,318634435.6081984,2020,-0.8660254037844386,0.5000000000000001,2061967
Montréal,INDUSTRIEL,319855648.5770794,2020,-0.5000000000000004,0.8660254037844384,2061967
Montréal,RÉSIDENTIEL,1177323185.0,2020,-0.5000000000000004,0.8660254037844384,2061967
Montréal,INSTITUTIONNEL,243656107.9,2020,-2.4492935982947064e-16,1.0,2061967
Montréal,COMMERCIAL,960001091.1580646,2021,0.49999999999999994,0.8660254037844387,2015879
Montréal,AGRICOLE,1120914.0,2021,0.8660254037844386,0.5000000000000001,2015879
Montréal,INSTITUTIONNEL,233280697.9,2021,0.8660254037844386,0.5000000000000001,2015879
Montréal,INDUSTRIEL,342898985.3873552,2021,1.0,6.123233995736766e-17,2015879
Montréal,INSTITUTIONNEL,238321821.9,2021,1.0,6.123233995736766e-17,2015879
Montréal,RÉSIDENTIEL,1497325709.0,2021,1.0,6.123233995736766e-17,2015879
Montréal,INSTITUTIONNEL,198053174.2,2021,0.8660254037844387,-0.4999999999999998,2015879
Montréal,COMMERCIAL,739602905.1910907,2021,0.49999999999999994,-0.8660254037844387,2015879
Montréal,RÉSIDENTIEL,723240557.0,2021,0.49999999999999994,-0.8660254037844387,2015879
Montréal,AGRICOLE,1040048.0,2021,1.2246467991473532e-16,-1.0,2015879
Montréal,RÉSIDENTIEL,675398996.0,2021,1.2246467991473532e-16,-1.0,2015879
Montréal,INDUSTRIEL,325729753.96451294,2021,-0.4999999999999997,-0.8660254037844388,2015879
Montréal,AGRICOLE,1081461.0,2021,-1.0,-1.8369701987210297e-16,2015879
Montréal,COMMERCIAL,754788534.2580645,2021,-0.8660254037844386,0.5000000000000001,2015879
Montréal,AGRICOLE,1235291.0,2021,-0.5000000000000004,0.8660254037844384,2015879
Montréal,INDUSTRIEL,317600296.24412805,2021,-0.5000000000000004,0.8660254037844384,2015879
Montréal,INSTITUTIONNEL,217819458.1,2021,-0.5000000000000004,0.8660254037844384,2015879
Montréal,AGRICOLE,1460362.0,2021,-2.4492935982947064e-16,1.0,2015879
Montréal,INDUSTRIEL,323570770.5597196,2021,-2.4492935982947064e-16,1.0,2015879
Montréal,RÉSIDENTIEL,1776522231.0,2021,-2.4492935982947064e-16,1.0,2015879
Montréal,AGRICOLE,1369197.0,2022,0.8660254037844386,0.5000000000000001,2035975
Montréal,INDUSTRIEL,317593306.37750053,2022,0.8660254037844386,0.5000000000000001,2035975
Montréal,RÉSIDENTIEL,1885839216.0,2022,0.8660254037844386,0.5000000000000001,2035975
Montréal,AGRICOLE,1350827.0,2022,1.0,6.123233995736766e-17,2035975
Montréal,INDUSTRIEL,338297381.6008597,2022,1.0,6.123233995736766e-17,2035975
Montréal,INSTITUTIONNEL,211041917.40000004,2022,0.8660254037844387,-0.4999999999999998,2035975
Montréal,RÉSIDENTIEL,1058292434.0,2022,0.8660254037844387,-0.4999999999999998,2035975
Montréal,COMMERCIAL,766741814.4967742,2022,1.2246467991473532e-16,-1.0,2035975
Montréal,INDUSTRIEL,311690366.49217856,2022,1.2246467991473532e-16,-1.0,2035975
Montréal,RÉSIDENTIEL,611686041.0,2022,1.2246467991473532e-16,-1.0,2035975
Montréal,COMMERCIAL,831226602.3612903,2022,-0.4999999999999997,-0.8660254037844388,2035975
Montréal,INSTITUTIONNEL,196427056.2,2022,-0.4999999999999997,-0.8660254037844388,2035975
Montréal,AGRICOLE,1250428.0,2022,-0.8660254037844385,-0.5000000000000004,2035975
Montréal,COMMERCIAL,745666050.5155913,2022,-1.0,-1.8369701987210297e-16,2035975
Montréal,INDUSTRIEL,306874645.3907249,2022,-1.0,-1.8369701987210297e-16,2035975
Montréal,AGRICOLE,1167526.0,2022,-0.8660254037844386,0.5000000000000001,2035975
Montréal,COMMERCIAL,755637460.4715053,2022,-0.8660254037844386,0.5000000000000001,2035975
Montréal,INSTITUTIONNEL,199081042.9,2022,-0.8660254037844386,0.5000000000000001,2035975
Montréal,AGRICOLE,1273853.0,2022,-0.5000000000000004,0.8660254037844384,2035975
Montréal,COMMERCIAL,827983082.4451612,2022,-0.5000000000000004,0.8660254037844384,2035975
Montréal,AGRICOLE,1372551.0,2023,0.49999999999999994,0.8660254037844387,2109525
Montréal,COMMERCIAL,988910345.0,2023,0.49999999999999994,0.8660254037844387,2109525
Montréal,RÉSIDENTIEL,1833844819.0,2023,0.49999999999999994,0.8660254037844387,2109525
Montréal,AGRICOLE,1260689.0,2023,0.8660254037844386,0.5000000000000001,2109525
Montréal,INDUSTRIEL,313636574.0255547,2023,0.8660254037844386,0.5000000000000001,2109525
Montréal,INSTITUTIONNEL,241782861.5,2023,0.8660254037844386,0.5000000000000001,2109525
Montréal,INDUSTRIEL,335213754.4621719,2023,1.0,6.123233995736766e-17,2109525
Montréal,RÉSIDENTIEL,1523089492.0,2023,1.0,6.123233995736766e-17,2109525
Montréal,COMMERCIAL,766778294.5833333,2023,0.8660254037844387,-0.4999999999999998,2109525
Montréal,RÉSIDENTIEL,964509618.0,2023,0.8660254037844387,-0.4999999999999998,2109525
Montréal,INDUSTRIEL,305299660.37644506,2023,0.49999999999999994,-0.8660254037844387,2109525
Montréal,AGRICOLE,1176042.0,2023,1.2246467991473532e-16,-1.0,2109525
Montréal,INDUSTRIEL,301634158.5897453,2023,1.2246467991473532e-16,-1.0,2109525
Montréal,AGRICOLE,1360609.0,2023,-0.4999999999999997,-0.8660254037844388,2109525
Montréal,INDUSTRIEL,316312627.84865886,2023,-0.4999999999999997,-0.8660254037844388,2109525
Montréal,AGRICOLE,1300230.0,2023,-0.8660254037844385,-0.5000000000000004,2109525
Montréal,INDUSTRIEL,307190671.3493302,2023,-1.0,-1.8369701987210297e-16,2109525
Montréal,INSTITUTIONNEL,189842388.5,2023,-1.0,-1.8369701987210297e-16,2109525
Montréal,AGRICOLE,1399072.0,2023,-0.8660254037844386,0.5000000000000001,2109525
Montréal,INDUSTRIEL,295590123.7489839,2023,-0.8660254037844386,0.5000000000000001,2109525
Montréal,INSTITUTIONNEL,198388946.6,2023,-0.8660254037844386,0.5000000000000001,2109525
Montréal,COMMERCIAL,860362612.6774193,2023,-0.5000000000000004,0.8660254037844384,2109525
Montérégie,INDUSTRIEL,894109393.538692,2016,0.49999999999999994,0.8660254037844387,1379361
Montérégie,INSTITUTIONNEL,138382020.38410625,2016,0.49999999999999994,0.8660254037844387,1379361
Montérégie,RÉSIDENTIEL,1530049239.0,2016,0.49999999999999994,0.8660254037844387,1379361
Montérégie,INDUSTRIEL,858085777.356234,2016,0.8660254037844386,0.5000000000000001,1379361
Montérégie,RÉSIDENTIEL,1365755832.0,2016,0.8660254037844386,0.5000000000000001,1379361
Montérégie,COMMERCIAL,307787106.79999995,2016,0.8660254037844387,-0.4999999999999998,1379361
Montérégie,INDUSTRIEL,751791573.9859599,2016,0.49999999999999994,-0.8660254037844387,1379361
Montérégie,INSTITUTIONNEL,100296981.7031843,2016,0.49999999999999994,-0.8660254037844387,1379361
Montérégie,AGRICOLE,31377530.0,2016,1.2246467991473532e-16,-1.0,1379361
Montérégie,RÉSIDENTIEL,593928595.0,2016,1.2246467991473532e-16,-1.0,1379361
Montérégie,COMMERCIAL,310017510.7,2016,-0.4999999999999997,-0.8660254037844388,1379361
Montérégie,INSTITUTIONNEL,95882431.96546082,2016,-0.4999999999999997,-0.8660254037844388,1379361
Montérégie,COMMERCIAL,323608666.9,2016,-0.8660254037844385,-0.5000000000000004,1379361
Montérégie,INDUSTRIEL,772451561.5708064,2016,-0.8660254037844385,-0.5000000000000004,1379361
Montérégie,INSTITUTIONNEL,100977160.83548388,2016,-0.8660254037844385,-0.5000000000000004,1379361
Montérégie,COMMERCIAL,294603875.90000004,2016,-1.0,-1.8369701987210297e-16,1379361
Montérégie,COMMERCIAL,295840442.6,2016,-0.8660254037844386,0.5000000000000001,1379361
Montérégie,INSTITUTIONNEL,104858344.6902142,2016,-0.8660254037844386,0.5000000000000001,1379361
Montérégie,INSTITUTIONNEL,114236159.6343884,2016,-0.5000000000000004,0.8660254037844384,1379361
Montérégie,AGRICOLE,47387070.0,2016,-2.4492935982947064e-16,1.0,1379361
Montérégie,COMMERCIAL,376010509.5,2016,-2.4492935982947064e-16,1.0,1379361
Montérégie,RÉSIDENTIEL,1408858510.0,2016,-2.4492935982947064e-16,1.0,1379361
Montérégie,COMMERCIAL,381569084.5,2017,0.49999999999999994,0.8660254037844387,1392341
Montérégie,AGRICOLE,45525833.0,2017,1.0,6.123233995736766e-17,1392341
Montérégie,COMMERCIAL,377764049.7,2017,1.0,6.123233995736766e-17,1392341
Montérégie,INDUSTRIEL,701276708.0031013,2017,0.8660254037844387,-0.4999999999999998,1392341
Montérégie,RÉSIDENTIEL,831640462.0,2017,0.8660254037844387,-0.4999999999999998,1392341
Montérégie,RÉSIDENTIEL,661854704.0,2017,0.49999999999999994,-0.8660254037844387,1392341
Montérégie,AGRICOLE,32100917.0,2017,1.2246467991473532e-16,-1.0,1392341
Montérégie,AGRICOLE,34727926.0,2017,-0.4999999999999997,-0.8660254037844388,1392341
Montérégie,AGRICOLE,34827177.0,2017,-0.8660254037844385,-0.5000000000000004,1392341
Montérégie,INDUSTRIEL,732379068.80982,2017,-0.8660254037844385,-0.5000000000000004,1392341
Montérégie,INSTITUTIONNEL,98999953.14838707,2017,-0.8660254037844385,-0.5000000000000004,1392341
Montérégie,AGRICOLE,35268776.0,2017,-1.0,-1.8369701987210297e-16,1392341
Montérégie,RÉSIDENTIEL,571609225.0,2017,-1.0,-1.8369701987210297e-16,1392341
Montérégie,INDUSTRIEL,780803926.0004618,2017,-0.8660254037844386,0.5000000000000001,1392341
Montérégie,RÉSIDENTIEL,570731448.0,2017,-0.8660254037844386,0.5000000000000001,1392341
Montérégie,RÉSIDENTIEL,1040512242.0,2017,-0.5000000000000004,0.8660254037844384,1392341
Montérégie,COMMERCIAL,407331521.8,2017,-2.4492935982947064e-16,1.0,1392341
Montérégie,INSTITUTIONNEL,142900393.13462174,2017,-2.4492935982947064e-16,1.0,1392341
Montérégie,RÉSIDENTIEL,1619897838.0,2017,-2.4492935982947064e-16,1.0,1392341
Montérégie,AGRICOLE,53790117.0,2018,0.49999999999999994,0.8660254037844387,1409425
Montérégie,INSTITUTIONNEL,150549409.11422482,2018,0.49999999999999994,0.8660254037844387,1409425
Montérégie,INSTITUTIONNEL,125606658.25115344,2018,0.8660254037844386,0.5000000000000001,1409425
Montérégie,RÉSIDENTIEL,1298095226.0,2018,0.8660254037844386,0.5000000000000001,1409425
Montérégie,COMMERCIAL,310300452.29999995,2018,0.49999999999999994,-0.8660254037844387,1409425
Montérégie,COMMERCIAL,308602950.9,2018,1.2246467991473532e-16,-1.0,1409425
Montérégie,INSTITUTIONNEL,96277736.1792641,2018,1.2246467991473532e-16,-1.0,1409425
Montérégie,RÉSIDENTIEL,599506343.0,2018,1.2246467991473532e-16,-1.0,1409425
Montérégie,RÉSIDENTIEL,693700934.0,2018,-0.4999999999999997,-0.8660254037844388,1409425
Montérégie,INSTITUTIONNEL,105988839.56337312,2018,-0.8660254037844385,-0.5000000000000004,1409425
Montérégie,COMMERCIAL,306021669.1,2018,-1.0,-1.8369701987210297e-16,1409425
Montérégie,AGRICOLE,43883668.0,2018,-0.8660254037844386,0.5000000000000001,1409425
Montérégie,INDUSTRIEL,732860930.3066373,2018,-0.8660254037844386,0.5000000000000001,1409425
Montérégie,INSTITUTIONNEL,114535946.81988314,2018,-0.8660254037844386,0.5000000000000001,1409425
Montérégie,INDUSTRIEL,724808133.2221662,2018,-0.5000000000000004,0.8660254037844384,1409425
Montérégie,INSTITUTIONNEL,132980642.46011688,2018,-0.5000000000000004,0.8660254037844384,1409425
Montérégie,AGRICOLE,50758250.0,2018,-2.4492935982947064e-16,1.0,1409425
Montérégie,INSTITUTIONNEL,146314052.2612903,2018,-2.4492935982947064e-16,1.0,1409425
Montérégie,AGRICOLE,54382974.0,2019,0.49999999999999994,0.8660254037844387,1428377
Montérégie,INSTITUTIONNEL,157513847.11802003,2019,0.49999999999999994,0.8660254037844387,1428377
Montérégie,COMMERCIAL,391799585.1,2019,0.8660254037844386,0.5000000000000001,1428377
Montérégie,INDUSTRIEL,696511142.3911471,2019,0.8660254037844386,0.5000000000000001,1428377
Montérégie,AGRICOLE,47498621.0,2019,1.0,6.123233995736766e-17,1428377
Montérégie,COMMERCIAL,386572298.7,2019,1.0,6.123233995736766e-17,1428377
Montérégie,COMMERCIAL,328056068.6,2019,0.8660254037844387,-0.4999999999999998,1428377
Montérégie,INDUSTRIEL,744272208.6935512,2019,0.8660254037844387,-0.4999999999999998,1428377
Montérégie,INDUSTRIEL,754994282.0444354,2019,0.49999999999999994,-0.8660254037844387,1428377
Montérégie,INSTITUTIONNEL,108830587.752043,2019,0.49999999999999994,-0.8660254037844387,1428377
Montérégie,COMMERCIAL,304109611.1,2019,1.2246467991473532e-16,-1.0,1428377
Montérégie,INSTITUTIONNEL,100057821.26462364,2019,1.2246467991473532e-16,-1.0,1428377
Montérégie,AGRICOLE,38712109.0,2019,-0.4999999999999997,-0.8660254037844388,1428377
Montérégie,INDUSTRIEL,771931177.4276767,2019,-0.8660254037844385,-0.5000000000000004,1428377
Montérégie,INSTITUTIONNEL,106893407.13870966,2019,-0.8660254037844385,-0.5000000000000004,1428377
Montérégie,COMMERCIAL,300000762.50000006,2019,-1.0,-1.8369701987210297e-16,1428377
Montérégie,RÉSIDENTIEL,544971080.0,2019,-1.0,-1.8369701987210297e-16,1428377
Montérégie,RÉSIDENTIEL,677560817.0,2019,-0.8660254037844386,0.5000000000000001,1428377
Montérégie,INDUSTRIEL,694228220.3820076,2019,-0.5000000000000004,0.8660254037844384,1428377
Montérégie,RÉSIDENTIEL,1177267962.0,2019,-0.5000000000000004,0.8660254037844384,1428377
Montérégie,AGRICOLE,55752795.0,2019,-2.4492935982947064e-16,1.0,1428377
Montérégie,INDUSTRIEL,755161195.0477825,2019,-2.4492935982947064e-16,1.0,1428377
Montérégie,AGRICOLE,47674734.0,2020,0.8660254037844386,0.5000000000000001,1444581
Montérégie,COMMERCIAL,389779998.6,2020,0.8660254037844386,0.5000000000000001,1444581
Montérégie,INDUSTRIEL,790247319.5591613,2020,0.8660254037844386,0.5000000000000001,1444581
Montérégie,RÉSIDENTIEL,1414439714.0,2020,0.8660254037844386,0.5000000000000001,1444581
Montérégie,INSTITUTIONNEL,131966378.44333331,2020,1.0,6.123233995736766e-17,1444581
Montérégie,COMMERCIAL,285059597.7,2020,0.8660254037844387,-0.4999999999999998,1444581
Montérégie,INDUSTRIEL,630651115.326609,2020,0.8660254037844387,-0.4999999999999998,1444581
Montérégie,AGRICOLE,35472017.0,2020,0.49999999999999994,-0.8660254037844387,1444581
Montérégie,INDUSTRIEL,629421404.7134063,2020,0.49999999999999994,-0.8660254037844387,1444581
Montérégie,INSTITUTIONNEL,101619448.3064516,2020,0.49999999999999994,-0.8660254037844387,1444581
Montérégie,RÉSIDENTIEL,757488531.0,2020,0.49999999999999994,-0.8660254037844387,1444581
Montérégie,INDUSTRIEL,595163491.3772465,2020,1.2246467991473532e-16,-1.0,1444581
Montérégie,RÉSIDENTIEL,684761243.0,2020,1.2246467991473532e-16,-1.0,1444581
Montérégie,INDUSTRIEL,695175592.261924,2020,-0.4999999999999997,-0.8660254037844388,1444581
Montérégie,AGRICOLE,38248468.0,2020,-0.8660254037844385,-0.5000000000000004,1444581
Montérégie,INDUSTRIEL,709404665.0310292,2020,-0.8660254037844385,-0.5000000000000004,1444581
Montérégie,RÉSIDENTIEL,682510507.0,2020,-0.8660254037844385,-0.5000000000000004,1444581
Montérégie,AGRICOLE,35772239.0,2020,-1.0,-1.8369701987210297e-16,1444581
Montérégie,INDUSTRIEL,703120136.9577901,2020,-1.0,-1.8369701987210297e-16,1444581
Montérégie,RÉSIDENTIEL,583480987.0,2020,-1.0,-1.8369701987210297e-16,1444581
Montérégie,COMMERCIAL,314654372.70000005,2020,-0.8660254037844386,0.5000000000000001,1444581
Montérégie,AGRICOLE,48609153.0,2020,-0.5000000000000004,0.8660254037844384,1444581
Montérégie,RÉSIDENTIEL,969701357.0,2020,-0.5000000000000004,0.8660254037844384,1444581
Montérégie,COMMERCIAL,389779149.9,2020,-2.4492935982947064e-16,1.0,1444581
Montérégie,RÉSIDENTIEL,1405490925.0,2020,-2.4492935982947064e-16,1.0,1444581
Montérégie,AGRICOLE,52844641.0,2021,0.49999999999999994,0.8660254037844387,1456782
Montérégie,INDUSTRIEL,798445714.4591799,2021,0.49999999999999994,0.8660254037844387,1456782
Montérégie,INSTITUTIONNEL,141511323.38565072,2021,0.49999999999999994,0.8660254037844387,1456782
Montérégie,RÉSIDENTIEL,1566676513.0,2021,0.49999999999999994,0.8660254037844387,1456782
Montérégie,COMMERCIAL,378630222.8999999,2021,0.8660254037844386,0.5000000000000001,1456782
Montérégie,AGRICOLE,48812982.0,2021,1.0,6.123233995736766e-17,1456782
Montérégie,AGRICOLE,37725805.0,2021,0.8660254037844387,-0.4999999999999998,1456782
Montérégie,COMMERCIAL,311879433.6,2021,0.8660254037844387,-0.4999999999999998,1456782
Montérégie,RÉSIDENTIEL,812469074.0,2021,0.8660254037844387,-0.4999999999999998,1456782
Montérégie,AGRICOLE,35570076.0,2021,0.49999999999999994,-0.8660254037844387,1456782
Montérégie,COMMERCIAL,314281856.20000005,2021,0.49999999999999994,-0.8660254037844387,1456782
Montérégie,COMMERCIAL,329967324.1,2021,1.2246467991473532e-16,-1.0,1456782
Montérégie,INSTITUTIONNEL,104882796.0632258,2021,1.2246467991473532e-16,-1.0,1456782
Montérégie,INDUSTRIEL,738561939.3844316,2021,-0.8660254037844385,-0.5000000000000004,1456782
Montérégie,INSTITUTIONNEL,111258775.46129031,2021,-0.8660254037844386,0.5000000000000001,1456782
Montérégie,INSTITUTIONNEL,126750044.33870968,2021,-0.5000000000000004,0.8660254037844384,1456782
Montérégie,COMMERCIAL,407803378.6,2021,-2.4492935982947064e-16,1.0,1456782
Montérégie,COMMERCIAL,467956877.7000001,2022,0.49999999999999994,0.8660254037844387,1471331
Montérégie,INDUSTRIEL,770249746.268418,2022,0.49999999999999994,0.8660254037844387,1471331
Montérégie,RÉSIDENTIEL,1959757243.0,2022,0.49999999999999994,0.8660254037844387,1471331
Montérégie,AGRICOLE,51860252.0,2022,0.8660254037844386,0.5000000000000001,1471331
Montérégie,INDUSTRIEL,634413468.516419,2022,0.8660254037844386,0.5000000000000001,1471331
Montérégie,RÉSIDENTIEL,1540527654.0,2022,0.8660254037844386,0.5000000000000001,1471331
Montérégie,RÉSIDENTIEL,1325177897.0,2022,1.0,6.123233995736766e-17,1471331
Montérégie,COMMERCIAL,338262156.20000005,2022,0.8660254037844387,-0.4999999999999998,1471331
Montérégie,INSTITUTIONNEL,119214205.37666668,2022,0.8660254037844387,-0.4999999999999998,1471331
Montérégie,INDUSTRIEL,762403117.780146,2022,0.49999999999999994,-0.8660254037844387,1471331
Montérégie,COMMERCIAL,326458543.0,2022,1.2246467991473532e-16,-1.0,1471331
Montérégie,AGRICOLE,39607665.0,2022,-0.4999999999999997,-0.8660254037844388,1471331
Montérégie,INSTITUTIONNEL,105285780.16752689,2022,-0.4999999999999997,-0.8660254037844388,1471331
Montérégie,INDUSTRIEL,735340761.0482833,2022,-0.8660254037844385,-0.5000000000000004,1471331
Montérégie,INDUSTRIEL,727687628.7315135,2022,-0.8660254037844386,0.5000000000000001,1471331
Montérégie,INSTITUTIONNEL,111202318.5107527,2022,-0.8660254037844386,0.5000000000000001,1471331
Montérégie,INDUSTRIEL,667948217.538699,2022,-0.5000000000000004,0.8660254037844384,1471331
Montérégie,INSTITUTIONNEL,120801140.52258064,2022,-0.5000000000000004,0.8660254037844384,1471331
Montérégie,RÉSIDENTIEL,960335781.0,2022,-0.5000000000000004,0.8660254037844384,1471331
Montérégie,INSTITUTIONNEL,142055087.62258065,2022,-2.4492935982947064e-16,1.0,1471331
Montérégie,COMMERCIAL,425824790.1,2023,0.49999999999999994,0.8660254037844387,1492662
Montérégie,AGRICOLE,52460649.0,2023,0.8660254037844386,0.5000000000000001,1492662
Montérégie,AGRICOLE,52204387.0,2023,1.0,6.123233995736766e-17,1492662
Montérégie,INDUSTRIEL,777808286.0344577,2023,1.0,6.123233995736766e-17,1492662
Montérégie,COMMERCIAL,332197140.7,2023,0.8660254037844387,-0.4999999999999998,1492662
Montérégie,AGRICOLE,37921870.0,2023,0.49999999999999994,-0.8660254037844387,1492662
Montérégie,AGRICOLE,37309120.0,2023,1.2246467991473532e-16,-1.0,1492662
Montérégie,COMMERCIAL,332839194.5,2023,1.2246467991473532e-16,-1.0,1492662
Montérégie,INDUSTRIEL,691686458.8603942,2023,1.2246467991473532e-16,-1.0,1492662
Montérégie,AGRICOLE,42356953.0,2023,-0.4999999999999997,-0.8660254037844388,1492662
Montérégie,COMMERCIAL,344887023.3,2023,-0.8660254037844385,-0.5000000000000004,1492662
Montérégie,AGRICOLE,40584455.0,2023,-1.0,-1.8369701987210297e-16,1492662
Montérégie,INDUSTRIEL,683602572.7779698,2023,-1.0,-1.8369701987210297e-16,1492662
Montérégie,INDUSTRIEL,701469147.9530424,2023,-0.8660254037844386,0.5000000000000001,1492662
Montérégie,RÉSIDENTIEL,669553119.0,2023,-0.8660254037844386,0.5000000000000001,1492662
Montérégie,COMMERCIAL,379943057.5,2023,-0.5000000000000004,0.8660254037844384,1492662
Montérégie,INDUSTRIEL,682447198.7116531,2023,-0.5000000000000004,0.8660254037844384,1492662
Montérégie,RÉSIDENTIEL,1094772123.0,2023,-0.5000000000000004,0.8660254037844384,1492662
Nord-du-Québec,INDUSTRIEL,47005660.20714286,2016,0.49999999999999994,0.8660254037844387,44683
Nord-du-Québec,INSTITUTIONNEL,28698520.7,2016,0.49999999999999994,0.8660254037844387,44683
Nord-du-Québec,COMMERCIAL,21133050.0,2016,0.8660254037844386,0.5000000000000001,44683
Nord-du-Québec,COMMERCIAL,19895724.0,2016,1.0,6.123233995736766e-17,44683
Nord-du-Québec,RÉSIDENTIEL,33005081.0,2016,1.0,6.123233995736766e-17,44683
Nord-du-Québec,RÉSIDENTIEL,,2016,0.8660254037844387,-0.4999999999999998,44683
Nord-du-Québec,AGRICOLE,,2016,0.49999999999999994,-0.8660254037844387,44683
Nord-du-Québec,AGRICOLE,19608.0,2016,1.2246467991473532e-16,-1.0,44683
Nord-du-Québec,RÉSIDENTIEL,15683558.0,2016,1.2246467991473532e-16,-1.0,44683
Nord-du-Québec,RÉSIDENTIEL,15313599.0,2016,-0.8660254037844385,-0.5000000000000004,44683
Nord-du-Québec,INSTITUTIONNEL,18367336.6,2016,-1.0,-1.8369701987210297e-16,44683
Nord-du-Québec,AGRICOLE,21798.0,2016,-0.8660254037844386,0.5000000000000001,44683
Nord-du-Québec,AGRICOLE,27248.0,2016,-0.5000000000000004,0.8660254037844384,44683
Nord-du-Québec,COMMERCIAL,17325148.0,2016,-0.5000000000000004,0.8660254037844384,44683
Nord-du-Québec,INSTITUTIONNEL,23882710.7,2016,-0.5000000000000004,0.8660254037844384,44683
Nord-du-Québec,RÉSIDENTIEL,24395900.0,2016,-0.5000000000000004,0.8660254037844384,44683
Nord-du-Québec,AGRICOLE,41794.0,2016,-2.4492935982947064e-16,1.0,44683
Nord-du-Québec,COMMERCIAL,21470637.0,2016,-2.4492935982947064e-16,1.0,44683
Nord-du-Québec,INDUSTRIEL,51557911.5,2016,-2.4492935982947064e-16,1.0,44683
Nord-du-Québec,RÉSIDENTIEL,35724519.0,2016,-2.4492935982947064e-16,1.0,44683
Nord-du-Québec,RÉSIDENTIEL,37174763.0,2017,0.49999999999999994,0.8660254037844387,44934
Nord-du-Québec,AGRICOLE,44745.0,2017,0.8660254037844386,0.5000000000000001,44934
Nord-du-Québec,INDUSTRIEL,45930016.400000006,2017,0.8660254037844386,0.5000000000000001,44934
Nord-du-Québec,INSTITUTIONNEL,26062159.9,2017,0.8660254037844386,0.5000000000000001,44934
Nord-du-Québec,INDUSTRIEL,52634591.99999999,2017,1.0,6.123233995736766e-17,44934
Nord-du-Québec,INSTITUTIONNEL,24231918.8,2017,0.8660254037844387,-0.4999999999999998,44934
Nord-du-Québec,RÉSIDENTIEL,25556204.0,2017,0.8660254037844387,-0.4999999999999998,44934
Nord-du-Québec,COMMERCIAL,14402081.0,2017,0.49999999999999994,-0.8660254037844387,44934
Nord-du-Québec,INDUSTRIEL,44660407.6,2017,0.49999999999999994,-0.8660254037844387,44934
Nord-du-Québec,RÉSIDENTIEL,19264242.0,2017,0.49999999999999994,-0.8660254037844387,44934
Nord-du-Québec,INSTITUTIONNEL,19292375.3,2017,1.2246467991473532e-16,-1.0,44934
Nord-du-Québec,AGRICOLE,13865.0,2017,-0.4999999999999997,-0.8660254037844388,44934
Nord-du-Québec,COMMERCIAL,11911553.0,2017,-0.4999999999999997,-0.8660254037844388,44934
Nord-du-Québec,INDUSTRIEL,41342987.3,2017,-0.4999999999999997,-0.8660254037844388,44934
Nord-du-Québec,INSTITUTIONNEL,17914513.1,2017,-0.4999999999999997,-0.8660254037844388,44934
Nord-du-Québec,COMMERCIAL,12552785.0,2017,-1.0,-1.8369701987210297e-16,44934
Nord-du-Québec,INDUSTRIEL,42648003.1,2017,-1.0,-1.8369701987210297e-16,44934
Nord-du-Québec,INSTITUTIONNEL,18754017.0,2017,-1.0,-1.8369701987210297e-16,44934
Nord-du-Québec,RÉSIDENTIEL,14578561.0,2017,-1.0,-1.8369701987210297e-16,44934
Nord-du-Québec,AGRICOLE,22148.0,2017,-0.8660254037844386,0.5000000000000001,44934
Nord-du-Québec,COMMERCIAL,,2017,-0.5000000000000004,0.8660254037844384,44934
Nord-du-Québec,INSTITUTIONNEL,,2017,-0.5000000000000004,0.8660254037844384,44934
Nord-du-Québec,AGRICOLE,,2017,-2.4492935982947064e-16,1.0,44934
Nord-du-Québec,AGRICOLE,,2018,0.49999999999999994,0.8660254037844387,45277
Nord-du-Québec,COMMERCIAL,,2018,0.49999999999999994,0.8660254037844387,45277
Nord-du-Québec,INSTITUTIONNEL,,2018,0.8660254037844386,0.5000000000000001,45277
Nord-du-Québec,COMMERCIAL,,2018,1.0,6.123233995736766e-17,45277
Nord-du-Québec,RÉSIDENTIEL,,2018,1.0,6.123233995736766e-17,45277
Nord-du-Québec,COMMERCIAL,,2018,0.8660254037844387,-0.4999999999999998,45277
Nord-du-Québec,INDUSTRIEL,,2018,0.8660254037844387,-0.4999999999999998,45277
Nord-du-Québec,AGRICOLE,,2018,0.49999999999999994,-0.8660254037844387,45277
Nord-du-Québec,COMMERCIAL,,2018,0.49999999999999994,-0.8660254037844387,45277
Nord-du-Québec,INDUSTRIEL,,2018,0.49999999999999994,-0.8660254037844387,45277
Nord-du-Québec,INSTITUTIONNEL,,2018,0.49999999999999994,-0.8660254037844387,45277
Nord-du-Québec,INDUSTRIEL,,2018,-0.4999999999999997,-0.8660254037844388,45277
Nord-du-Québec,RÉSIDENTIEL,,2018,-0.4999999999999997,-0.8660254037844388,45277
Nord-du-Québec,COMMERCIAL,,2018,-0.8660254037844385,-0.5000000000000004,45277
Nord-du-Québec,INSTITUTIONNEL,,2018,-0.8660254037844385,-0.5000000000000004,45277
Nord-du-Québec,RÉSIDENTIEL,,2018,-1.0,-1.8369701987210297e-16,45277
Nord-du-Québec,RÉSIDENTIEL,,2018,-0.5000000000000004,0.8660254037844384,45277
Nord-du-Québec,INDUSTRIEL,,2019,0.49999999999999994,0.8660254037844387,45516
Nord-du-Québec,RÉSIDENTIEL,,2019,0.49999999999999994,0.8660254037844387,45516
Nord-du-Québec,COMMERCIAL,,2019,0.8660254037844386,0.5000000000000001,45516
Nord-du-Québec,AGRICOLE,,2019,1.0,6.123233995736766e-17,45516
Nord-du-Québec,INDUSTRIEL,,2019,1.0,6.123233995736766e-17,45516
Nord-du-Québec,INSTITUTIONNEL,,2019,1.0,6.123233995736766e-17,45516
Nord-du-Québec,INDUSTRIEL,,2019,0.8660254037844387,-0.4999999999999998,45516
Nord-du-Québec,INSTITUTIONNEL,,2019,0.8660254037844387,-0.4999999999999998,45516
Nord-du-Québec,RÉSIDENTIEL,,2019,0.8660254037844387,-0.4999999999999998,45516
Nord-du-Québec,INSTITUTIONNEL,22514132.1,2019,0.49999999999999994,-0.8660254037844387,45516
Nord-du-Québec,INDUSTRIEL,40928167.6,2019,-0.4999999999999997,-0.8660254037844388,45516
Nord-du-Québec,AGRICOLE,10414.0,2019,-0.8660254037844385,-0.5000000000000004,45516
Nord-du-Québec,COMMERCIAL,12383232.0,2019,-0.8660254037844385,-0.5000000000000004,45516
Nord-du-Québec,INSTITUTIONNEL,17813177.6,2019,-0.8660254037844385,-0.5000000000000004,45516
Nord-du-Québec,COMMERCIAL,15421629.0,2019,-0.8660254037844386,0.5000000000000001,45516
Nord-du-Québec,INDUSTRIEL,48607991.5,2019,-0.8660254037844386,0.5000000000000001,45516
Nord-du-Québec,AGRICOLE,39143.0,2019,-0.5000000000000004,0.8660254037844384,45516
Nord-du-Québec,RÉSIDENTIEL,32306897.0,2019,-0.5000000000000004,0.8660254037844384,45516
Nord-du-Québec,COMMERCIAL,,2019,-2.4492935982947064e-16,1.0,45516
Nord-du-Québec,AGRICOLE,,2020,0.49999999999999994,0.8660254037844387,45712
Nord-du-Québec,INDUSTRIEL,,2020,0.49999999999999994,0.8660254037844387,45712
Nord-du-Québec,COMMERCIAL,,2020,0.8660254037844386,0.5000000000000001,45712
Nord-du-Québec,INSTITUTIONNEL,,2020,0.8660254037844386,0.5000000000000001,45712
Nord-du-Québec,INDUSTRIEL,28709004.200000003,2020,0.8660254037844387,-0.4999999999999998,45712
Nord-du-Québec,INSTITUTIONNEL,22860810.3,2020,0.8660254037844387,-0.4999999999999998,45712
Nord-du-Québec,RÉSIDENTIEL,27842834.0,2020,0.8660254037844387,-0.4999999999999998,45712
Nord-du-Québec,INDUSTRIEL,34616640.9,2020,0.49999999999999994,-0.8660254037844387,45712
Nord-du-Québec,AGRICOLE,13727.0,2020,1.2246467991473532e-16,-1.0,45712
Nord-du-Québec,INSTITUTIONNEL,18039901.3,2020,1.2246467991473532e-16,-1.0,45712
Nord-du-Québec,RÉSIDENTIEL,17130939.0,2020,1.2246467991473532e-16,-1.0,45712
Nord-du-Québec,COMMERCIAL,11672729.0,2020,-0.4999999999999997,-0.8660254037844388,45712
Nord-du-Québec,INDUSTRIEL,35400479.8,2020,-0.4999999999999997,-0.8660254037844388,45712
Nord-du-Québec,RÉSIDENTIEL,16237673.0,2020,-0.8660254037844385,-0.5000000000000004,45712
Nord-du-Québec,AGRICOLE,,2020,-1.0,-1.8369701987210297e-16,45712
Nord-du-Québec,RÉSIDENTIEL,25167016.0,2020,-0.8660254037844386,0.5000000000000001,45712
Nord-du-Québec,COMMERCIAL,18372320.0,2020,-0.5000000000000004,0.8660254037844384,45712
Nord-du-Québec,INDUSTRIEL,62820040.60000001,2020,-0.5000000000000004,0.8660254037844384,45712
Nord-du-Québec,RÉSIDENTIEL,29250622.0,2020,-0.5000000000000004,0.8660254037844384,45712
Nord-du-Québec,COMMERCIAL,,2020,-2.4492935982947064e-16,1.0,45712
Nord-du-Québec,INSTITUTIONNEL,,2020,-2.4492935982947064e-16,1.0,45712
Nord-du-Québec,AGRICOLE,737737.0,2021,0.8660254037844386,0.5000000000000001,46128
Nord-du-Québec,COMMERCIAL,20829263.0,2021,0.8660254037844386,0.5000000000000001,46128
Nord-du-Québec,INDUSTRIEL,59819370.6,2021,0.8660254037844386,0.5000000000000001,46128
Nord-du-Québec,RÉSIDENTIEL,35541416.0,2021,0.8660254037844386,0.5000000000000001,46128
Nord-du-Québec,AGRICOLE,593952.0,2021,1.0,6.123233995736766e-17,46128
Nord-du-Québec,COMMERCIAL,21280228.0,2021,1.0,6.123233995736766e-17,46128
Nord-du-Québec,INDUSTRIEL,59255775.99999999,2021,0.49999999999999994,-0.8660254037844387,46128
Nord-du-Québec,INSTITUTIONNEL,20786857.0,2021,0.49999999999999994,-0.8660254037844387,46128
Nord-du-Québec,INDUSTRIEL,53192345.4,2021,1.2246467991473532e-16,-1.0,46128
Nord-du-Québec,INSTITUTIONNEL,17586650.2,2021,1.2246467991473532e-16,-1.0,46128
Nord-du-Québec,AGRICOLE,32363.0,2021,-0.4999999999999997,-0.8660254037844388,46128
Nord-du-Québec,INDUSTRIEL,54302852.39999999,2021,-0.8660254037844385,-0.5000000000000004,46128
Nord-du-Québec,AGRICOLE,50838.0,2021,-1.0,-1.8369701987210297e-16,46128
Nord-du-Québec,COMMERCIAL,12697358.0,2021,-1.0,-1.8369701987210297e-16,46128
Nord-du-Québec,INDUSTRIEL,54097317.99999999,2021,-1.0,-1.8369701987210297e-16,46128
Nord-du-Québec,RÉSIDENTIEL,16193876.0,2021,-1.0,-1.8369701987210297e-16,46128
Nord-du-Québec,AGRICOLE,64354.0,2021,-0.8660254037844386,0.5000000000000001,46128
Nord-du-Québec,INDUSTRIEL,54693009.3,2021,-0.8660254037844386,0.5000000000000001,46128
Nord-du-Québec,INSTITUTIONNEL,21043049.5,2021,-0.8660254037844386,0.5000000000000001,46128
Nord-du-Québec,RÉSIDENTIEL,20206395.0,2021,-0.8660254037844386,0.5000000000000001,46128
Nord-du-Québec,AGRICOLE,97562.0,2021,-2.4492935982947064e-16,1.0,46128
Nord-du-Québec,INDUSTRIEL,74166559.79999998,2021,-2.4492935982947064e-16,1.0,46128
Nord-du-Québec,INSTITUTIONNEL,28998209.4,2021,-2.4492935982947064e-16,1.0,46128
Nord-du-Québec,RÉSIDENTIEL,40169342.0,2021,-2.4492935982947064e-16,1.0,46128
Nord-du-Québec,INDUSTRIEL,74050463.6,2022,0.49999999999999994,0.8660254037844387,46369
Nord-du-Québec,RÉSIDENTIEL,37292422.0,2022,1.0,6.123233995736766e-17,46369
Nord-du-Québec,AGRICOLE,75572.0,2022,0.8660254037844387,-0.4999999999999998,46369
Nord-du-Québec,COMMERCIAL,18486667.0,2022,0.8660254037844387,-0.4999999999999998,46369
Nord-du-Québec,INDUSTRIEL,65716188.8,2022,0.8660254037844387,-0.4999999999999998,46369
Nord-du-Québec,RÉSIDENTIEL,28463882.0,2022,0.8660254037844387,-0.4999999999999998,46369
Nord-du-Québec,INSTITUTIONNEL,21115114.7,2022,0.49999999999999994,-0.8660254037844387,46369
Nord-du-Québec,RÉSIDENTIEL,15539450.0,2022,1.2246467991473532e-16,-1.0,46369
Nord-du-Québec,RÉSIDENTIEL,14739140.0,2022,-0.8660254037844385,-0.5000000000000004,46369
Nord-du-Québec,RÉSIDENTIEL,,2022,-1.0,-1.8369701987210297e-16,46369
Nord-du-Québec,AGRICOLE,91969.0,2022,-2.4492935982947064e-16,1.0,46369
Nord-du-Québec,INDUSTRIEL,61654607.7,2022,-2.4492935982947064e-16,1.0,46369
Nord-du-Québec,INSTITUTIONNEL,27567875.3,2022,-2.4492935982947064e-16,1.0,46369
Nord-du-Québec,AGRICOLE,75325.0,2023,0.49999999999999994,0.8660254037844387,46650
Nord-du-Québec,COMMERCIAL,24187954.0,2023,0.49999999999999994,0.8660254037844387,46650
Nord-du-Québec,INDUSTRIEL,56529624.3,2023,0.8660254037844386,0.5000000000000001,46650
Nord-du-Québec,AGRICOLE,66132.0,2023,1.0,6.123233995736766e-17,46650
Nord-du-Québec,COMMERCIAL,23136669.0,2023,1.0,6.123233995736766e-17,46650
Nord-du-Québec,AGRICOLE,53696.0,2023,0.8660254037844387,-0.4999999999999998,46650
Nord-du-Québec,COMMERCIAL,18740614.0,2023,0.8660254037844387,-0.4999999999999998,46650
Nord-du-Québec,INDUSTRIEL,56488318.4,2023,0.8660254037844387,-0.4999999999999998,46650
Nord-du-Québec,COMMERCIAL,,2023,0.49999999999999994,-0.8660254037844387,46650
Nord-du-Québec,INSTITUTIONNEL,,2023,1.2246467991473532e-16,-1.0,46650
Nord-du-Québec,RÉSIDENTIEL,,2023,1.2246467991473532e-16,-1.0,46650
Nord-du-Québec,AGRICOLE,,2023,-0.8660254037844385,-0.5000000000000004,46650
Nord-du-Québec,INDUSTRIEL,,2023,-0.8660254037844385,-0.5000000000000004,46650
Nord-du-Québec,AGRICOLE,,2023,-1.0,-1.8369701987210297e-16,46650
Nord-du-Québec,INSTITUTIONNEL,,2023,-1.0,-1.8369701987210297e-16,46650
Nord-du-Québec,RÉSIDENTIEL,,2023,-1.0,-1.8369701987210297e-16,46650
Nord-du-Québec,AGRICOLE,90167.0,2023,-0.8660254037844386,0.5000000000000001,46650
Nord-du-Québec,INSTITUTIONNEL,20708944.1,2023,-0.8660254037844386,0.5000000000000001,46650
Nord-du-Québec,RÉSIDENTIEL,20137270.0,2023,-0.8660254037844386,0.5000000000000001,46650
Nord-du-Québec,INDUSTRIEL,57616997.2,2023,-0.5000000000000004,0.8660254037844384,46650
Nord-du-Québec,AGRICOLE,223141.0,2023,-2.4492935982947064e-16,1.0,46650
Nord-du-Québec,INDUSTRIEL,60704782.8,2023,-2.4492935982947064e-16,1.0,46650
Outaouais,INSTITUTIONNEL,,2016,0.49999999999999994,0.8660254037844387,385453
Outaouais,RÉSIDENTIEL,,2016,0.49999999999999994,0.8660254037844387,385453
Outaouais,AGRICOLE,,2016,0.8660254037844386,0.5000000000000001,385453
Outaouais,COMMERCIAL,,2016,0.8660254037844386,0.5000000000000001,385453
Outaouais,INSTITUTIONNEL,,2016,0.8660254037844386,0.5000000000000001,385453
Outaouais,COMMERCIAL,,2016,1.0,6.123233995736766e-17,385453
Outaouais,INDUSTRIEL,,2016,1.0,6.123233995736766e-17,385453
Outaouais,RÉSIDENTIEL,,2016,1.0,6.123233995736766e-17,385453
Outaouais,AGRICOLE,,2016,0.49999999999999994,-0.8660254037844387,385453
Outaouais,COMMERCIAL,,2016,0.49999999999999994,-0.8660254037844387,385453
Outaouais,INDUSTRIEL,,2016,0.49999999999999994,-0.8660254037844387,385453
Outaouais,COMMERCIAL,,2016,1.2246467991473532e-16,-1.0,385453
Outaouais,INDUSTRIEL,,2016,1.2246467991473532e-16,-1.0,385453
Outaouais,AGRICOLE,,2016,-0.4999999999999997,-0.8660254037844388,385453
Outaouais,INDUSTRIEL,,2016,-0.4999999999999997,-0.8660254037844388,385453
Outaouais,INSTITUTIONNEL,,2016,-0.4999999999999997,-0.8660254037844388,385453
Outaouais,RÉSIDENTIEL,,2016,-0.4999999999999997,-0.8660254037844388,385453
Outaouais,INDUSTRIEL,,2016,-0.8660254037844385,-0.5000000000000004,385453
Outaouais,INDUSTRIEL,,2016,-1.0,-1.8369701987210297e-16,385453
Outaouais,RÉSIDENTIEL,,2016,-1.0,-1.8369701987210297e-16,385453
Outaouais,AGRICOLE,,2016,-0.8660254037844386,0.5000000000000001,385453
Outaouais,RÉSIDENTIEL,,2016,-0.8660254037844386,0.5000000000000001,385453
Outaouais,AGRICOLE,,2016,-0.5000000000000004,0.8660254037844384,385453
Outaouais,COMMERCIAL,,2016,-0.5000000000000004,0.8660254037844384,385453
Outaouais,RÉSIDENTIEL,,2016,-0.5000000000000004,0.8660254037844384,385453
Outaouais,AGRICOLE,,2017,0.49999999999999994,0.8660254037844387,388992
Outaouais,COMMERCIAL,,2017,0.8660254037844386,0.5000000000000001,388992
Outaouais,AGRICOLE,,2017,1.0,6.123233995736766e-17,388992
Outaouais,INSTITUTIONNEL,,2017,1.0,6.123233995736766e-17,388992
Outaouais,INSTITUTIONNEL,,2017,1.2246467991473532e-16,-1.0,388992
Outaouais,RÉSIDENTIEL,,2017,1.2246467991473532e-16,-1.0,388992
Outaouais,INDUSTRIEL,,2017,-0.4999999999999997,-0.8660254037844388,388992
Outaouais,RÉSIDENTIEL,,2017,-0.4999999999999997,-0.8660254037844388,388992
Outaouais,AGRICOLE,,2017,-0.8660254037844385,-0.5000000000000004,388992
Outaouais,INDUSTRIEL,,2017,-0.8660254037844385,-0.5000000000000004,388992
Outaouais,RÉSIDENTIEL,,2017,-0.8660254037844385,-0.5000000000000004,388992
Outaouais,AGRICOLE,,2017,-1.0,-1.8369701987210297e-16,388992
Outaouais,COMMERCIAL,,2017,-1.0,-1.8369701987210297e-16,388992
Outaouais,COMMERCIAL,,2017,-0.8660254037844386,0.5000000000000001,388992
Outaouais,AGRICOLE,,2017,-2.4492935982947064e-16,1.0,388992
Outaouais,INDUSTRIEL,,2017,-2.4492935982947064e-16,1.0,388992
Outaouais,INSTITUTIONNEL,,2017,-2.4492935982947064e-16,1.0,388992
Outaouais,AGRICOLE,,2018,0.49999999999999994,0.8660254037844387,393568
Outaouais,RÉSIDENTIEL,,2018,0.49999999999999994,0.8660254037844387,393568
Outaouais,INDUSTRIEL,,2018,0.8660254037844386,0.5000000000000001,393568
Outaouais,AGRICOLE,,2018,1.0,6.123233995736766e-17,393568
Outaouais,INDUSTRIEL,,2018,1.0,6.123233995736766e-17,393568
Outaouais,INSTITUTIONNEL,,2018,1.0,6.123233995736766e-17,393568
Outaouais,AGRICOLE,,2018,0.49999999999999994,-0.8660254037844387,393568
Outaouais,INDUSTRIEL,,2018,0.49999999999999994,-0.8660254037844387,393568
Outaouais,COMMERCIAL,,2018,1.2246467991473532e-16,-1.0,393568
Outaouais,INSTITUTIONNEL,,2018,1.2246467991473532e-16,-1.0,393568
Outaouais,AGRICOLE,,2018,-0.4999999999999997,-0.8660254037844388,393568
Outaouais,INSTITUTIONNEL,,2018,-0.4999999999999997,-0.8660254037844388,393568
Outaouais,RÉSIDENTIEL,,2018,-0.4999999999999997,-0.8660254037844388,393568
Outaouais,INSTITUTIONNEL,,2018,-1.0,-1.8369701987210297e-16,393568
Outaouais,AGRICOLE,,2018,-0.8660254037844386,0.5000000000000001,393568
Outaouais,COMMERCIAL,,2018,-0.8660254037844386,0.5000000000000001,393568
Outaouais,INSTITUTIONNEL,,2018,-0.8660254037844386,0.5000000000000001,393568
Outaouais,RÉSIDENTIEL,,2018,-0.8660254037844386,0.5000000000000001,393568
Outaouais,INDUSTRIEL,,2018,-0.5000000000000004,0.8660254037844384,393568
Outaouais,AGRICOLE,,2018,-2.4492935982947064e-16,1.0,393568
Outaouais,COMMERCIAL,,2019,0.49999999999999994,0.8660254037844387,399090
Outaouais,INDUSTRIEL,,2019,0.49999999999999994,0.8660254037844387,399090
Outaouais,INSTITUTIONNEL,,2019,0.49999999999999994,0.8660254037844387,399090
Outaouais,RÉSIDENTIEL,,2019,0.49999999999999994,0.8660254037844387,399090
Outaouais,INDUSTRIEL,,2019,0.8660254037844386,0.5000000000000001,399090
Outaouais,INSTITUTIONNEL,,2019,0.8660254037844386,0.5000000000000001,399090
Outaouais,AGRICOLE,,2019,0.8660254037844387,-0.4999999999999998,399090
Outaouais,COMMERCIAL,,2019,0.8660254037844387,-0.4999999999999998,399090
Outaouais,INSTITUTIONNEL,,2019,0.8660254037844387,-0.4999999999999998,399090
Outaouais,AGRICOLE,,2019,0.49999999999999994,-0.8660254037844387,399090
Outaouais,RÉSIDENTIEL,,2019,1.2246467991473532e-16,-1.0,399090
Outaouais,INDUSTRIEL,,2019,-0.4999999999999997,-0.8660254037844388,399090
Outaouais,INSTITUTIONNEL,,2019,-0.8660254037844385,-0.5000000000000004,399090
Outaouais,AGRICOLE,,2019,-1.0,-1.8369701987210297e-16,399090
Outaouais,INSTITUTIONNEL,,2019,-1.0,-1.8369701987210297e-16,399090
Outaouais,INSTITUTIONNEL,31707674.9,2019,-0.8660254037844386,0.5000000000000001,399090
Outaouais,RÉSIDENTIEL,192840478.0,2019,-0.8660254037844386,0.5000000000000001,399090
Outaouais,COMMERCIAL,,2019,-0.5000000000000004,0.8660254037844384,399090
Outaouais,RÉSIDENTIEL,,2019,-2.4492935982947064e-16,1.0,399090
Outaouais,INSTITUTIONNEL,,2020,0.49999999999999994,0.8660254037844387,404058
Outaouais,AGRICOLE,,2020,0.8660254037844386,0.5000000000000001,404058
Outaouais,INDUSTRIEL,,2020,0.8660254037844386,0.5000000000000001,404058
Outaouais,AGRICOLE,,2020,1.0,6.123233995736766e-17,404058
Outaouais,COMMERCIAL,,2020,1.0,6.123233995736766e-17,404058
Outaouais,INSTITUTIONNEL,,2020,1.0,6.123233995736766e-17,404058
Outaouais,RÉSIDENTIEL,,2020,1.0,6.123233995736766e-17,404058
Outaouais,AGRICOLE,,2020,0.8660254037844387,-0.4999999999999998,404058
Outaouais,COMMERCIAL,,2020,0.8660254037844387,-0.4999999999999998,404058
Outaouais,INDUSTRIEL,,2020,0.8660254037844387,-0.4999999999999998,404058
Outaouais,RÉSIDENTIEL,,2020,0.8660254037844387,-0.4999999999999998,404058
Outaouais,AGRICOLE,,2020,0.49999999999999994,-0.8660254037844387,404058
Outaouais,INDUSTRIEL,,2020,0.49999999999999994,-0.8660254037844387,404058
Outaouais,AGRICOLE,,2020,1.2246467991473532e-16,-1.0,404058
Outaouais,INDUSTRIEL,,2020,1.2246467991473532e-16,-1.0,404058
Outaouais,COMMERCIAL,,2020,-1.0,-1.8369701987210297e-16,404058
Outaouais,AGRICOLE,,2020,-0.8660254037844386,0.5000000000000001,404058
Outaouais,COMMERCIAL,,2020,-0.8660254037844386,0.5000000000000001,404058
Outaouais,INSTITUTIONNEL,,2020,-0.8660254037844386,0.5000000000000001,404058
Outaouais,COMMERCIAL,,2020,-0.5000000000000004,0.8660254037844384,404058
Outaouais,INDUSTRIEL,,2020,-0.5000000000000004,0.8660254037844384,404058
Outaouais,RÉSIDENTIEL,,2020,-2.4492935982947064e-16,1.0,404058
Outaouais,AGRICOLE,,2021,0.8660254037844386,0.5000000000000001,408052
Outaouais,COMMERCIAL,,2021,0.8660254037844386,0.5000000000000001,408052
Outaouais,INDUSTRIEL,,2021,0.8660254037844386,0.5000000000000001,408052
Outaouais,AGRICOLE,,2021,1.0,6.123233995736766e-17,408052
Outaouais,INDUSTRIEL,,2021,0.8660254037844387,-0.4999999999999998,408052
Outaouais,INSTITUTIONNEL,,2021,0.8660254037844387,-0.4999999999999998,408052
Outaouais,AGRICOLE,,2021,0.49999999999999994,-0.8660254037844387,408052
Outaouais,COMMERCIAL,,2021,0.49999999999999994,-0.8660254037844387,408052
Outaouais,INSTITUTIONNEL,,2021,0.49999999999999994,-0.8660254037844387,408052
Outaouais,AGRICOLE,,2021,1.2246467991473532e-16,-1.0,408052
Outaouais,INDUSTRIEL,,2021,1.2246467991473532e-16,-1.0,408052
Outaouais,AGRICOLE,,2021,-0.8660254037844385,-0.5000000000000004,408052
Outaouais,INSTITUTIONNEL,,2021,-0.8660254037844385,-0.5000000000000004,408052
Outaouais,AGRICOLE,3067813.0,2021,-1.0,-1.8369701987210297e-16,408052
Outaouais,COMMERCIAL,75667692.6,2021,-1.0,-1.8369701987210297e-16,408052
Outaouais,INSTITUTIONNEL,29048001.1,2021,-1.0,-1.8369701987210297e-16,408052
Outaouais,COMMERCIAL,78371081.2,2021,-0.8660254037844386,0.5000000000000001,408052
Outaouais,RÉSIDENTIEL,185822435.0,2021,-0.8660254037844386,0.5000000000000001,408052
Outaouais,AGRICOLE,,2021,-0.5000000000000004,0.8660254037844384,408052
Outaouais,AGRICOLE,,2021,-2.4492935982947064e-16,1.0,408052
Outaouais,INSTITUTIONNEL,,2022,0.49999999999999994,0.8660254037844387,412121
Outaouais,AGRICOLE,,2022,0.8660254037844386,0.5000000000000001,412121
Outaouais,COMMERCIAL,,2022,0.8660254037844386,0.5000000000000001,412121
Outaouais,AGRICOLE,,2022,0.8660254037844387,-0.4999999999999998,412121
Outaouais,RÉSIDENTIEL,,2022,0.49999999999999994,-0.8660254037844387,412121
Outaouais,AGRICOLE,,2022,1.2246467991473532e-16,-1.0,412121
Outaouais,INDUSTRIEL,,2022,-0.4999999999999997,-0.8660254037844388,412121
Outaouais,RÉSIDENTIEL,,2022,-0.4999999999999997,-0.8660254037844388,412121
Outaouais,AGRICOLE,,2022,-0.8660254037844385,-0.5000000000000004,412121
Outaouais,AGRICOLE,,2022,-0.8660254037844386,0.5000000000000001,412121
Outaouais,INDUSTRIEL,,2022,-0.8660254037844386,0.5000000000000001,412121
Outaouais,AGRICOLE,,2022,-0.5000000000000004,0.8660254037844384,412121
Outaouais,INSTITUTIONNEL,,2022,-0.5000000000000004,0.8660254037844384,412121
Outaouais,COMMERCIAL,,2022,-2.4492935982947064e-16,1.0,412121
Outaouais,INDUSTRIEL,,2022,-2.4492935982947064e-16,1.0,412121
Outaouais,RÉSIDENTIEL,,2022,-2.4492935982947064e-16,1.0,412121
Outaouais,AGRICOLE,,2023,0.49999999999999994,0.8660254037844387,418011
Outaouais,INSTITUTIONNEL,,2023,0.49999999999999994,0.8660254037844387,418011
Outaouais,RÉSIDENTIEL,,2023,0.49999999999999994,0.8660254037844387,418011
Outaouais,COMMERCIAL,,2023,0.8660254037844386,0.5000000000000001,418011
Outaouais,INSTITUTIONNEL,,2023,0.8660254037844386,0.5000000000000001,418011
Outaouais,AGRICOLE,,2023,1.0,6.123233995736766e-17,418011
Outaouais,COMMERCIAL,,2023,0.8660254037844387,-0.4999999999999998,418011
Outaouais,COMMERCIAL,,2023,0.49999999999999994,-0.8660254037844387,418011
Outaouais,RÉSIDENTIEL,,2023,0.49999999999999994,-0.8660254037844387,418011
Outaouais,COMMERCIAL,,2023,1.2246467991473532e-16,-1.0,418011
Outaouais,INSTITUTIONNEL,,2023,1.2246467991473532e-16,-1.0,418011
Outaouais,COMMERCIAL,,2023,-0.4999999999999997,-0.8660254037844388,418011
Outaouais,INDUSTRIEL,,2023,-0.4999999999999997,-0.8660254037844388,418011
Outaouais,RÉSIDENTIEL,,2023,-0.4999999999999997,-0.8660254037844388,418011
Outaouais,COMMERCIAL,,2023,-0.8660254037844385,-0.5000000000000004,418011
Outaouais,INSTITUTIONNEL,,2023,-0.8660254037844385,-0.5000000000000004,418011
Outaouais,RÉSIDENTIEL,,2023,-0.8660254037844385,-0.5000000000000004,418011
Outaouais,INDUSTRIEL,,2023,-1.0,-1.8369701987210297e-16,418011
Outaouais,INDUSTRIEL,,2023,-0.8660254037844386,0.5000000000000001,418011
Outaouais,INSTITUTIONNEL,,2023,-0.8660254037844386,0.5000000000000001,418011
Outaouais,COMMERCIAL,,2023,-0.5000000000000004,0.8660254037844384,418011
Outaouais,INSTITUTIONNEL,,2023,-0.5000000000000004,0.8660254037844384,418011
Saguenay--Lac-Saint-Jean,INDUSTRIEL,188597966.53797457,2016,0.49999999999999994,0.8660254037844387,277020
Saguenay--Lac-Saint-Jean,AGRICOLE,8180195.0,2016,0.8660254037844386,0.5000000000000001,277020
Saguenay--Lac-Saint-Jean,COMMERCIAL,65836490.0,2016,0.8660254037844386,0.5000000000000001,277020
Saguenay--Lac-Saint-Jean,INSTITUTIONNEL,114813441.9451752,2016,0.8660254037844386,0.5000000000000001,277020
Saguenay--Lac-Saint-Jean,RÉSIDENTIEL,250583630.0,2016,0.8660254037844386,0.5000000000000001,277020
Saguenay--Lac-Saint-Jean,INSTITUTIONNEL,108390830.40603448,2016,1.0,6.123233995736766e-17,277020
Saguenay--Lac-Saint-Jean,AGRICOLE,6778334.0,2016,0.8660254037844387,-0.4999999999999998,277020
Saguenay--Lac-Saint-Jean,INDUSTRIEL,343856850.11999995,2016,0.8660254037844387,-0.4999999999999998,277020
Saguenay--Lac-Saint-Jean,RÉSIDENTIEL,182412171.0,2016,0.8660254037844387,-0.4999999999999998,277020
Saguenay--Lac-Saint-Jean,AGRICOLE,5924408.0,2016,0.49999999999999994,-0.8660254037844387,277020
Saguenay--Lac-Saint-Jean,COMMERCIAL,47155123.0,2016,0.49999999999999994,-0.8660254037844387,277020
Saguenay--Lac-Saint-Jean,RÉSIDENTIEL,100954515.0,2016,1.2246467991473532e-16,-1.0,277020
Saguenay--Lac-Saint-Jean,INSTITUTIONNEL,54725524.96874749,2016,-0.4999999999999997,-0.8660254037844388,277020
Saguenay--Lac-Saint-Jean,RÉSIDENTIEL,98465248.0,2016,-0.4999999999999997,-0.8660254037844388,277020
Saguenay--Lac-Saint-Jean,INDUSTRIEL,120301581.74951611,2016,-1.0,-1.8369701987210297e-16,277020
Saguenay--Lac-Saint-Jean,RÉSIDENTIEL,94696431.0,2016,-1.0,-1.8369701987210297e-16,277020
Saguenay--Lac-Saint-Jean,COMMERCIAL,48710673.6,2016,-0.8660254037844386,0.5000000000000001,277020
Saguenay--Lac-Saint-Jean,INDUSTRIEL,136405581.94619238,2016,-0.8660254037844386,0.5000000000000001,277020
Saguenay--Lac-Saint-Jean,INSTITUTIONNEL,83238694.92822582,2016,-0.5000000000000004,0.8660254037844384,277020
Saguenay--Lac-Saint-Jean,RÉSIDENTIEL,172645093.0,2016,-0.5000000000000004,0.8660254037844384,277020
Saguenay--Lac-Saint-Jean,INSTITUTIONNEL,123315635.48413016,2017,0.49999999999999994,0.8660254037844387,276369
Saguenay--Lac-Saint-Jean,RÉSIDENTIEL,273184856.0,2017,0.49999999999999994,0.8660254037844387,276369
Saguenay--Lac-Saint-Jean,COMMERCIAL,67554134.7,2017,0.8660254037844386,0.5000000000000001,276369
Saguenay--Lac-Saint-Jean,COMMERCIAL,69687070.7,2017,1.0,6.123233995736766e-17,276369
Saguenay--Lac-Saint-Jean,AGRICOLE,6869502.0,2017,0.8660254037844387,-0.4999999999999998,276369
Saguenay--Lac-Saint-Jean,INSTITUTIONNEL,81525222.06625,2017,0.8660254037844387,-0.4999999999999998,276369
Saguenay--Lac-Saint-Jean,AGRICOLE,6131051.0,2017,0.49999999999999994,-0.8660254037844387,276369
Saguenay--Lac-Saint-Jean,COMMERCIAL,48255019.9,2017,0.49999999999999994,-0.8660254037844387,276369
Saguenay--Lac-Saint-Jean,RÉSIDENTIEL,125037872.0,2017,0.49999999999999994,-0.8660254037844387,276369
Saguenay--Lac-Saint-Jean,INSTITUTIONNEL,55775016.565443546,2017,1.2246467991473532e-16,-1.0,276369
Saguenay--Lac-Saint-Jean,COMMERCIAL,47457299.5,2017,-0.4999999999999997,-0.8660254037844388,276369
Saguenay--Lac-Saint-Jean,INSTITUTIONNEL,54604396.55310484,2017,-0.4999999999999997,-0.8660254037844388,276369
Saguenay--Lac-Saint-Jean,INSTITUTIONNEL,56360511.09677419,2017,-0.8660254037844385,-0.5000000000000004,276369
Saguenay--Lac-Saint-Jean,INSTITUTIONNEL,57363834.46345431,2017,-1.0,-1.8369701987210297e-16,276369
Saguenay--Lac-Saint-Jean,INDUSTRIEL,147918258.12164223,2017,-0.8660254037844386,0.5000000000000001,276369
Saguenay--Lac-Saint-Jean,RÉSIDENTIEL,120777004.0,2017,-0.8660254037844386,0.5000000000000001,276369
Saguenay--Lac-Saint-Jean,AGRICOLE,8193773.0,2017,-0.5000000000000004,0.8660254037844384,276369
Saguenay--Lac-Saint-Jean,COMMERCIAL,63786617.9,2017,-0.5000000000000004,0.8660254037844384,276369
Saguenay--Lac-Saint-Jean,INSTITUTIONNEL,94731422.12759146,2017,-0.5000000000000004,0.8660254037844384,276369
Saguenay--Lac-Saint-Jean,RÉSIDENTIEL,205275406.0,2017,-0.5000000000000004,0.8660254037844384,276369
Saguenay--Lac-Saint-Jean,AGRICOLE,9699406.0,2017,-2.4492935982947064e-16,1.0,276369
Saguenay--Lac-Saint-Jean,INSTITUTIONNEL,129108946.37316965,2017,-2.4492935982947064e-16,1.0,276369
Saguenay--Lac-Saint-Jean,RÉSIDENTIEL,296480869.0,2017,-2.4492935982947064e-16,1.0,276369
Saguenay--Lac-Saint-Jean,INSTITUTIONNEL,137508523.28857598,2018,0.49999999999999994,0.8660254037844387,275916
Saguenay--Lac-Saint-Jean,AGRICOLE,8548002.0,2018,0.8660254037844386,0.5000000000000001,275916
Saguenay--Lac-Saint-Jean,INDUSTRIEL,218422108.08878648,2018,0.8660254037844387,-0.4999999999999998,275916
Saguenay--Lac-Saint-Jean,INDUSTRIEL,116736479.76276498,2018,1.2246467991473532e-16,-1.0,275916
Saguenay--Lac-Saint-Jean,INSTITUTIONNEL,57515650.22079301,2018,1.2246467991473532e-16,-1.0,275916
Saguenay--Lac-Saint-Jean,INSTITUTIONNEL,57644095.22636416,2018,-0.4999999999999997,-0.8660254037844388,275916
Saguenay--Lac-Saint-Jean,COMMERCIAL,53223368.9,2018,-0.8660254037844385,-0.5000000000000004,275916
Saguenay--Lac-Saint-Jean,AGRICOLE,7801295.0,2018,-0.8660254037844386,0.5000000000000001,275916
Saguenay--Lac-Saint-Jean,COMMERCIAL,61712676.7,2018,-0.8660254037844386,0.5000000000000001,275916
Saguenay--Lac-Saint-Jean,INDUSTRIEL,145113919.93988615,2018,-0.5000000000000004,0.8660254037844384,275916
Saguenay--Lac-Saint-Jean,INSTITUTIONNEL,101598964.3189516,2018,-0.5000000000000004,0.8660254037844384,275916
Saguenay--Lac-Saint-Jean,COMMERCIAL,79527774.6,2018,-2.4492935982947064e-16,1.0,275916
Saguenay--Lac-Saint-Jean,INDUSTRIEL,318108464.5226762,2018,-2.4492935982947064e-16,1.0,275916
Saguenay--Lac-Saint-Jean,INDUSTRIEL,344892420.54119474,2019,0.49999999999999994,0.8660254037844387,275882
Saguenay--Lac-Saint-Jean,RÉSIDENTIEL,317883482.0,2019,0.49999999999999994,0.8660254037844387,275882
Saguenay--Lac-Saint-Jean,INSTITUTIONNEL,112176545.98973216,2019,1.0,6.123233995736766e-17,275882
Saguenay--Lac-Saint-Jean,RÉSIDENTIEL,182509180.0,2019,0.8660254037844387,-0.4999999999999998,275882
Saguenay--Lac-Saint-Jean,INSTITUTIONNEL,71260031.9501613,2019,0.49999999999999994,-0.8660254037844387,275882
Saguenay--Lac-Saint-Jean,AGRICOLE,5688371.0,2019,1.2246467991473532e-16,-1.0,275882
Saguenay--Lac-Saint-Jean,COMMERCIAL,48123000.8,2019,1.2246467991473532e-16,-1.0,275882
Saguenay--Lac-Saint-Jean,INDUSTRIEL,110841434.2963568,2019,1.2246467991473532e-16,-1.0,275882
Saguenay--Lac-Saint-Jean,COMMERCIAL,51554298.3,2019,-0.4999999999999997,-0.8660254037844388,275882
Saguenay--Lac-Saint-Jean,INDUSTRIEL,124055973.10817204,2019,-0.4999999999999997,-0.8660254037844388,275882
Saguenay--Lac-Saint-Jean,RÉSIDENTIEL,101947256.0,2019,-0.4999999999999997,-0.8660254037844388,275882
Saguenay--Lac-Saint-Jean,COMMERCIAL,52200420.5,2019,-0.8660254037844385,-0.5000000000000004,275882
Saguenay--Lac-Saint-Jean,COMMERCIAL,49044115.1,2019,-1.0,-1.8369701987210297e-16,275882
Saguenay--Lac-Saint-Jean,INSTITUTIONNEL,61409380.20298387,2019,-1.0,-1.8369701987210297e-16,275882
Saguenay--Lac-Saint-Jean,RÉSIDENTIEL,103801286.0,2019,-1.0,-1.8369701987210297e-16,275882
Saguenay--Lac-Saint-Jean,RÉSIDENTIEL,215538502.0,2019,-0.5000000000000004,0.8660254037844384,275882
Saguenay--Lac-Saint-Jean,COMMERCIAL,80756457.6,2019,-2.4492935982947064e-16,1.0,275882
Saguenay--Lac-Saint-Jean,INDUSTRIEL,414226096.0605069,2019,-2.4492935982947064e-16,1.0,275882
Saguenay--Lac-Saint-Jean,INSTITUTIONNEL,121203809.6483871,2019,-2.4492935982947064e-16,1.0,275882
Saguenay--Lac-Saint-Jean,AGRICOLE,9814961.0,2020,0.49999999999999994,0.8660254037844387,276216
Saguenay--Lac-Saint-Jean,INDUSTRIEL,351881644.3314858,2020,0.8660254037844386,0.5000000000000001,276216
Saguenay--Lac-Saint-Jean,AGRICOLE,8726797.0,2020,1.0,6.123233995736766e-17,276216
Saguenay--Lac-Saint-Jean,INDUSTRIEL,407623602.7808876,2020,1.0,6.123233995736766e-17,276216
Saguenay--Lac-Saint-Jean,INSTITUTIONNEL,105986053.39784484,2020,1.0,6.123233995736766e-17,276216
Saguenay--Lac-Saint-Jean,AGRICOLE,6547791.0,2020,0.49999999999999994,-0.8660254037844387,276216
Saguenay--Lac-Saint-Jean,INSTITUTIONNEL,68854405.74790323,2020,0.49999999999999994,-0.8660254037844387,276216
Saguenay--Lac-Saint-Jean,INSTITUTIONNEL,56881413.50834678,2020,1.2246467991473532e-16,-1.0,276216
Saguenay--Lac-Saint-Jean,INSTITUTIONNEL,56750522.84810484,2020,-0.4999999999999997,-0.8660254037844388,276216
Saguenay--Lac-Saint-Jean,COMMERCIAL,52381895.9,2020,-0.8660254037844385,-0.5000000000000004,276216
Saguenay--Lac-Saint-Jean,RÉSIDENTIEL,106310589.0,2020,-0.8660254037844385,-0.5000000000000004,276216
Saguenay--Lac-Saint-Jean,COMMERCIAL,49683624.6,2020,-1.0,-1.8369701987210297e-16,276216
Saguenay--Lac-Saint-Jean,INDUSTRIEL,93165714.6320123,2020,-1.0,-1.8369701987210297e-16,276216
Saguenay--Lac-Saint-Jean,INSTITUTIONNEL,60081994.27436699,2020,-1.0,-1.8369701987210297e-16,276216
Saguenay--Lac-Saint-Jean,AGRICOLE,7871155.0,2020,-0.8660254037844386,0.5000000000000001,276216
Saguenay--Lac-Saint-Jean,INDUSTRIEL,96158140.44524196,2020,-0.8660254037844386,0.5000000000000001,276216
Saguenay--Lac-Saint-Jean,INSTITUTIONNEL,77439262.68231183,2020,-0.8660254037844386,0.5000000000000001,276216
Saguenay--Lac-Saint-Jean,RÉSIDENTIEL,195384447.0,2020,-0.5000000000000004,0.8660254037844384,276216
Saguenay--Lac-Saint-Jean,COMMERCIAL,86080285.0,2021,0.49999999999999994,0.8660254037844387,276563
Saguenay--Lac-Saint-Jean,INSTITUTIONNEL,121302430.51935482,2021,0.49999999999999994,0.8660254037844387,276563
Saguenay--Lac-Saint-Jean,AGRICOLE,8915826.0,2021,0.8660254037844386,0.5000000000000001,276563
Saguenay--Lac-Saint-Jean,COMMERCIAL,78570224.3,2021,0.8660254037844386,0.5000000000000001,276563
Saguenay--Lac-Saint-Jean,INDUSTRIEL,145533703.99917054,2021,0.8660254037844386,0.5000000000000001,276563
Saguenay--Lac-Saint-Jean,INSTITUTIONNEL,109794378.4047955,2021,0.8660254037844386,0.5000000000000001,276563
Saguenay--Lac-Saint-Jean,COMMERCIAL,76428466.5,2021,1.0,6.123233995736766e-17,276563
Saguenay--Lac-Saint-Jean,INDUSTRIEL,289802994.7354839,2021,1.0,6.123233995736766e-17,276563
Saguenay--Lac-Saint-Jean,INSTITUTIONNEL,105318214.96294644,2021,1.0,6.123233995736766e-17,276563
Saguenay--Lac-Saint-Jean,COMMERCIAL,55824196.4,2021,0.8660254037844387,-0.4999999999999998,276563
Saguenay--Lac-Saint-Jean,RÉSIDENTIEL,155673860.0,2021,0.8660254037844387,-0.4999999999999998,276563
Saguenay--Lac-Saint-Jean,AGRICOLE,6341780.0,2021,0.49999999999999994,-0.8660254037844387,276563
Saguenay--Lac-Saint-Jean,COMMERCIAL,49193614.3,2021,1.2246467991473532e-16,-1.0,276563
Saguenay--Lac-Saint-Jean,INSTITUTIONNEL,55929578.39698925,2021,1.2246467991473532e-16,-1.0,276563
Saguenay--Lac-Saint-Jean,RÉSIDENTIEL,106746116.0,2021,1.2246467991473532e-16,-1.0,276563
Saguenay--Lac-Saint-Jean,COMMERCIAL,51053957.4,2021,-0.4999999999999997,-0.8660254037844388,276563
Saguenay--Lac-Saint-Jean,INDUSTRIEL,385475178.5622043,2021,-0.4999999999999997,-0.8660254037844388,276563
Saguenay--Lac-Saint-Jean,AGRICOLE,6527176.0,2021,-0.8660254037844385,-0.5000000000000004,276563
Saguenay--Lac-Saint-Jean,AGRICOLE,6785622.0,2021,-1.0,-1.8369701987210297e-16,276563
Saguenay--Lac-Saint-Jean,AGRICOLE,7277644.0,2021,-0.8660254037844386,0.5000000000000001,276563
Saguenay--Lac-Saint-Jean,COMMERCIAL,72241125.8,2021,-0.5000000000000004,0.8660254037844384,276563
Saguenay--Lac-Saint-Jean,INSTITUTIONNEL,89146878.43548387,2021,-0.5000000000000004,0.8660254037844384,276563
Saguenay--Lac-Saint-Jean,RÉSIDENTIEL,191102152.0,2021,-0.5000000000000004,0.8660254037844384,276563
Saguenay--Lac-Saint-Jean,COMMERCIAL,96565164.5,2021,-2.4492935982947064e-16,1.0,276563
Saguenay--Lac-Saint-Jean,RÉSIDENTIEL,289446575.0,2021,-2.4492935982947064e-16,1.0,276563
Saguenay--Lac-Saint-Jean,INDUSTRIEL,374157445.2164747,2022,0.49999999999999994,0.8660254037844387,279422
Saguenay--Lac-Saint-Jean,INDUSTRIEL,350669319.1575292,2022,0.8660254037844386,0.5000000000000001,279422
Saguenay--Lac-Saint-Jean,INSTITUTIONNEL,122637360.45309736,2022,0.8660254037844386,0.5000000000000001,279422
Saguenay--Lac-Saint-Jean,INSTITUTIONNEL,113008161.47738096,2022,1.0,6.123233995736766e-17,279422
Saguenay--Lac-Saint-Jean,INSTITUTIONNEL,84305335.56333333,2022,0.8660254037844387,-0.4999999999999998,279422
Saguenay--Lac-Saint-Jean,INSTITUTIONNEL,66097330.933440864,2022,0.49999999999999994,-0.8660254037844387,279422
Saguenay--Lac-Saint-Jean,RÉSIDENTIEL,127946197.0,2022,0.49999999999999994,-0.8660254037844387,279422
Saguenay--Lac-Saint-Jean,COMMERCIAL,57890265.6,2022,1.2246467991473532e-16,-1.0,279422
Saguenay--Lac-Saint-Jean,INDUSTRIEL,106273676.45886327,2022,1.2246467991473532e-16,-1.0,279422
Saguenay--Lac-Saint-Jean,INSTITUTIONNEL,57019551.63322581,2022,1.2246467991473532e-16,-1.0,279422
Saguenay--Lac-Saint-Jean,RÉSIDENTIEL,109388421.0,2022,1.2246467991473532e-16,-1.0,279422
Saguenay--Lac-Saint-Jean,AGRICOLE,6372716.0,2022,-0.4999999999999997,-0.8660254037844388,279422
Saguenay--Lac-Saint-Jean,RÉSIDENTIEL,109460566.0,2022,-0.4999999999999997,-0.8660254037844388,279422
Saguenay--Lac-Saint-Jean,AGRICOLE,6437034.0,2022,-0.8660254037844385,-0.5000000000000004,279422
Saguenay--Lac-Saint-Jean,AGRICOLE,6826314.0,2022,-1.0,-1.8369701987210297e-16,279422
Saguenay--Lac-Saint-Jean,INDUSTRIEL,231875288.6170814,2022,-1.0,-1.8369701987210297e-16,279422
Saguenay--Lac-Saint-Jean,COMMERCIAL,67136643.9,2022,-0.8660254037844386,0.5000000000000001,279422
Saguenay--Lac-Saint-Jean,INDUSTRIEL,350586147.48384017,2022,-0.8660254037844386,0.5000000000000001,279422
Saguenay--Lac-Saint-Jean,RÉSIDENTIEL,126722691.0,2022,-0.8660254037844386,0.5000000000000001,279422
Saguenay--Lac-Saint-Jean,AGRICOLE,9186068.0,2022,-2.4492935982947064e-16,1.0,279422
Saguenay--Lac-Saint-Jean,RÉSIDENTIEL,258885098.0,2022,-2.4492935982947064e-16,1.0,279422
Saguenay--Lac-Saint-Jean,COMMERCIAL,101026426.6,2023,0.49999999999999994,0.8660254037844387,282690
Saguenay--Lac-Saint-Jean,INDUSTRIEL,264292224.84792623,2023,0.49999999999999994,0.8660254037844387,282690
Saguenay--Lac-Saint-Jean,INSTITUTIONNEL,122922180.56162402,2023,0.49999999999999994,0.8660254037844387,282690
Saguenay--Lac-Saint-Jean,RÉSIDENTIEL,291633721.0,2023,0.49999999999999994,0.8660254037844387,282690
Saguenay--Lac-Saint-Jean,INDUSTRIEL,277761196.67161834,2023,0.8660254037844386,0.5000000000000001,282690
Saguenay--Lac-Saint-Jean,RÉSIDENTIEL,282073397.0,2023,0.8660254037844386,0.5000000000000001,282690
Saguenay--Lac-Saint-Jean,COMMERCIAL,83002263.1,2023,1.0,6.123233995736766e-17,282690
Saguenay--Lac-Saint-Jean,AGRICOLE,7018320.0,2023,0.8660254037844387,-0.4999999999999998,282690
Saguenay--Lac-Saint-Jean,COMMERCIAL,63414824.5,2023,0.8660254037844387,-0.4999999999999998,282690
Saguenay--Lac-Saint-Jean,INDUSTRIEL,272709594.3730221,2023,0.8660254037844387,-0.4999999999999998,282690
Saguenay--Lac-Saint-Jean,INSTITUTIONNEL,80762609.49333332,2023,0.8660254037844387,-0.4999999999999998,282690
Saguenay--Lac-Saint-Jean,COMMERCIAL,57354577.8,2023,0.49999999999999994,-0.8660254037844387,282690
Saguenay--Lac-Saint-Jean,INDUSTRIEL,366424237.8655606,2023,1.2246467991473532e-16,-1.0,282690
Saguenay--Lac-Saint-Jean,RÉSIDENTIEL,107215453.0,2023,-0.8660254037844385,-0.5000000000000004,282690
Saguenay--Lac-Saint-Jean,AGRICOLE,7744366.0,2023,-0.8660254037844386,0.5000000000000001,282690
Saguenay--Lac-Saint-Jean,INSTITUTIONNEL,65731528.91279569,2023,-0.8660254037844386,0.5000000000000001,282690
Saguenay--Lac-Saint-Jean,RÉSIDENTIEL,123632735.0,2023,-0.8660254037844386,0.5000000000000001,282690
Saguenay--Lac-Saint-Jean,INDUSTRIEL,268463947.9106022,2023,-0.5000000000000004,0.8660254037844384,282690
